trial,score,best_so_far,peak_timing,best_peak_timing,peak_height,best_peak_height,crash_ratio,best_crash_ratio
0,3.961801377540086,3.961801377540086,10,10,0.2508974600067259,0.2508974600067259,0.6212898749527407,0.6212898749527407
1,1.331082426732842,1.331082426732842,12,12,0.37193974692133763,0.37193974692133763,0.8377819673022958,0.8377819673022958
2,2.2613424696026256,1.331082426732842,16,12,0.23288607500664496,0.37193974692133763,0.09999999999999953,0.8377819673022958
3,1.7330459000960179,1.331082426732842,18,12,0.5298520199957388,0.37193974692133763,0.09999999987153196,0.8377819673022958
4,3.8323671939558115,1.331082426732842,15,12,0.4476360314811266,0.37193974692133763,0.09999999999306279,0.8377819673022958
5,1.5328978465957201,1.331082426732842,14,12,0.3438151515393614,0.37193974692133763,0.07147160333079904,0.8377819673022958
6,1.026012047992153,1.026012047992153,1,1,0.21009983798601695,0.21009983798601695,0.043356527137586365,0.043356527137586365
7,31.172210861537362,1.026012047992153,2,1,3.2965060201249434,0.21009983798601695,0.17294749747616114,0.043356527137586365
8,15.081718216700706,1.026012047992153,12,1,0.892324806301996,0.21009983798601695,0.6144527538404163,0.043356527137586365
9,0.8053794430911402,0.8053794430911402,19,19,0.7055088791809423,0.7055088791809423,0.3768546974790413,0.3768546974790413
10,1.8282085078678085,0.8053794430911402,14,19,0.5252151558834045,0.7055088791809423,0.09999999999999012,0.3768546974790413
11,2.571338552836478,0.8053794430911402,16,19,0.07020734879469645,0.7055088791809423,0.09999999999951367,0.3768546974790413
12,3.1745195532495893,0.8053794430911402,10,19,0.2603610157059516,0.7055088791809423,0.04582020177559895,0.3768546974790413
13,134.4828283138704,0.8053794430911402,5,19,3.6410772191967267,0.7055088791809423,0.8563537708083032,0.3768546974790413
14,1.869260266751349,0.8053794430911402,18,19,0.37280748828144106,0.7055088791809423,0.09999999999999999,0.3768546974790413
15,2.2322421819605225,0.8053794430911402,15,19,0.26620471701653237,0.7055088791809423,0.09999999999999698,0.3768546974790413
16,1.0708541627177532,0.8053794430911402,3,19,0.312387959829591,0.7055088791809423,0.057876147945994605,0.3768546974790413
17,10.221682159864738,0.8053794430911402,8,19,0.4585650232220281,0.7055088791809423,0.8308653400948754,0.3768546974790413
18,8.325560086668041,0.8053794430911402,0,19,1.3478891608624282,0.7055088791809423,0.2608600047497589,0.3768546974790413
19,2.430318165554473,0.8053794430911402,16,19,0.12178174066670472,0.7055088791809423,0.09999999999999974,0.3768546974790413
20,0.24715045367028232,0.24715045367028232,0,0,0.08273827537722725,0.08273827537722725,0.07468729464726963,0.07468729464726963
21,1.453823478873259,0.24715045367028232,18,0,0.6010167559527996,0.08273827537722725,0.0506922821996009,0.07468729464726963
22,4.183382321231466,0.24715045367028232,16,0,0.7017582434433058,0.08273827537722725,0.09999999998475508,0.07468729464726963
23,1.7496025650232536,0.24715045367028232,18,0,0.6231938180309855,0.08273827537722725,0.0999999999853186,0.07468729464726963
24,71.19138006739472,0.24715045367028232,15,0,2.5277820532143815,0.08273827537722725,0.9,0.07468729464726963
25,2.81704075054279,0.24715045367028232,15,0,0.040752771953513005,0.08273827537722725,0.09999999920586748,0.07468729464726963
26,2.4204131474886488,0.24715045367028232,14,0,0.13382354035802696,0.08273827537722725,0.8999819185767812,0.07468729464726963
27,8.391330854366794,0.24715045367028232,2,0,0.6009920493490287,0.08273827537722725,0.7992160325665444,0.07468729464726963
28,1.8277461744936772,0.24715045367028232,18,0,0.4339073880539321,0.08273827537722725,0.1,0.07468729464726963
29,27.536606923289494,0.24715045367028232,9,0,1.2197505078221857,0.08273827537722725,0.882713653902559,0.07468729464726963
30,5.0217976800768716,0.24715045367028232,15,0,0.26829779760871286,0.08273827537722725,0.4339896430274973,0.07468729464726963
31,1.488335907968426,0.24715045367028232,19,0,0.637316968955498,0.08273827537722725,0.06365685336022109,0.07468729464726963
32,21.684557978450194,0.24715045367028232,15,0,1.0915428811667949,0.08273827537722725,0.9,0.07468729464726963
33,1.7678076203944637,0.24715045367028232,19,0,0.5409142234881312,0.08273827537722725,0.1,0.07468729464726963
34,2.133920722076972,0.24715045367028232,17,0,0.17825334032957704,0.08273827537722725,0.09999999997849214,0.07468729464726963
35,0.994400724599013,0.24715045367028232,5,0,0.33099475673816575,0.08273827537722725,0.04477509866086743,0.07468729464726963
36,1.6246141037469384,0.24715045367028232,19,0,0.5548989264864733,0.08273827537722725,0.099999986561539,0.07468729464726963
37,1.7948263647043936,0.24715045367028232,18,0,0.5803453187526331,0.08273827537722725,0.09999999999999531,0.07468729464726963
38,2.0491924684978047,0.24715045367028232,18,0,0.2895615548176876,0.08273827537722725,0.09999999992101306,0.07468729464726963
39,178.45780519751736,0.24715045367028232,15,0,4.478506573504099,0.08273827537722725,0.9,0.07468729464726963
40,16.86756666183183,0.24715045367028232,11,0,0.7983924392806526,0.08273827537722725,0.8218465074400589,0.07468729464726963
41,5.861592978870549,0.24715045367028232,14,0,0.831752666432524,0.08273827537722725,0.09999999999901753,0.07468729464726963
42,1.0224114693376471,0.24715045367028232,15,0,0.32094437738194653,0.08273827537722725,0.9,0.07468729464726963
43,2.2500497933554513,0.24715045367028232,17,0,0.2028943225395668,0.08273827537722725,0.09999999999965399,0.07468729464726963
44,25.285339407945454,0.24715045367028232,8,0,1.3579282825341523,0.08273827537722725,0.8997102393256329,0.07468729464726963
45,2.3400359726531477,0.24715045367028232,12,0,0.026004315945487178,0.08273827537722725,0.8973766449274317,0.07468729464726963
46,2.1294757579020183,0.24715045367028232,17,0,0.3048215520233291,0.08273827537722725,0.09999999540014345,0.07468729464726963
47,6.379005673585992,0.24715045367028232,8,0,1.5849072544854566,0.08273827537722725,0.014047285459937803,0.07468729464726963
48,1.2337615521767442,0.24715045367028232,11,0,0.5961778562514666,0.08273827537722725,0.2374394798444203,0.07468729464726963
49,25.17506662804844,0.24715045367028232,13,0,1.464701242639934,0.08273827537722725,0.5200003246994219,0.07468729464726963
50,0.13942306151467332,0.13942306151467332,1,1,0.061193967881452406,0.061193967881452406,0.07486489234773379,0.07486489234773379
51,3.1350753752111786,0.13942306151467332,15,1,0.02827799669764805,0.061193967881452406,0.9,0.07486489234773379
52,5.428381064318915,0.13942306151467332,8,1,0.08261961466529523,0.061193967881452406,0.8898246695872046,0.07486489234773379
53,1.5949472529501287,0.13942306151467332,8,1,0.004060541343471414,0.061193967881452406,0.024206076169108234,0.07486489234773379
54,3.154278018097885,0.13942306151467332,12,1,0.06614333495221275,0.061193967881452406,0.0999999999870633,0.07486489234773379
55,47.463379319479884,0.13942306151467332,3,1,1.7813176531006878,0.061193967881452406,0.8913266473236994,0.07486489234773379
56,0.6536996375249227,0.13942306151467332,11,1,0.5477397724148276,0.061193967881452406,0.4442766852980694,0.07486489234773379
57,4.900631310232746,0.13942306151467332,7,1,0.3977772048744466,0.061193967881452406,0.4433304222763653,0.07486489234773379
58,2.9832023692270044,0.13942306151467332,16,1,0.20167925065839518,0.061193967881452406,0.09999999996080901,0.07486489234773379
59,60.78526927491361,0.13942306151467332,1,1,2.1525796931683656,0.061193967881452406,0.8935769902983971,0.07486489234773379
60,4.769373527925839,0.13942306151467332,14,1,0.8583079999078898,0.061193967881452406,0.892401997354987,0.07486489234773379
61,1.889419866484012,0.13942306151467332,13,1,0.41239685904037005,0.061193967881452406,0.09999999969343129,0.07486489234773379
62,1.524272448589754,0.13942306151467332,18,1,0.5856033725430984,0.061193967881452406,0.046831184327362704,0.07486489234773379
63,1.9821709762035953,0.13942306151467332,14,1,0.016702643771359434,0.061193967881452406,0.33170773453586155,0.07486489234773379
64,23.238483083651005,0.13942306151467332,14,1,1.3850664781151423,0.061193967881452406,0.8937224396904071,0.07486489234773379
65,10.15374630561334,0.13942306151467332,15,1,0.6812437084025066,0.061193967881452406,0.9,0.07486489234773379
66,42.93992105606222,0.13942306151467332,1,1,2.4493595926643548,0.061193967881452406,0.7474174534228069,0.07486489234773379
67,21.369215257807443,0.13942306151467332,1,1,1.2749622074623577,0.061193967881452406,0.7373006263501359,0.07486489234773379
68,28.807797937957744,0.13942306151467332,5,1,1.374467647236336,0.061193967881452406,0.8707959919424082,0.07486489234773379
69,1.2064078403083314,0.13942306151467332,14,1,0.296707104179671,0.061193967881452406,0.22516092012759045,0.07486489234773379
70,38.091293938031676,0.13942306151467332,1,1,2.0489653449642793,0.061193967881452406,0.8378566022552546,0.07486489234773379
71,31.71307310610597,0.13942306151467332,15,1,1.9569907289149484,0.061193967881452406,0.9,0.07486489234773379
72,1.2496942519847625,0.13942306151467332,7,1,0.609981949392354,0.061193967881452406,0.033123921808349055,0.07486489234773379
73,9.09030936036095,0.13942306151467332,1,1,0.3384388107303393,0.061193967881452406,0.8921252606718545,0.07486489234773379
74,2.1133829322883586,0.13942306151467332,14,1,0.20718292617691025,0.061193967881452406,0.6196925289323779,0.07486489234773379
75,34.723241755395044,0.13942306151467332,6,1,2.5039421472734142,0.061193967881452406,0.6621579427332893,0.07486489234773379
76,0.9248198625144685,0.13942306151467332,6,1,0.5351568320148241,0.061193967881452406,0.0999996742853496,0.07486489234773379
77,76.79182225454421,0.13942306151467332,11,1,2.56074185458216,0.061193967881452406,0.8032376354481664,0.07486489234773379
78,9.630347798260704,0.13942306151467332,12,1,0.4454270996436267,0.061193967881452406,0.7957467086112082,0.07486489234773379
79,82.42066637728506,0.13942306151467332,8,1,2.8307239133503446,0.061193967881452406,0.7650692883850991,0.07486489234773379
80,1.7591410585092193,0.13942306151467332,18,1,0.582918200356833,0.061193967881452406,0.1,0.07486489234773379
81,32.151797673563365,0.13942306151467332,10,1,1.308847270892962,0.061193967881452406,0.8747057185498461,0.07486489234773379
82,1.9905592525985771,0.13942306151467332,17,1,0.40178723377211994,0.061193967881452406,0.09999999999999426,0.07486489234773379
83,33.25105676691427,0.13942306151467332,1,1,1.425793185228468,0.061193967881452406,0.8936662235018503,0.07486489234773379
84,5.841292187629992,0.13942306151467332,11,1,0.28701243874157345,0.061193967881452406,0.6411112381698121,0.07486489234773379
85,30.200883287693465,0.13942306151467332,11,1,1.800952822173017,0.061193967881452406,0.5454569122050346,0.07486489234773379
86,2.0962588310105716,0.13942306151467332,17,1,0.2072713371073334,0.061193967881452406,0.09999999999999393,0.07486489234773379
87,1.558430156694848,0.13942306151467332,17,1,0.34492751201872407,0.061193967881452406,0.06795011944570598,0.07486489234773379
88,130.43243507299908,0.13942306151467332,7,1,3.337376281948155,0.061193967881452406,0.8918772267997089,0.07486489234773379
89,10.590453832298365,0.13942306151467332,12,1,0.5776670558041579,0.061193967881452406,0.8993245555776364,0.07486489234773379
90,19.808680478119257,0.13942306151467332,6,1,0.8878053327591421,0.061193967881452406,0.8629599923954286,0.07486489234773379
91,88.8709549285417,0.13942306151467332,3,1,2.72211331470944,0.061193967881452406,0.8896237674765654,0.07486489234773379
92,1.6670755373731585,0.13942306151467332,14,1,0.17130051924628817,0.061193967881452406,0.4720552928898879,0.07486489234773379
93,0.7320476175096399,0.13942306151467332,5,1,0.5759010404133078,0.061193967881452406,0.12915731178843132,0.07486489234773379
94,2.239160861155648,0.13942306151467332,17,1,0.10034493909363634,0.061193967881452406,0.09999999998162501,0.07486489234773379
95,0.9470211406482664,0.13942306151467332,19,1,0.7102986992058377,0.061193967881452406,0.41336086070599276,0.07486489234773379
96,1.4005946022313813,0.13942306151467332,19,1,0.7371425109685155,0.061193967881452406,0.02493778832607023,0.07486489234773379
97,1.8687124167549813,0.13942306151467332,18,1,0.47186923523946694,0.061193967881452406,0.0999999999755892,0.07486489234773379
98,1.7547562951139288,0.13942306151467332,18,1,0.5972028841053315,0.061193967881452406,0.1,0.07486489234773379
99,8.0122748263384,0.13942306151467332,3,1,0.6938269662600424,0.061193967881452406,0.6685992416647591,0.07486489234773379
100,11.605445512172965,0.13942306151467332,1,1,0.869755241722252,0.061193967881452406,0.806527610282479,0.07486489234773379
101,17.146954720330026,0.13942306151467332,10,1,1.0124937869088944,0.061193967881452406,0.6418936053694532,0.07486489234773379
102,46.7713888941561,0.13942306151467332,7,1,1.7532419914716948,0.061193967881452406,0.8781618031695985,0.07486489234773379
103,129.90003325735907,0.13942306151467332,15,1,3.5981614859598237,0.061193967881452406,0.9,0.07486489234773379
104,1.0757161396420831,0.13942306151467332,19,1,0.6564326376890388,0.061193967881452406,0.10241202261870821,0.07486489234773379
105,5.969413384509078,0.13942306151467332,15,1,0.6544894964265431,0.061193967881452406,0.9,0.07486489234773379
106,25.7107712779554,0.13942306151467332,14,1,2.5215358878304426,0.061193967881452406,0.8955606764629065,0.07486489234773379
107,0.9464394792282638,0.13942306151467332,5,1,0.42200270821030966,0.061193967881452406,0.08303880479427451,0.07486489234773379
108,66.99966618659066,0.13942306151467332,3,1,3.142615411454244,0.061193967881452406,0.8560982717376475,0.07486489234773379
109,10.726481299445899,0.13942306151467332,12,1,0.4303424859697596,0.061193967881452406,0.8543329898213908,0.07486489234773379
110,2.3256558468796946,0.13942306151467332,17,1,0.16946775863996125,0.061193967881452406,0.09999999976777157,0.07486489234773379
111,4.164054536189453,0.13942306151467332,14,1,0.07589426574461205,0.061193967881452406,0.6689384153973322,0.07486489234773379
112,4.91006584951428,0.13942306151467332,14,1,0.6242918607800707,0.061193967881452406,0.09999999999289437,0.07486489234773379
113,2.6954036492202547,0.13942306151467332,8,1,0.27830059289475934,0.061193967881452406,0.2999414648962344,0.07486489234773379
114,0.5989896616624572,0.13942306151467332,8,1,0.6291101109971412,0.061193967881452406,0.6410436170001278,0.07486489234773379
115,1.4438476927719404,0.13942306151467332,14,1,0.5384541025745093,0.061193967881452406,0.8637465317279954,0.07486489234773379
116,75.46586318841695,0.13942306151467332,9,1,3.6325877835610245,0.061193967881452406,0.4423309674376963,0.07486489234773379
117,89.74612674544514,0.13942306151467332,15,1,3.325656682190961,0.061193967881452406,0.9,0.07486489234773379
118,3.540770220420791,0.13942306151467332,15,1,0.2899011043770719,0.061193967881452406,0.9,0.07486489234773379
119,56.486802910108146,0.13942306151467332,15,1,2.262236632727953,0.061193967881452406,0.9,0.07486489234773379
120,8.446414444445095,0.13942306151467332,15,1,0.5532921675688666,0.061193967881452406,0.9,0.07486489234773379
121,10.876304024026062,0.13942306151467332,15,1,1.0478476747190157,0.061193967881452406,0.9,0.07486489234773379
122,0.781692568103088,0.13942306151467332,4,1,0.2135315347863431,0.061193967881452406,0.08401285737588247,0.07486489234773379
123,73.68371019528362,0.13942306151467332,12,1,2.3026131770887006,0.061193967881452406,0.8808383618737031,0.07486489234773379
124,22.780662998342827,0.13942306151467332,15,1,1.3199393143354883,0.061193967881452406,0.9,0.07486489234773379
125,0.6804637113391182,0.13942306151467332,15,1,0.5512081574553529,0.061193967881452406,0.9,0.07486489234773379
126,63.91804347311004,0.13942306151467332,10,1,2.4462013407978223,0.061193967881452406,0.7380349182253488,0.07486489234773379
127,2.0953684211316657,0.13942306151467332,17,1,0.23140476135465812,0.061193967881452406,0.09999999999992107,0.07486489234773379
128,4.605769005253334,0.13942306151467332,13,1,0.46360623559301833,0.061193967881452406,0.09999999996979249,0.07486489234773379
129,2.2559747109285504,0.13942306151467332,12,1,0.12868415557389032,0.061193967881452406,0.09999999997784932,0.07486489234773379
130,4.330408431643968,0.13942306151467332,15,1,0.19012622180037084,0.061193967881452406,0.9,0.07486489234773379
131,2.976904538637922,0.13942306151467332,14,1,0.03745616256935551,0.061193967881452406,0.09999999921090036,0.07486489234773379
132,8.74274731865421,0.13942306151467332,10,1,0.647271726682559,0.061193967881452406,0.3399204679336435,0.07486489234773379
133,154.51041779548956,0.13942306151467332,1,1,3.777949817682951,0.061193967881452406,0.8933052158748871,0.07486489234773379
134,3.8790499913306147,0.13942306151467332,6,1,0.8355523343332496,0.061193967881452406,0.04878517200689419,0.07486489234773379
135,1.6064730596052048,0.13942306151467332,19,1,0.8127845450707605,0.061193967881452406,0.08837975253928071,0.07486489234773379
136,30.200293536510276,0.13942306151467332,11,1,1.290209714483756,0.061193967881452406,0.8393554280359222,0.07486489234773379
137,72.67462443586385,0.13942306151467332,4,1,2.8477625595001608,0.061193967881452406,0.8421933428805091,0.07486489234773379
138,0.6333495152216111,0.13942306151467332,15,1,0.6394434966792477,0.061193967881452406,0.9,0.07486489234773379
139,10.82343032056859,0.13942306151467332,15,1,0.5345169109771034,0.061193967881452406,0.9,0.07486489234773379
140,2.5838648327265004,0.13942306151467332,15,1,0.045050768355872135,0.061193967881452406,0.9,0.07486489234773379
141,5.076741659215511,0.13942306151467332,8,1,0.9421194190120947,0.061193967881452406,0.1290324364128847,0.07486489234773379
142,4.60799132284061,0.13942306151467332,6,1,0.7234441896410333,0.061193967881452406,0.001058363741822027,0.07486489234773379
143,0.7606453923228534,0.13942306151467332,3,1,0.016815215525705716,0.061193967881452406,0.08076277558303491,0.07486489234773379
144,25.4748678804607,0.13942306151467332,11,1,1.0320834007349657,0.061193967881452406,0.8898036083813251,0.07486489234773379
145,46.90236009051133,0.13942306151467332,3,1,1.8563520766187522,0.061193967881452406,0.8890375159706162,0.07486489234773379
146,3.5155149375257793,0.13942306151467332,12,1,0.24718742004191954,0.061193967881452406,0.8920328016566049,0.07486489234773379
147,1.557194315401905,0.13942306151467332,14,1,0.7734455131591826,0.061193967881452406,0.6824650277177667,0.07486489234773379
148,4.685709878359926,0.13942306151467332,9,1,0.5554023578794426,0.061193967881452406,0.09662360081068563,0.07486489234773379
149,2.373285839216047,0.13942306151467332,15,1,0.11797424347490393,0.061193967881452406,0.9,0.07486489234773379
150,2.0974650189041806,0.13942306151467332,18,1,0.18672952056479683,0.061193967881452406,0.09999999999703096,0.07486489234773379
151,2.0796511955148635,0.13942306151467332,17,1,0.3411617530799299,0.061193967881452406,0.1,0.07486489234773379
152,88.72117712204242,0.13942306151467332,10,1,3.0877970704057756,0.061193967881452406,0.897938167509361,0.07486489234773379
153,51.63357881624273,0.13942306151467332,1,1,1.7818457185821048,0.061193967881452406,0.893251008554238,0.07486489234773379
154,213.86754696799917,0.13942306151467332,7,1,4.564715632391544,0.061193967881452406,0.8756848289049011,0.07486489234773379
155,49.43236896494002,0.13942306151467332,2,1,2.5632470671526053,0.061193967881452406,0.7383333081914492,0.07486489234773379
156,1.7112556309769402,0.13942306151467332,12,1,0.26558141238498834,0.061193967881452406,0.09999999991657502,0.07486489234773379
157,11.970749119643418,0.13942306151467332,8,1,0.5109158224840474,0.061193967881452406,0.86608226388466,0.07486489234773379
158,69.28402011617572,0.13942306151467332,11,1,2.8688221725691982,0.061193967881452406,0.626631905817374,0.07486489234773379
159,2.170619918732316,0.13942306151467332,17,1,0.18665606204017574,0.061193967881452406,0.09999999999882644,0.07486489234773379
160,2.0319009221421735,0.13942306151467332,18,1,0.3313850476317329,0.061193967881452406,0.09999999999994189,0.07486489234773379
161,0.8681541791498976,0.13942306151467332,3,1,0.22045055074023215,0.061193967881452406,0.0966778313950167,0.07486489234773379
162,8.815564673418447,0.13942306151467332,13,1,0.47911814842692113,0.061193967881452406,0.6288473676559039,0.07486489234773379
163,100.20041044376899,0.13942306151467332,1,1,2.9304204204745106,0.061193967881452406,0.8932788626332143,0.07486489234773379
164,2.5743147817063203,0.13942306151467332,16,1,0.06466953016141531,0.061193967881452406,0.09999999999997582,0.07486489234773379
165,0.7491474286604434,0.13942306151467332,19,1,0.7038857950598065,0.061193967881452406,0.4751869427504658,0.07486489234773379
166,68.72794522011067,0.13942306151467332,4,1,3.2138324346753473,0.061193967881452406,0.882926654229275,0.07486489234773379
167,8.40819913330853,0.13942306151467332,15,1,1.125500531496584,0.061193967881452406,0.9,0.07486489234773379
168,112.75167142946538,0.13942306151467332,4,1,3.175052243064739,0.061193967881452406,0.8884371793845649,0.07486489234773379
169,1.9096401561375846,0.13942306151467332,17,1,0.48714140449441984,0.061193967881452406,0.0999999999987097,0.07486489234773379
170,1.292001852550436,0.13942306151467332,7,1,0.5447235946863774,0.061193967881452406,0.019992421321628165,0.07486489234773379
171,0.3163836203893404,0.13942306151467332,0,1,0.009505925914422841,0.061193967881452406,0.0893025146408274,0.07486489234773379
172,47.95235280791958,0.13942306151467332,11,1,2.5409339848061943,0.061193967881452406,0.5037270875357376,0.07486489234773379
173,2.349198494692801,0.13942306151467332,16,1,0.13623720980230544,0.061193967881452406,0.09999999999930535,0.07486489234773379
174,36.19682205612941,0.13942306151467332,7,1,2.5730665456816753,0.061193967881452406,0.7193986783252704,0.07486489234773379
175,17.63207878672125,0.13942306151467332,9,1,2.947265765864325,0.061193967881452406,0.04263550347013789,0.07486489234773379
176,0.6870776422810887,0.13942306151467332,19,1,0.7018591091492606,0.061193967881452406,0.6258595114883254,0.07486489234773379
177,67.24842469190688,0.13942306151467332,1,1,2.3234247518871167,0.061193967881452406,0.8926982476931693,0.07486489234773379
178,3.254944556404795,0.13942306151467332,16,1,0.17488707286097793,0.061193967881452406,0.09999999999892223,0.07486489234773379
179,41.034551421502115,0.13942306151467332,2,1,2.01670985101995,0.061193967881452406,0.8169664378879962,0.07486489234773379
180,23.96121666614646,0.13942306151467332,6,1,1.5693123818690202,0.061193967881452406,0.13346958255824037,0.07486489234773379
181,2.4253040343169308,0.13942306151467332,17,1,0.07293177268722807,0.061193967881452406,0.09999999999761819,0.07486489234773379
182,0.6582463512867798,0.13942306151467332,4,1,0.6080473911967209,0.061193967881452406,0.1914675480036788,0.07486489234773379
183,10.405506812166747,0.13942306151467332,10,1,0.511469667267871,0.061193967881452406,0.8437939348305153,0.07486489234773379
184,1.9424633748541567,0.13942306151467332,18,1,0.3512788712380598,0.061193967881452406,0.09999999995064096,0.07486489234773379
185,43.85157662376794,0.13942306151467332,1,1,2.1515996969873203,0.061193967881452406,0.840412004981158,0.07486489234773379
186,1.5104866394972944,0.13942306151467332,12,1,0.21006505038141535,0.061193967881452406,0.09990130016788286,0.07486489234773379
187,159.45930508606435,0.13942306151467332,8,1,3.707844437511624,0.061193967881452406,0.8927586178964874,0.07486489234773379
188,3.301824505518763,0.13942306151467332,15,1,0.4101343416331924,0.061193967881452406,0.9,0.07486489234773379
189,10.472045961359063,0.13942306151467332,8,1,0.4906688108847229,0.061193967881452406,0.820807022058077,0.07486489234773379
190,1.950525400108372,0.13942306151467332,15,1,0.07496529426321227,0.061193967881452406,0.9,0.07486489234773379
191,62.81974765090832,0.13942306151467332,5,1,2.4727439480954887,0.061193967881452406,0.8799899995987747,0.07486489234773379
192,2.5504875384657923,0.13942306151467332,16,1,0.008979451855310181,0.061193967881452406,0.09999999996244821,0.07486489234773379
193,1.075413281792686,0.13942306151467332,13,1,0.21231430042354085,0.061193967881452406,0.4172752623748639,0.07486489234773379
194,1.0773266115222795,0.13942306151467332,7,1,0.59201253374601,0.061193967881452406,0.18250118490857606,0.07486489234773379
195,30.679419217972214,0.13942306151467332,10,1,1.2065108418542303,0.061193967881452406,0.8896035101037648,0.07486489234773379
196,3.8118070004334093,0.13942306151467332,15,1,0.05214035868399485,0.061193967881452406,0.9,0.07486489234773379
197,1.0013357325536356,0.13942306151467332,19,1,0.7204386111209923,0.061193967881452406,0.24206406743216843,0.07486489234773379
198,91.44656609783134,0.13942306151467332,8,1,2.911458536531195,0.061193967881452406,0.8533351211618376,0.07486489234773379
199,1.881988323708489,0.13942306151467332,14,1,0.46312026706780723,0.061193967881452406,0.09999999999992384,0.07486489234773379
200,188.02792657987462,0.13942306151467332,15,1,4.5464749482637945,0.061193967881452406,0.9,0.07486489234773379
201,3.6269130782686054,0.13942306151467332,15,1,0.41794029044343073,0.061193967881452406,0.0999999999999498,0.07486489234773379
202,3.17832506123053,0.13942306151467332,13,1,0.433633742885004,0.061193967881452406,0.42773104349095636,0.07486489234773379
203,0.8804315070155454,0.13942306151467332,5,1,0.5011503919671036,0.061193967881452406,0.034654444706640156,0.07486489234773379
204,0.740312919612435,0.13942306151467332,19,1,0.5471563955084502,0.061193967881452406,0.4887226200521311,0.07486489234773379
205,13.401990723579056,0.13942306151467332,2,1,1.7195023691196683,0.061193967881452406,0.20372187452351756,0.07486489234773379
206,1.5293608258414852,0.13942306151467332,19,1,0.7552136820936957,0.061193967881452406,0.057474175202497424,0.07486489234773379
207,12.596853593003285,0.13942306151467332,1,1,0.5701641451217199,0.061193967881452406,0.8929915869109287,0.07486489234773379
208,182.80137692557287,0.13942306151467332,5,1,5.092307710655256,0.061193967881452406,0.8392407471659059,0.07486489234773379
209,1.6450549679755992,0.13942306151467332,15,1,0.08523668533685573,0.061193967881452406,0.9,0.07486489234773379
210,1.618134394088869,0.13942306151467332,18,1,0.5919795915942262,0.061193967881452406,0.09999999991480742,0.07486489234773379
211,1.9041924036818016,0.13942306151467332,17,1,0.47782846888265484,0.061193967881452406,0.09999999999999999,0.07486489234773379
212,1.7539415620748113,0.13942306151467332,18,1,0.6012072202492381,0.061193967881452406,0.09999999999993461,0.07486489234773379
213,2.9484270332568188,0.13942306151467332,14,1,0.002466247770157206,0.061193967881452406,0.09999999999358006,0.07486489234773379
214,32.14514306224818,0.13942306151467332,11,1,1.7726177841734874,0.061193967881452406,0.429650989962474,0.07486489234773379
215,102.26012785075987,0.13942306151467332,6,1,3.2082751606163207,0.061193967881452406,0.8815485847250792,0.07486489234773379
216,7.0149001270949185,0.13942306151467332,12,1,0.4489328812791655,0.061193967881452406,0.37489588256897544,0.07486489234773379
217,1.2833180486907356,0.13942306151467332,10,1,0.6407141752566496,0.061193967881452406,0.3065178424121693,0.07486489234773379
218,1.7986672389489804,0.13942306151467332,18,1,0.529490503766017,0.061193967881452406,0.09999999999999999,0.07486489234773379
219,87.64520772438942,0.13942306151467332,11,1,3.5151509272246324,0.061193967881452406,0.6308289436599537,0.07486489234773379
220,1.04189334857028,0.13942306151467332,18,1,0.6115385998008377,0.061193967881452406,0.03867691230386404,0.07486489234773379
221,5.553949510547902,0.13942306151467332,13,1,0.12296744812930789,0.061193967881452406,0.8279678361645116,0.07486489234773379
222,18.58290568676572,0.13942306151467332,15,1,1.0772075378832076,0.061193967881452406,0.9,0.07486489234773379
223,62.30713055939453,0.13942306151467332,10,1,2.4075058588954596,0.061193967881452406,0.8028025425508815,0.07486489234773379
224,3.491951169389889,0.13942306151467332,15,1,0.07268823978175176,0.061193967881452406,0.9,0.07486489234773379
225,32.22575149452451,0.13942306151467332,12,1,1.828677600812791,0.061193967881452406,0.507786323597419,0.07486489234773379
226,1.545981612695652,0.13942306151467332,19,1,0.7786566158447977,0.061193967881452406,0.0684386448098579,0.07486489234773379
227,9.586665151716922,0.13942306151467332,13,1,1.458696526206003,0.061193967881452406,0.09999999832581213,0.07486489234773379
228,5.191475402200806,0.13942306151467332,14,1,0.3717622032464764,0.061193967881452406,0.4024164009821154,0.07486489234773379
229,23.132025154404793,0.13942306151467332,10,1,1.7423305237991893,0.061193967881452406,0.44906333571724977,0.07486489234773379
230,17.5850639128701,0.13942306151467332,7,1,1.001348601580207,0.061193967881452406,0.690938577956646,0.07486489234773379
231,1.2141703416581755,0.13942306151467332,5,1,0.09130692938081804,0.061193967881452406,0.04104811184734083,0.07486489234773379
232,2.368729666966398,0.13942306151467332,17,1,0.05944561082054235,0.061193967881452406,0.09999999999999998,0.07486489234773379
233,2.8506788165453347,0.13942306151467332,16,1,0.1243976748823149,0.061193967881452406,0.09999999999805355,0.07486489234773379
234,35.22277778711873,0.13942306151467332,8,1,1.5003218559515983,0.061193967881452406,0.7929789661995381,0.07486489234773379
235,4.031176050992594,0.13942306151467332,14,1,0.2727148197076024,0.061193967881452406,0.09999999998596613,0.07486489234773379
236,69.73939235661614,0.13942306151467332,15,1,3.3761058875626406,0.061193967881452406,0.9,0.07486489234773379
237,1.7799364896413576,0.13942306151467332,18,1,0.5235870414857839,0.061193967881452406,0.09999999999930378,0.07486489234773379
238,14.696981004085552,0.13942306151467332,13,1,0.6773774004479294,0.061193967881452406,0.8221847127958366,0.07486489234773379
239,2.195904171267924,0.13942306151467332,7,1,0.18260009270715397,0.061193967881452406,0.018870518411640932,0.07486489234773379
240,4.824919833733121,0.13942306151467332,15,1,0.5066975753821578,0.061193967881452406,0.9,0.07486489234773379
241,5.5130149390673076,0.13942306151467332,5,1,1.3973971796140923,0.061193967881452406,0.07753485982734645,0.07486489234773379
242,1.4278839135003287,0.13942306151467332,19,1,0.7357453712058887,0.061193967881452406,0.017456834307016555,0.07486489234773379
243,2.3082443980503045,0.13942306151467332,17,1,0.10839589939378871,0.061193967881452406,0.09999999999998804,0.07486489234773379
244,2.025693370719114,0.13942306151467332,17,1,0.28368364931197504,0.061193967881452406,0.09999999999628498,0.07486489234773379
245,2.4800042147097825,0.13942306151467332,16,1,0.13370597353267324,0.061193967881452406,0.09999999999416795,0.07486489234773379
246,1.8904329216642732,0.13942306151467332,18,1,0.37677312850629036,0.061193967881452406,0.09999999999967041,0.07486489234773379
247,20.07876329113066,0.13942306151467332,15,1,1.0794708593098272,0.061193967881452406,0.9,0.07486489234773379
248,0.9454514121568979,0.13942306151467332,17,1,0.5400820101793591,0.061193967881452406,0.028334879668624025,0.07486489234773379
249,72.83988986100701,0.13942306151467332,9,1,2.8057961443530965,0.061193967881452406,0.7005099649088052,0.07486489234773379
250,1.241071922738393,0.13942306151467332,8,1,0.2952548130522894,0.061193967881452406,0.1104538505002638,0.07486489234773379
251,9.331961780893748,0.13942306151467332,15,1,0.6937741684274975,0.061193967881452406,0.9,0.07486489234773379
252,7.990371484959399,0.13942306151467332,9,1,0.3126709619870863,0.061193967881452406,0.8657146381320874,0.07486489234773379
253,27.051400823599835,0.13942306151467332,2,1,1.4001509005041566,0.061193967881452406,0.8852016032506094,0.07486489234773379
254,30.12208630947254,0.13942306151467332,6,1,1.2900589782833745,0.061193967881452406,0.8823092269988543,0.07486489234773379
255,47.056372626633305,0.13942306151467332,9,1,2.0873214545694716,0.061193967881452406,0.6784926461811309,0.07486489234773379
256,0.41872717227280476,0.13942306151467332,3,1,0.3620068275322137,0.061193967881452406,0.013133633304042686,0.07486489234773379
257,3.1444897531944567,0.13942306151467332,15,1,0.19548994542179382,0.061193967881452406,0.09999999999848842,0.07486489234773379
258,1.2528022103279035,0.13942306151467332,19,1,0.685349885495808,0.061193967881452406,0.0226138534822882,0.07486489234773379
259,1.5264693985756395,0.13942306151467332,15,1,0.30727610017138696,0.061193967881452406,0.9,0.07486489234773379
260,23.118226055975217,0.13942306151467332,15,1,1.2123005366565032,0.061193967881452406,0.9,0.07486489234773379
261,2.6509053215843417,0.13942306151467332,15,1,0.019471903675239738,0.061193967881452406,0.9,0.07486489234773379
262,2.537857979098719,0.13942306151467332,16,1,0.038335899516679345,0.061193967881452406,0.09999999999967918,0.07486489234773379
263,0.6999015512089741,0.13942306151467332,17,1,0.5941068132777915,0.061193967881452406,0.15807150853859822,0.07486489234773379
264,1.7377748326352835,0.13942306151467332,16,1,0.30053101218550105,0.061193967881452406,0.7528900589172128,0.07486489234773379
265,1.3213299861168208,0.13942306151467332,14,1,0.33423830548870814,0.061193967881452406,0.8567198032446337,0.07486489234773379
266,0.8117663301417998,0.13942306151467332,19,1,0.6695260672282073,0.061193967881452406,0.31005050479444474,0.07486489234773379
267,1.7944780329324965,0.13942306151467332,8,1,0.19101935599750344,0.061193967881452406,0.029271646504993587,0.07486489234773379
268,0.6469211753000859,0.13942306151467332,19,1,0.6221488859450741,0.061193967881452406,0.764683705244686,0.07486489234773379
269,0.7666489766409859,0.13942306151467332,14,1,0.5433965522579066,0.061193967881452406,0.4764795342648084,0.07486489234773379
270,2.521763938752009,0.13942306151467332,15,1,0.12580712029535818,0.061193967881452406,0.0999999998926195,0.07486489234773379
271,1.5718383198963621,0.13942306151467332,15,1,0.6952527145658255,0.061193967881452406,0.9,0.07486489234773379
272,1.915032541741996,0.13942306151467332,18,1,0.375178628589616,0.061193967881452406,0.0999999999931254,0.07486489234773379
273,1.8135325862161533,0.13942306151467332,18,1,0.5380553382120197,0.061193967881452406,0.09999999999899904,0.07486489234773379
274,107.81181314343615,0.13942306151467332,8,1,2.9281724502181548,0.061193967881452406,0.893004191312717,0.07486489234773379
275,2.778789284241993,0.13942306151467332,15,1,0.013371976110809336,0.061193967881452406,0.9,0.07486489234773379
276,2.0827282768313835,0.13942306151467332,18,1,0.15711055235025503,0.061193967881452406,0.0999999999997249,0.07486489234773379
277,71.63458169533683,0.13942306151467332,1,1,3.084358694902719,0.061193967881452406,0.839962548210973,0.07486489234773379
278,15.437518779698044,0.13942306151467332,11,1,1.5119952087770359,0.061193967881452406,0.3162010095737683,0.07486489234773379
279,2.352892722751163,0.13942306151467332,17,1,0.1595962999810475,0.061193967881452406,0.09999999999999346,0.07486489234773379
280,10.563123451143747,0.13942306151467332,6,1,1.7186867540435633,0.061193967881452406,0.013313196740276811,0.07486489234773379
281,20.87594298287782,0.13942306151467332,12,1,1.0418353330526169,0.061193967881452406,0.7430740530270442,0.07486489234773379
282,132.75419680630367,0.13942306151467332,7,1,3.4050976275779754,0.061193967881452406,0.8794329901018345,0.07486489234773379
283,1.7397091071302584,0.13942306151467332,15,1,0.2817886166337438,0.061193967881452406,0.9,0.07486489234773379
284,1.886960818024275,0.13942306151467332,13,1,0.2928182544196016,0.061193967881452406,0.0999999989645323,0.07486489234773379
285,1.6044568541755613,0.13942306151467332,15,1,0.8147111286738478,0.061193967881452406,0.9,0.07486489234773379
286,0.7525648512841325,0.13942306151467332,15,1,0.5170080471193325,0.061193967881452406,0.9,0.07486489234773379
287,6.688061693754516,0.13942306151467332,15,1,0.9124301253331587,0.061193967881452406,0.9,0.07486489234773379
288,1.8933843343169503,0.13942306151467332,18,1,0.4031972197059213,0.061193967881452406,0.1,0.07486489234773379
289,0.11495107880511861,0.11495107880511861,2,2,0.02725902500264201,0.02725902500264201,0.033598242143165036,0.033598242143165036
290,1.083043469927086,0.11495107880511861,6,2,0.6687294013951145,0.02725902500264201,0.11316668988120426,0.033598242143165036
291,0.5688494271609182,0.11495107880511861,4,2,0.5482807898656028,0.02725902500264201,0.10747826322140083,0.033598242143165036
292,0.7287180704293695,0.11495107880511861,19,2,0.6988100268204323,0.02725902500264201,0.5073543297051681,0.033598242143165036
293,1.5787924853053537,0.11495107880511861,19,2,0.8247249355863634,0.02725902500264201,0.052579218496183085,0.033598242143165036
294,87.49148580288353,0.11495107880511861,15,2,3.117051706715179,0.02725902500264201,0.9,0.033598242143165036
295,33.22877606098242,0.11495107880511861,11,2,1.6499179310090788,0.02725902500264201,0.607967484412162,0.033598242143165036
296,7.872893972963601,0.11495107880511861,1,2,0.2501014866405996,0.02725902500264201,0.8929865113118057,0.033598242143165036
297,1.3702133349336725,0.11495107880511861,19,2,0.675446775252404,0.02725902500264201,0.029192481612791976,0.033598242143165036
298,2.323695226355889,0.11495107880511861,17,2,0.1510240516841979,0.02725902500264201,0.09999999999201081,0.033598242143165036
299,4.643052709878073,0.11495107880511861,15,2,0.5738779363519154,0.02725902500264201,0.9,0.033598242143165036
300,1.8429965869789042,0.11495107880511861,18,2,0.5137446549169161,0.02725902500264201,0.09999999999993493,0.033598242143165036
301,1.229306817473457,0.11495107880511861,15,2,0.4110788606338448,0.02725902500264201,0.9,0.033598242143165036
302,12.451241344859051,0.11495107880511861,1,2,2.58177345397342,0.02725902500264201,0.0846607708457209,0.033598242143165036
303,126.77643728240245,0.11495107880511861,6,2,3.711893074495132,0.02725902500264201,0.8782264888514172,0.033598242143165036
304,8.634783312698135,0.11495107880511861,15,2,0.7659199451959182,0.02725902500264201,0.9,0.033598242143165036
305,1.0573200276805363,0.11495107880511861,5,2,0.12777537275838083,0.02725902500264201,0.11498793900373594,0.033598242143165036
306,2.664286209781901,0.11495107880511861,17,2,0.0730874077118258,0.02725902500264201,0.0999999999970433,0.033598242143165036
307,1.5219417566135807,0.11495107880511861,15,2,0.12521929854792338,0.02725902500264201,0.9,0.033598242143165036
308,21.29973004049762,0.11495107880511861,9,2,0.8878422317064344,0.02725902500264201,0.8845639062606744,0.033598242143165036
309,1.059699326185728,0.11495107880511861,17,2,0.3807802114416041,0.02725902500264201,0.22807348687876758,0.033598242143165036
310,0.47408093735617707,0.11495107880511861,2,2,0.2953912075174652,0.02725902500264201,0.03965292392364378,0.033598242143165036
311,1.657924138035152,0.11495107880511861,19,2,0.8507525967264754,0.02725902500264201,0.09988102930695529,0.033598242143165036
312,10.209755869353243,0.11495107880511861,9,2,1.44955840865056,0.02725902500264201,0.05236137382669245,0.033598242143165036
313,1.095754233832976,0.11495107880511861,19,2,0.6006691541551505,0.02725902500264201,0.08145771516363173,0.033598242143165036
314,149.88662312824601,0.11495107880511861,1,2,3.7541844458630744,0.02725902500264201,0.8932825427346696,0.033598242143165036
315,5.478366954043959,0.11495107880511861,14,2,0.29780167136485136,0.02725902500264201,0.5780702346643442,0.033598242143165036
316,1.9476917891782646,0.11495107880511861,17,2,0.3246764203774066,0.02725902500264201,0.09988469620830384,0.033598242143165036
317,1.5369362388320267,0.11495107880511861,15,2,0.31863671117554315,0.02725902500264201,0.9,0.033598242143165036
318,0.6845816131379702,0.11495107880511861,4,2,0.38474933462381794,0.02725902500264201,0.04054829049015008,0.033598242143165036
319,0.31907191783104794,0.11495107880511861,1,2,0.2783720286985805,0.02725902500264201,0.047054079837634585,0.033598242143165036
320,2.5441270492364327,0.11495107880511861,17,2,0.10348716792988125,0.02725902500264201,0.09999999994714552,0.033598242143165036
321,81.92798172555156,0.11495107880511861,10,2,5.594615113489406,0.02725902500264201,0.11411795554605,0.033598242143165036
322,1.8996037483301824,0.11495107880511861,17,2,0.45088560846131276,0.02725902500264201,0.09999999999796239,0.033598242143165036
323,203.82781724323837,0.11495107880511861,1,2,4.562880462278565,0.02725902500264201,0.8942709701985866,0.033598242143165036
324,45.024930250913336,0.11495107880511861,9,2,1.9190165531913028,0.02725902500264201,0.8248296191421496,0.033598242143165036
325,59.16081009484458,0.11495107880511861,10,2,1.9795437344862288,0.02725902500264201,0.8800346982256242,0.033598242143165036
326,65.65481287539136,0.11495107880511861,10,2,2.291885034632181,0.02725902500264201,0.8335037933841016,0.033598242143165036
327,7.319828271609641,0.11495107880511861,15,2,0.3774545748519219,0.02725902500264201,0.9,0.033598242143165036
328,75.90044286871033,0.11495107880511861,5,2,3.331586233601826,0.02725902500264201,0.6534553197214913,0.033598242143165036
329,3.1611507106289847,0.11495107880511861,15,2,0.22948606458944532,0.02725902500264201,0.09999999975938506,0.033598242143165036
330,14.306049614129305,0.11495107880511861,13,2,0.6930949676681584,0.02725902500264201,0.7737368073725002,0.033598242143165036
331,2.9487276472711716,0.11495107880511861,15,2,0.029720652444611768,0.02725902500264201,0.099999999999997,0.033598242143165036
332,1.0506634041113558,0.11495107880511861,19,2,0.7308655757294997,0.02725902500264201,0.10421799448930702,0.033598242143165036
333,2.51776099686087,0.11495107880511861,16,2,0.15691100290876087,0.02725902500264201,0.09999999999285622,0.033598242143165036
334,1.8020328007059807,0.11495107880511861,4,2,0.5503250800612693,0.02725902500264201,0.07881433162509452,0.033598242143165036
335,1.3137898895111784,0.11495107880511861,18,2,0.5964109552514645,0.02725902500264201,0.038221667510377616,0.033598242143165036
336,1.0197112090860623,0.11495107880511861,17,2,0.4325947801078229,0.02725902500264201,0.1597054784404293,0.033598242143165036
337,0.6459502124746506,0.11495107880511861,15,2,0.6039094182494535,0.02725902500264201,0.9,0.033598242143165036
338,0.7218241549388575,0.11495107880511861,19,2,0.7030422235589011,0.02725902500264201,0.5337976351649111,0.033598242143165036
339,5.627562193527557,0.11495107880511861,5,2,0.10965048064305476,0.02725902500264201,0.8839663999029133,0.033598242143165036
340,23.07089475096053,0.11495107880511861,15,2,1.3704946114319472,0.02725902500264201,0.9,0.033598242143165036
341,32.90093896366519,0.11495107880511861,6,2,1.6283131660002876,0.02725902500264201,0.813615082609006,0.033598242143165036
342,3.542439085051099,0.11495107880511861,10,2,0.05004159577520637,0.02725902500264201,0.8674269912259063,0.033598242143165036
343,2.3502211212110247,0.11495107880511861,17,2,0.15314351261996256,0.02725902500264201,0.09999994839392078,0.033598242143165036
344,53.63253663009525,0.11495107880511861,13,2,3.131503852115696,0.02725902500264201,0.872639728354394,0.033598242143165036
345,17.122002514845324,0.11495107880511861,15,2,0.913102767715829,0.02725902500264201,0.9,0.033598242143165036
346,0.9370422409842459,0.11495107880511861,16,2,0.3983792128152752,0.02725902500264201,0.39091615677982616,0.033598242143165036
347,13.01437747732698,0.11495107880511861,7,2,0.6013921169978529,0.02725902500264201,0.8444910198499669,0.033598242143165036
348,76.84915369087045,0.11495107880511861,15,2,2.5716468675680435,0.02725902500264201,0.9,0.033598242143165036
349,1.3965070031622833,0.11495107880511861,18,2,0.5618724023104246,0.02725902500264201,0.06593201066568952,0.033598242143165036
350,28.597000454590585,0.11495107880511861,9,2,1.755636456695801,0.02725902500264201,0.5820028806272657,0.033598242143165036
351,4.841132403780339,0.11495107880511861,11,2,0.26345590014712417,0.02725902500264201,0.7720390959315181,0.033598242143165036
352,158.58721779936752,0.11495107880511861,1,2,3.933238672185971,0.02725902500264201,0.8920364315168652,0.033598242143165036
353,2.7729068923936735,0.11495107880511861,15,2,0.02348871778174682,0.02725902500264201,0.09999999999710507,0.033598242143165036
354,1.3743496611765966,0.11495107880511861,8,2,0.6462455324281163,0.02725902500264201,0.0007526561578682089,0.033598242143165036
355,1.0113001477164918,0.11495107880511861,17,2,0.42351071657741496,0.02725902500264201,0.6296997293365729,0.033598242143165036
356,1.706728648476088,0.11495107880511861,11,2,0.5267785253051105,0.02725902500264201,0.09999999572910749,0.033598242143165036
357,8.55588436670477,0.11495107880511861,13,2,0.470348602622883,0.02725902500264201,0.6176956840571497,0.033598242143165036
358,0.419122931522545,0.11495107880511861,1,2,0.44066691316281126,0.02725902500264201,0.08527601176868405,0.033598242143165036
359,4.022265658302804,0.11495107880511861,9,2,0.4802476721406309,0.02725902500264201,0.06803602057032002,0.033598242143165036
360,29.415416389770538,0.11495107880511861,1,2,1.1771902110250887,0.02725902500264201,0.8932508607420526,0.033598242143165036
361,4.516480994974986,0.11495107880511861,14,2,0.571397566658427,0.02725902500264201,0.09999999999998246,0.033598242143165036
362,0.4759368780513792,0.11495107880511861,0,2,0.2814389424573396,0.02725902500264201,0.08817298346148197,0.033598242143165036
363,15.219359612377389,0.11495107880511861,4,2,1.8424002003467181,0.02725902500264201,0.17511076924614036,0.033598242143165036
364,1.208958071325866,0.11495107880511861,19,2,0.7180349832032087,0.02725902500264201,0.053551665678466254,0.033598242143165036
365,2.0180399242072813,0.11495107880511861,16,2,0.32504483077443175,0.02725902500264201,0.0999999999526098,0.033598242143165036
366,60.03282386317986,0.11495107880511861,2,2,2.9701811812803007,0.02725902500264201,0.8180925849050147,0.033598242143165036
367,73.66793833829855,0.11495107880511861,2,2,3.183873541088118,0.02725902500264201,0.7941938095873228,0.033598242143165036
368,3.5068797666700027,0.11495107880511861,1,2,0.08846143687043004,0.02725902500264201,0.8932647432333669,0.033598242143165036
369,4.628450057626896,0.11495107880511861,14,2,0.37370299077300123,0.02725902500264201,0.09999999989340468,0.033598242143165036
370,52.25196639243023,0.11495107880511861,15,2,2.650887530573823,0.02725902500264201,0.9,0.033598242143165036
371,39.18832233823099,0.11495107880511861,15,2,1.89206702862508,0.02725902500264201,0.9,0.033598242143165036
372,110.48093494692696,0.11495107880511861,6,2,3.336105902522215,0.02725902500264201,0.8576764370925656,0.033598242143165036
373,26.68961540885345,0.11495107880511861,15,2,1.9656073070570919,0.02725902500264201,0.9,0.033598242143165036
374,9.278181078803764,0.11495107880511861,10,2,1.6611548020852276,0.02725902500264201,0.09999992946410148,0.033598242143165036
375,0.7662872118196951,0.11495107880511861,8,2,0.09596704730153273,0.02725902500264201,0.14842255899682047,0.033598242143165036
376,4.968432101758934,0.11495107880511861,12,2,0.5154692733072105,0.02725902500264201,0.09999997984742606,0.033598242143165036
377,0.5688103376941749,0.11495107880511861,0,2,0.4350369455969581,0.02725902500264201,0.05717720506067028,0.033598242143165036
378,1.2820638682920096,0.11495107880511861,6,2,0.03232090723958478,0.02725902500264201,0.09659982276787235,0.033598242143165036
379,1.5269274335304686,0.11495107880511861,18,2,0.5298584001426706,0.02725902500264201,0.09999999215091594,0.033598242143165036
380,1.5494788815136318,0.11495107880511861,19,2,0.7422486183617318,0.02725902500264201,0.07857492149871437,0.033598242143165036
381,3.342538608259893,0.11495107880511861,11,2,0.11357057540576818,0.02725902500264201,0.8721326741010145,0.033598242143165036
382,1.0269476321705802,0.11495107880511861,15,2,0.4639519833863062,0.02725902500264201,0.9,0.033598242143165036
383,134.38295033903984,0.11495107880511861,1,2,3.6018300774815266,0.02725902500264201,0.8942087346660551,0.033598242143165036
384,129.55297896330364,0.11495107880511861,7,2,3.411805781791962,0.02725902500264201,0.8770091412812996,0.033598242143165036
385,11.846477522091295,0.11495107880511861,15,2,1.356630376052925,0.02725902500264201,0.9,0.033598242143165036
386,33.22330784991251,0.11495107880511861,9,2,1.3562233726510038,0.02725902500264201,0.8608261401600019,0.033598242143165036
387,16.405474659548524,0.11495107880511861,1,2,0.7275283216180778,0.02725902500264201,0.8932524687670476,0.033598242143165036
388,2.4315463071852146,0.11495107880511861,17,2,0.05125927050004262,0.02725902500264201,0.09999999998138659,0.033598242143165036
389,1.7267495983461747,0.11495107880511861,15,2,0.6007043668086679,0.02725902500264201,0.0999999999990832,0.033598242143165036
390,1.8852942722208172,0.11495107880511861,11,2,0.014046376976152825,0.02725902500264201,0.09208605559858374,0.033598242143165036
391,1.4234769231550375,0.11495107880511861,9,2,0.6187644135076408,0.02725902500264201,0.04714668142462125,0.033598242143165036
392,2.1395456300726354,0.11495107880511861,15,2,0.3215793225926967,0.02725902500264201,0.0999999999987778,0.033598242143165036
393,1.85519647999124,0.11495107880511861,18,2,0.5078797902977941,0.02725902500264201,0.09999999999999999,0.033598242143165036
394,1.8538409495950219,0.11495107880511861,16,2,0.5473042951045474,0.02725902500264201,0.09999999998657129,0.033598242143165036
395,86.67886234668204,0.11495107880511861,1,2,2.7291591876651045,0.02725902500264201,0.8932848396058714,0.033598242143165036
396,57.712383245106274,0.11495107880511861,8,2,4.086937141347905,0.02725902500264201,0.02910350410356785,0.033598242143165036
397,114.88546986002635,0.11495107880511861,15,2,3.6624932282477025,0.02725902500264201,0.9,0.033598242143165036
398,1.894547783701547,0.11495107880511861,18,2,0.2675747907565566,0.02725902500264201,0.0999999999256573,0.033598242143165036
399,1.7325994311683732,0.11495107880511861,15,2,0.06464735414605821,0.02725902500264201,0.9,0.033598242143165036
400,1.705824231243076,0.11495107880511861,15,2,0.2610405294671224,0.02725902500264201,0.9,0.033598242143165036
401,0.7873145645413859,0.11495107880511861,4,2,0.37373708448641535,0.02725902500264201,0.05467608075204106,0.033598242143165036
402,81.30460938839663,0.11495107880511861,8,2,2.793398855533429,0.02725902500264201,0.7189900852995081,0.033598242143165036
403,0.8733214527186319,0.11495107880511861,4,2,0.4594299083735782,0.02725902500264201,0.038691525130779676,0.033598242143165036
404,0.8401288405238282,0.11495107880511861,15,2,0.5182995876803723,0.02725902500264201,0.9,0.033598242143165036
405,76.59723288460219,0.11495107880511861,6,2,2.8024683483578876,0.02725902500264201,0.8433797011360683,0.033598242143165036
406,3.18495578133954,0.11495107880511861,1,2,0.1032595751182377,0.02725902500264201,0.8934292449421768,0.033598242143165036
407,31.644624971477572,0.11495107880511861,7,2,1.3824442588636128,0.02725902500264201,0.8142399780879228,0.033598242143165036
408,1.4307022565628917,0.11495107880511861,17,2,0.5146051836830071,0.02725902500264201,0.07846628792977813,0.033598242143165036
409,54.440771525665,0.11495107880511861,14,2,2.4917978408750896,0.02725902500264201,0.8999205686090144,0.033598242143165036
410,4.769551360182025,0.11495107880511861,11,2,0.46609216259003355,0.02725902500264201,0.23641786904756337,0.033598242143165036
411,15.433693536477026,0.11495107880511861,4,2,1.607705071083973,0.02725902500264201,0.21674486515343502,0.033598242143165036
412,28.35015091283361,0.11495107880511861,10,2,1.2956612340961267,0.02725902500264201,0.8990386303447417,0.033598242143165036
413,64.09472268129505,0.11495107880511861,7,2,2.363683954023493,0.02725902500264201,0.8022146352251479,0.033598242143165036
414,90.62081563750527,0.11495107880511861,10,2,3.321719595619332,0.02725902500264201,0.5749085829638597,0.033598242143165036
415,4.120587418071378,0.11495107880511861,14,2,0.47442933412744315,0.02725902500264201,0.09999999999999987,0.033598242143165036
416,2.043268345868538,0.11495107880511861,15,2,0.2604939145176552,0.02725902500264201,0.9,0.033598242143165036
417,1.6416349119869789,0.11495107880511861,19,2,0.8258662277054407,0.02725902500264201,0.08982955619559721,0.033598242143165036
418,0.5767423766654379,0.11495107880511861,1,2,0.6345122370587958,0.02725902500264201,0.14642306920239404,0.033598242143165036
419,11.70990521157533,0.11495107880511861,11,2,1.5033602318860466,0.02725902500264201,0.06642043635790915,0.033598242143165036
420,35.30273484686628,0.11495107880511861,10,2,1.4524222720547684,0.02725902500264201,0.8359256091998285,0.033598242143165036
421,128.05009024479443,0.11495107880511861,15,2,3.6585185028032248,0.02725902500264201,0.9,0.033598242143165036
422,2.3734490221664286,0.11495107880511861,3,2,1.0470247554490588,0.02725902500264201,0.09029947918436261,0.033598242143165036
423,31.845711279061938,0.11495107880511861,11,2,1.330949477967557,0.02725902500264201,0.8358314198469539,0.033598242143165036
424,1.8682568442285874,0.11495107880511861,18,2,0.40552890959035226,0.02725902500264201,0.1,0.033598242143165036
425,1.8281190530372098,0.11495107880511861,18,2,0.5001644347444746,0.02725902500264201,0.09999999999999926,0.033598242143165036
426,19.04480509966942,0.11495107880511861,7,2,1.0857587027861748,0.02725902500264201,0.8180440567253598,0.033598242143165036
427,2.7855002968185083,0.11495107880511861,11,2,0.040285947518647156,0.02725902500264201,0.6742764845507704,0.033598242143165036
428,10.408547267582902,0.11495107880511861,13,2,1.1607224200829458,0.02725902500264201,0.2588105270822755,0.033598242143165036
429,1.6280422793478448,0.11495107880511861,17,2,0.3771533663426544,0.02725902500264201,0.09079382498313106,0.033598242143165036
430,23.06926151380921,0.11495107880511861,15,2,1.0682977030507241,0.02725902500264201,0.9,0.033598242143165036
431,2.7224533176843693,0.11495107880511861,15,2,0.12251551109723746,0.02725902500264201,0.9,0.033598242143165036
432,62.06123129740167,0.11495107880511861,3,2,2.3866297581849016,0.02725902500264201,0.8488190621022119,0.033598242143165036
433,11.719934420090276,0.11495107880511861,11,2,1.5680874734117378,0.02725902500264201,0.0999999999746626,0.033598242143165036
434,1.801029518717183,0.11495107880511861,18,2,0.5138867848001059,0.02725902500264201,0.09999999999999941,0.033598242143165036
435,3.4637918302970676,0.11495107880511861,14,2,0.1325233193870238,0.02725902500264201,0.0999999999999998,0.033598242143165036
436,67.17874097525264,0.11495107880511861,7,2,2.3433665843885003,0.02725902500264201,0.8468078697917779,0.033598242143165036
437,34.89231049958888,0.11495107880511861,4,2,2.0290597945708613,0.02725902500264201,0.7106551970843745,0.033598242143165036
438,48.91399149271946,0.11495107880511861,15,2,2.3437520277230854,0.02725902500264201,0.9,0.033598242143165036
439,33.61705709847083,0.11495107880511861,15,2,2.6245944921713606,0.02725902500264201,0.9,0.033598242143165036
440,2.2058719023438624,0.11495107880511861,17,2,0.2492353400683278,0.02725902500264201,0.09999999996328135,0.033598242143165036
441,2.2124460178818484,0.11495107880511861,18,2,0.16175083451392783,0.02725902500264201,0.09999999998869832,0.033598242143165036
442,9.51374257475016,0.11495107880511861,8,2,0.5768266771344567,0.02725902500264201,0.7642799769628119,0.033598242143165036
443,3.5606639743001702,0.11495107880511861,9,2,0.07407573699321002,0.02725902500264201,0.5221308423100524,0.033598242143165036
444,1.8531699386244618,0.11495107880511861,14,2,0.23799122628733138,0.02725902500264201,0.6932655799372407,0.033598242143165036
445,18.40196948555707,0.11495107880511861,11,2,2.263639607395762,0.02725902500264201,0.09999999997157755,0.033598242143165036
446,4.235740729740832,0.11495107880511861,15,2,0.38938685481749186,0.02725902500264201,0.09999999996893252,0.033598242143165036
447,6.218464910798371,0.11495107880511861,15,2,0.8953344984229658,0.02725902500264201,0.9,0.033598242143165036
448,1.839153520097833,0.11495107880511861,18,2,0.4758859465494174,0.02725902500264201,0.1,0.033598242143165036
449,28.9643752714577,0.11495107880511861,6,2,1.5255386151879078,0.02725902500264201,0.820257653687673,0.033598242143165036
450,0.5602053112962744,0.11495107880511861,2,2,0.5190913582369703,0.02725902500264201,0.027559247207124035,0.033598242143165036
451,0.22385001063390678,0.11495107880511861,3,2,0.17555341322808307,0.02725902500264201,0.15569561648100974,0.033598242143165036
452,1.0567369290318922,0.11495107880511861,19,2,0.7290789437296832,0.02725902500264201,0.3445121316591674,0.033598242143165036
453,5.590528734827474,0.11495107880511861,15,2,0.294736556225587,0.02725902500264201,0.9,0.033598242143165036
454,1.3806852414997108,0.11495107880511861,10,2,0.670888585309132,0.02725902500264201,0.22666330203055482,0.033598242143165036
455,37.65735777655962,0.11495107880511861,3,2,1.9127536900158373,0.02725902500264201,0.8377206008929317,0.033598242143165036
456,25.965537834571002,0.11495107880511861,10,2,1.182881106546041,0.02725902500264201,0.7942723137748767,0.033598242143165036
457,139.32813547647348,0.11495107880511861,8,2,3.5739082907807553,0.02725902500264201,0.8614396674805869,0.033598242143165036
458,1.6286193964923974,0.11495107880511861,12,2,0.20606418827338363,0.02725902500264201,0.10222838794109096,0.033598242143165036
459,41.45941884182502,0.11495107880511861,10,2,1.573619202171042,0.02725902500264201,0.8701969787767054,0.033598242143165036
460,1.6571799735843398,0.11495107880511861,19,2,0.8489892744892603,0.02725902500264201,0.09896999445224393,0.033598242143165036
461,16.763788150538215,0.11495107880511861,14,2,1.0272618479002444,0.02725902500264201,0.8997005075430006,0.033598242143165036
462,1.877962170562347,0.11495107880511861,18,2,0.4873870727499992,0.02725902500264201,0.09999999992875659,0.033598242143165036
463,1.8170649411165418,0.11495107880511861,17,2,0.34569833685442297,0.02725902500264201,0.09999999942190445,0.033598242143165036
464,1.8422262884635952,0.11495107880511861,18,2,0.5684010422535429,0.02725902500264201,0.0999999999991176,0.033598242143165036
465,19.088742063182877,0.11495107880511861,8,2,0.8779141916141412,0.02725902500264201,0.87579911670605,0.033598242143165036
466,33.07896525022998,0.11495107880511861,15,2,2.1598601355701295,0.02725902500264201,0.9,0.033598242143165036
467,1.9698872358483341,0.11495107880511861,18,2,0.3486445520111995,0.02725902500264201,0.09999999999919011,0.033598242143165036
468,9.319568564159786,0.11495107880511861,4,2,0.747688112038373,0.02725902500264201,0.8330090462553872,0.033598242143165036
469,8.493377859983873,0.11495107880511861,9,2,1.2586761483933162,0.02725902500264201,0.05451331609563619,0.033598242143165036
470,4.790234064363958,0.11495107880511861,15,2,0.18289047507611758,0.02725902500264201,0.9,0.033598242143165036
471,2.428058655266852,0.11495107880511861,13,2,0.09381740520344946,0.02725902500264201,0.09999999800568692,0.033598242143165036
472,86.99684356922106,0.11495107880511861,15,2,3.1468808160917785,0.02725902500264201,0.9,0.033598242143165036
473,1.6098694113598806,0.11495107880511861,19,2,0.9374008156118012,0.02725902500264201,0.04684085425209279,0.033598242143165036
474,0.9088218069495279,0.11495107880511861,19,2,0.6534442891322202,0.02725902500264201,0.1824718840835318,0.033598242143165036
475,1.7580935231040087,0.11495107880511861,12,2,0.12931180872895084,0.02725902500264201,0.33665477551727085,0.033598242143165036
476,0.7098721716847601,0.11495107880511861,12,2,0.5366653812463772,0.02725902500264201,0.21043129387358897,0.033598242143165036
477,4.5523967271349015,0.11495107880511861,15,2,0.503066225008002,0.02725902500264201,0.09999999999984724,0.033598242143165036
478,6.246117558509883,0.11495107880511861,2,2,1.2830687163456183,0.02725902500264201,0.09959689263719823,0.033598242143165036
479,1.962593431471628,0.11495107880511861,9,2,0.1300408912030635,0.02725902500264201,0.07206479984368384,0.033598242143165036
480,0.6927333634296369,0.11495107880511861,18,2,0.6499399781988527,0.02725902500264201,0.5505194609205003,0.033598242143165036
481,93.83761437938682,0.11495107880511861,10,2,2.7997036907829402,0.02725902500264201,0.8434389118298934,0.033598242143165036
482,41.13556799492169,0.11495107880511861,8,2,1.6716557912533894,0.02725902500264201,0.8746411246702583,0.033598242143165036
483,3.9132898122435753,0.11495107880511861,15,2,0.4513697614137709,0.02725902500264201,0.9,0.033598242143165036
484,84.57572741745152,0.11495107880511861,1,2,3.834340756977527,0.02725902500264201,0.7432621527404869,0.033598242143165036
485,33.1288328934113,0.11495107880511861,15,2,1.5747635408923055,0.02725902500264201,0.9,0.033598242143165036
486,1.859994800190204,0.11495107880511861,18,2,0.3896325805045202,0.02725902500264201,0.1,0.033598242143165036
487,14.150138967582288,0.11495107880511861,7,2,0.5810416214562597,0.02725902500264201,0.8929047113050462,0.033598242143165036
488,1.5248314545452513,0.11495107880511861,15,2,0.7341948655471227,0.02725902500264201,0.9,0.033598242143165036
489,19.063256210796112,0.11495107880511861,15,2,0.9975401942983081,0.02725902500264201,0.9,0.033598242143165036
490,2.8590171748846345,0.11495107880511861,11,2,0.17766965782325816,0.02725902500264201,0.037431539893326676,0.033598242143165036
491,1.978666356250434,0.11495107880511861,17,2,0.33456115348698734,0.02725902500264201,0.09999999832812044,0.033598242143165036
492,5.6065491606271,0.11495107880511861,12,2,0.6016956483161234,0.02725902500264201,0.09999999983786788,0.033598242143165036
493,5.199307061059204,0.11495107880511861,10,2,0.13747539648386708,0.02725902500264201,0.7447535226283596,0.033598242143165036
494,2.4922651101935585,0.11495107880511861,11,2,0.1664967366396381,0.02725902500264201,0.7686231546778929,0.033598242143165036
495,1.5020195208878238,0.11495107880511861,15,2,0.685280224413265,0.02725902500264201,0.9,0.033598242143165036
496,1.8135955158601444,0.11495107880511861,18,2,0.5003548586445888,0.02725902500264201,0.1,0.033598242143165036
497,16.427299158626358,0.11495107880511861,12,2,1.6080385908882002,0.02725902500264201,0.2705418254269223,0.033598242143165036
498,4.3566541126591325,0.11495107880511861,15,2,0.533890474285664,0.02725902500264201,0.9,0.033598242143165036
499,8.104869264387029,0.11495107880511861,1,2,0.3024931321584394,0.02725902500264201,0.8915715278256008,0.033598242143165036
500,0.7098124480999857,0.11495107880511861,17,2,0.620208819404511,0.02725902500264201,0.7850115794143719,0.033598242143165036
501,7.218528699151733,0.11495107880511861,8,2,0.24178496446995618,0.02725902500264201,0.8164741214088207,0.033598242143165036
502,3.858109457262886,0.11495107880511861,13,2,0.3513272406112749,0.02725902500264201,0.09999999999066533,0.033598242143165036
503,61.27142235681117,0.11495107880511861,3,2,2.256352528674763,0.02725902500264201,0.8657378098042259,0.033598242143165036
504,0.37807127120199135,0.11495107880511861,2,2,0.5510826139266162,0.02725902500264201,0.2252685557410147,0.033598242143165036
505,10.972482027004494,0.11495107880511861,10,2,1.1171199443563316,0.02725902500264201,0.8921762132531047,0.033598242143165036
506,2.340270539902753,0.11495107880511861,11,2,0.013481844310497981,0.02725902500264201,0.023613186185764218,0.033598242143165036
507,4.640233842219995,0.11495107880511861,15,2,0.19762369600445934,0.02725902500264201,0.5167205445508833,0.033598242143165036
508,11.920182316960025,0.11495107880511861,15,2,1.2417232771047724,0.02725902500264201,0.9,0.033598242143165036
509,4.812482792010584,0.11495107880511861,11,2,0.7879863324431883,0.02725902500264201,0.015941338194632185,0.033598242143165036
510,13.469200606612123,0.11495107880511861,15,2,0.7470664832490129,0.02725902500264201,0.9,0.033598242143165036
511,66.14860596621551,0.11495107880511861,15,2,3.569136879116247,0.02725902500264201,0.9,0.033598242143165036
512,1.7858359348080295,0.11495107880511861,15,2,0.15773253686965544,0.02725902500264201,0.9,0.033598242143165036
513,2.143900048098604,0.11495107880511861,17,2,0.2064114439804756,0.02725902500264201,0.09999999999870937,0.033598242143165036
514,93.97458705859385,0.11495107880511861,10,2,2.859787106038022,0.02725902500264201,0.8193957950563303,0.033598242143165036
515,5.617775176617742,0.11495107880511861,14,2,1.027307781421869,0.02725902500264201,0.09999999999999602,0.033598242143165036
516,41.735563657911136,0.11495107880511861,15,2,1.8690342288426876,0.02725902500264201,0.9,0.033598242143165036
517,17.273126757330385,0.11495107880511861,13,2,0.982178243607168,0.02725902500264201,0.8999919339514969,0.033598242143165036
518,4.144657040624338,0.11495107880511861,9,2,0.0278568117340334,0.02725902500264201,0.8555110400326136,0.033598242143165036
519,65.21607912647904,0.11495107880511861,14,2,2.3940044654182344,0.02725902500264201,0.8999973398621592,0.033598242143165036
520,4.099947165428816,0.11495107880511861,13,2,0.46441516357331014,0.02725902500264201,0.17121830728832807,0.033598242143165036
521,14.65047286925971,0.11495107880511861,12,2,2.402493560790518,0.02725902500264201,0.09999999999998173,0.033598242143165036
522,1.6494863150081729,0.11495107880511861,19,2,0.7851590942980797,0.02725902500264201,0.09853591394004899,0.033598242143165036
523,1.264027071994194,0.11495107880511861,19,2,0.7307299799708247,0.02725902500264201,0.14734880845827053,0.033598242143165036
524,53.613074890717364,0.11495107880511861,15,2,2.1630784468072526,0.02725902500264201,0.9,0.033598242143165036
525,2.1095711017650336,0.11495107880511861,15,2,0.36767721832110006,0.02725902500264201,0.09999999978803406,0.033598242143165036
526,239.67186373032857,0.11495107880511861,1,2,5.056335719329246,0.02725902500264201,0.8949516317065754,0.033598242143165036
527,7.043837070803309,0.11495107880511861,6,2,1.2557495219568795,0.02725902500264201,0.099369231304119,0.033598242143165036
528,12.01055334169281,0.11495107880511861,8,2,1.1409301037700768,0.02725902500264201,0.18486598235070997,0.033598242143165036
529,2.522728569665879,0.11495107880511861,17,2,0.04349216829718993,0.02725902500264201,0.09999999999655124,0.033598242143165036
530,1.560549337282886,0.11495107880511861,19,2,0.7924318601301709,0.02725902500264201,0.07599388758580491,0.033598242143165036
531,1.8703813614142566,0.11495107880511861,18,2,0.3938274790422061,0.02725902500264201,0.09999999999999999,0.033598242143165036
532,11.148008630583476,0.11495107880511861,14,2,0.6262255311332384,0.02725902500264201,0.5641396129355741,0.033598242143165036
533,169.69287852134357,0.11495107880511861,8,2,4.002479016959212,0.02725902500264201,0.866548445400116,0.033598242143165036
534,1.4155222469907585,0.11495107880511861,19,2,0.7681725515285455,0.02725902500264201,0.05434466422319471,0.033598242143165036
535,11.564844716634058,0.11495107880511861,1,2,0.4438880567964274,0.02725902500264201,0.8932644800060506,0.033598242143165036
536,3.949423451453305,0.11495107880511861,15,2,0.08798219424775947,0.02725902500264201,0.9,0.033598242143165036
537,12.030107994149066,0.11495107880511861,3,2,0.5503278050960166,0.02725902500264201,0.8835597258264511,0.033598242143165036
538,232.5984791001011,0.11495107880511861,3,2,4.648639241665085,0.02725902500264201,0.8931579815701582,0.033598242143165036
539,20.57806677883355,0.11495107880511861,15,2,1.3968729998305682,0.02725902500264201,0.9,0.033598242143165036
540,2.616912326544336,0.11495107880511861,15,2,0.10940531421893786,0.02725902500264201,0.09999999999993682,0.033598242143165036
541,2.3554383392097282,0.11495107880511861,16,2,0.18582481261129608,0.02725902500264201,0.09999999999750465,0.033598242143165036
542,42.48756237138594,0.11495107880511861,10,2,1.634363818674995,0.02725902500264201,0.8593439876516937,0.033598242143165036
543,2.356017928547095,0.11495107880511861,17,2,0.03709624924060743,0.02725902500264201,0.09999999999994504,0.033598242143165036
544,0.6364233998196369,0.11495107880511861,4,2,0.32744473296349924,0.02725902500264201,0.052376203451808996,0.033598242143165036
545,1.7549974750346726,0.11495107880511861,15,2,0.5431986275381104,0.02725902500264201,0.09999999969778066,0.033598242143165036
546,2.048254899768685,0.11495107880511861,18,2,0.266657343806148,0.02725902500264201,0.1,0.033598242143165036
547,39.161369131414844,0.11495107880511861,8,2,1.5307029476292866,0.02725902500264201,0.8633158124982174,0.033598242143165036
548,3.1288068894034162,0.11495107880511861,16,2,0.14182477858272496,0.02725902500264201,0.09999999999899584,0.033598242143165036
549,16.164792114267442,0.11495107880511861,6,2,1.234887968158179,0.02725902500264201,0.8909813251360739,0.033598242143165036
550,1.7415774845395875,0.11495107880511861,12,2,0.47297865106811166,0.02725902500264201,0.09999999783548091,0.033598242143165036
551,0.7568210821987734,0.11495107880511861,15,2,0.5723543246446153,0.02725902500264201,0.9,0.033598242143165036
552,9.031290445139003,0.11495107880511861,1,2,2.2140756439112406,0.02725902500264201,0.09999935673245411,0.033598242143165036
553,21.406067361755436,0.11495107880511861,1,2,1.0004928957530577,0.02725902500264201,0.8946054320416547,0.033598242143165036
554,0.6969434435620345,0.11495107880511861,19,2,0.5704170530509781,0.02725902500264201,0.6527021777217045,0.033598242143165036
555,2.8956611053622368,0.11495107880511861,16,2,0.038743507495158556,0.02725902500264201,0.09999999999997425,0.033598242143165036
556,2.4428767129951683,0.11495107880511861,17,2,0.016737283748762273,0.02725902500264201,0.09999999987403978,0.033598242143165036
557,23.21660579059095,0.11495107880511861,7,2,4.102418850371383,0.02725902500264201,0.09999999998753385,0.033598242143165036
558,1.7024336630064474,0.11495107880511861,13,2,0.2275581142519781,0.02725902500264201,0.5572996397697486,0.033598242143165036
559,0.3642313700229958,0.11495107880511861,1,2,0.21528731894733166,0.02725902500264201,0.08103011936191155,0.033598242143165036
560,23.71870159008067,0.11495107880511861,6,2,1.1203577830119906,0.02725902500264201,0.8423563103591579,0.033598242143165036
561,1.2122638332820521,0.11495107880511861,19,2,0.7309785511535153,0.02725902500264201,0.0300635510753689,0.033598242143165036
562,45.41856634039166,0.11495107880511861,1,2,1.6213855377069348,0.02725902500264201,0.8932511053008338,0.033598242143165036
563,2.1624019841414985,0.11495107880511861,3,2,0.8858899083621649,0.02725902500264201,0.013258528518268947,0.033598242143165036
564,1.6158056682373763,0.11495107880511861,19,2,0.7900094066282388,0.02725902500264201,0.09199292015335744,0.033598242143165036
565,38.84953959791168,0.11495107880511861,15,2,1.8090139841583959,0.02725902500264201,0.9,0.033598242143165036
566,1.556388604933699,0.11495107880511861,19,2,0.6976549388462361,0.02725902500264201,0.05610735887774146,0.033598242143165036
567,36.51163700744135,0.11495107880511861,8,2,2.9435573481384942,0.02725902500264201,0.005444578302387898,0.033598242143165036
568,8.15987619402171,0.11495107880511861,13,2,0.8918298827745201,0.02725902500264201,0.8412709683428631,0.033598242143165036
569,11.585953041184954,0.11495107880511861,15,2,0.9985308499783827,0.02725902500264201,0.9,0.033598242143165036
570,13.658608578371934,0.11495107880511861,8,2,1.2945084154277757,0.02725902500264201,0.2552889088449867,0.033598242143165036
571,0.698200773055523,0.11495107880511861,1,2,0.6980817528553617,0.02725902500264201,0.23911093888218557,0.033598242143165036
572,13.0698417143831,0.11495107880511861,1,2,0.9372581604044605,0.02725902500264201,0.8063382108346888,0.033598242143165036
573,0.7552048250749576,0.11495107880511861,19,2,0.7040664399899426,0.02725902500264201,0.4633379828221039,0.033598242143165036
574,1.5621948093826223,0.11495107880511861,15,2,0.23732159648343396,0.02725902500264201,0.9,0.033598242143165036
575,1.5682341824957162,0.11495107880511861,10,2,0.35937030593828545,0.02725902500264201,0.04721092053242082,0.033598242143165036
576,1.8449475991993871,0.11495107880511861,15,2,0.06232689545958565,0.02725902500264201,0.9,0.033598242143165036
577,1.0670445276143439,0.11495107880511861,19,2,0.7130041181081562,0.02725902500264201,0.10744711590560105,0.033598242143165036
578,25.805611171352023,0.11495107880511861,5,2,1.7507959523482604,0.02725902500264201,0.8681136855279543,0.033598242143165036
579,2.3039420871323175,0.11495107880511861,16,2,0.17739491556424036,0.02725902500264201,0.09999999969918472,0.033598242143165036
580,1.6542234067168635,0.11495107880511861,19,2,0.8032335329485155,0.02725902500264201,0.09876274246029076,0.033598242143165036
581,1.8989974887540229,0.11495107880511861,17,2,0.4852522748808991,0.02725902500264201,0.0999999999992048,0.033598242143165036
582,3.7897079098784556,0.11495107880511861,15,2,0.5286500868022579,0.02725902500264201,0.09999999944822613,0.033598242143165036
583,3.1636517584592836,0.11495107880511861,10,2,0.07539950675619533,0.02725902500264201,0.7631133374771176,0.033598242143165036
584,140.8176642974812,0.11495107880511861,7,2,3.5197549681969593,0.02725902500264201,0.8915063989982118,0.033598242143165036
585,68.24432483849878,0.11495107880511861,5,2,2.2890471889170283,0.02725902500264201,0.8852971313926757,0.033598242143165036
586,11.991111207191254,0.11495107880511861,15,2,0.8526946689346916,0.02725902500264201,0.9,0.033598242143165036
587,2.1041533976839846,0.11495107880511861,17,2,0.3336812994469593,0.02725902500264201,0.09999999999998478,0.033598242143165036
588,2.075004343684733,0.11495107880511861,17,2,0.31376390216211864,0.02725902500264201,0.09999999998937939,0.033598242143165036
589,3.0292205795206137,0.11495107880511861,12,2,0.07139181118219567,0.02725902500264201,0.09999999999339042,0.033598242143165036
590,102.79522176323222,0.11495107880511861,9,2,4.202919753717394,0.02725902500264201,0.479603810531154,0.033598242143165036
591,3.2714453907928247,0.11495107880511861,16,2,0.18004411108566784,0.02725902500264201,0.09999999999998367,0.033598242143165036
592,2.7823661966408784,0.11495107880511861,14,2,0.03704107494833326,0.02725902500264201,0.09999999920524483,0.033598242143165036
593,58.338306106696756,0.11495107880511861,5,2,2.7813350083007222,0.02725902500264201,0.6917862491104789,0.033598242143165036
594,55.03373274560831,0.11495107880511861,1,2,1.9728299638507703,0.02725902500264201,0.8920402099115682,0.033598242143165036
595,1.0077324752488186,0.11495107880511861,14,2,0.5668834510972277,0.02725902500264201,0.011442637330921351,0.033598242143165036
596,7.758643014203797,0.11495107880511861,9,2,1.0772602245302687,0.02725902500264201,0.09999999994892983,0.033598242143165036
597,75.17683557409143,0.11495107880511861,13,2,2.6153483367779624,0.02725902500264201,0.6393172575385447,0.033598242143165036
598,0.6264519367749519,0.11495107880511861,0,2,0.5507164505912227,0.02725902500264201,0.03190201144545923,0.033598242143165036
599,49.55407489349993,0.11495107880511861,1,2,1.833707925983352,0.02725902500264201,0.8934089470573173,0.033598242143165036
600,3.0594961704642136,0.11495107880511861,11,2,0.11656051874827841,0.02725902500264201,0.8634493415377416,0.033598242143165036
601,3.1038859945705712,0.11495107880511861,10,2,0.1347517266494427,0.02725902500264201,0.850432476479396,0.033598242143165036
602,28.01954133385073,0.11495107880511861,15,2,1.5823388250534016,0.02725902500264201,0.9,0.033598242143165036
603,11.697658641670072,0.11495107880511861,4,2,0.5939654333666564,0.02725902500264201,0.8874379809053501,0.033598242143165036
604,10.817686704433683,0.11495107880511861,13,2,1.7238830526561808,0.02725902500264201,0.023319012701450134,0.033598242143165036
605,1.4722639544910925,0.11495107880511861,19,2,0.7422467768712775,0.02725902500264201,0.02165887428908618,0.033598242143165036
606,3.9173699306975047,0.11495107880511861,8,2,0.4702806372222054,0.02725902500264201,0.09999761596171954,0.033598242143165036
607,2.0544221373868825,0.11495107880511861,15,2,0.029248867610136075,0.02725902500264201,0.9,0.033598242143165036
608,2.192062704081438,0.11495107880511861,17,2,0.2718309959458794,0.02725902500264201,0.099999987790774,0.033598242143165036
609,0.728948449634742,0.11495107880511861,5,2,0.06438965783056541,0.02725902500264201,0.023489156227879088,0.033598242143165036
610,52.676885966059295,0.11495107880511861,10,2,1.8378581672690355,0.02725902500264201,0.8865198875471452,0.033598242143165036
611,1.8940281911489911,0.11495107880511861,5,2,0.24467130495555584,0.02725902500264201,0.8995699540006719,0.033598242143165036
612,5.408850860540201,0.11495107880511861,7,2,0.6387081619650621,0.02725902500264201,0.1947016850584297,0.033598242143165036
613,0.9362642489069686,0.11495107880511861,3,2,0.301214808454563,0.02725902500264201,0.09409311147731059,0.033598242143165036
614,1.642531647147721,0.11495107880511861,19,2,0.8006111357623538,0.02725902500264201,0.0919162039266366,0.033598242143165036
615,2.591170271837874,0.11495107880511861,16,2,0.08369914560377263,0.02725902500264201,0.09999999999983507,0.033598242143165036
616,1.7827546640020444,0.11495107880511861,17,2,0.6182864004237814,0.02725902500264201,0.09999999999997856,0.033598242143165036
617,14.198226338255411,0.11495107880511861,11,2,0.570276028757726,0.02725902500264201,0.8819401715653149,0.033598242143165036
618,0.973939684431784,0.11495107880511861,18,2,0.4035575651922121,0.02725902500264201,0.3980088772792094,0.033598242143165036
619,3.2418829227705106,0.11495107880511861,15,2,0.29433844497467476,0.02725902500264201,0.9,0.033598242143165036
620,96.91685729354903,0.11495107880511861,6,2,2.7240331588198012,0.02725902500264201,0.893226627679544,0.033598242143165036
621,1.883395113969263,0.11495107880511861,18,2,0.4295647936074728,0.02725902500264201,0.09999999999999538,0.033598242143165036
622,118.74675693296841,0.11495107880511861,15,2,3.401844034546648,0.02725902500264201,0.9,0.033598242143165036
623,37.527355326500974,0.11495107880511861,10,2,1.6715134324942587,0.02725902500264201,0.8998882411289932,0.033598242143165036
624,4.404259844680572,0.11495107880511861,1,2,0.014299015487871075,0.02725902500264201,0.8933584470294388,0.033598242143165036
625,0.5261130673480523,0.11495107880511861,3,2,0.18770399936555157,0.02725902500264201,0.15785334878991683,0.033598242143165036
626,28.75032484932367,0.11495107880511861,1,2,1.2054943344107691,0.02725902500264201,0.8933493561937008,0.033598242143165036
627,1.6040809394331386,0.11495107880511861,13,2,0.4590397988343316,0.02725902500264201,0.09999999377314228,0.033598242143165036
628,1.149455955010595,0.11495107880511861,4,2,0.7235600347290986,0.02725902500264201,0.023412499300549672,0.033598242143165036
629,2.031408769615213,0.11495107880511861,17,2,0.3384707738903139,0.02725902500264201,0.0999999999815659,0.033598242143165036
630,1.3067551038546177,0.11495107880511861,15,2,0.3434176187680024,0.02725902500264201,0.9,0.033598242143165036
631,35.37045810051938,0.11495107880511861,4,2,2.2637648095324803,0.02725902500264201,0.5360114575860092,0.033598242143165036
632,7.998633381825732,0.11495107880511861,15,2,0.32975223058979175,0.02725902500264201,0.9,0.033598242143165036
633,157.34306875033727,0.11495107880511861,1,2,3.721504615645391,0.02725902500264201,0.8932515341874397,0.033598242143165036
634,11.247199549933445,0.11495107880511861,15,2,0.8093516166283671,0.02725902500264201,0.9,0.033598242143165036
635,1.2665095334847554,0.11495107880511861,15,2,0.3055264033919685,0.02725902500264201,0.40055342216138845,0.033598242143165036
636,1.5545424570430875,0.11495107880511861,3,2,0.8174032845549591,0.02725902500264201,0.0869222593653742,0.033598242143165036
637,3.956708750433916,0.11495107880511861,11,2,0.6498940194177584,0.02725902500264201,0.09999998671562278,0.033598242143165036
638,100.68905759442464,0.11495107880511861,8,2,2.9146496911717805,0.02725902500264201,0.8899299435061313,0.033598242143165036
639,0.6380176461673612,0.11495107880511861,1,2,0.6899187318844285,0.02725902500264201,0.8227988974813296,0.033598242143165036
640,1.7098414843337164,0.11495107880511861,10,2,0.34601877441820494,0.02725902500264201,0.09999998765830777,0.033598242143165036
641,32.44013012578188,0.11495107880511861,1,2,1.3706378284504277,0.02725902500264201,0.8934427616731777,0.033598242143165036
642,1.8877769460939409,0.11495107880511861,18,2,0.36153590114113554,0.02725902500264201,0.09999999999067012,0.033598242143165036
643,22.124718972217977,0.11495107880511861,2,2,1.6668414143615775,0.02725902500264201,0.21622555822879017,0.033598242143165036
644,41.48739756775023,0.11495107880511861,8,2,1.8126565773169108,0.02725902500264201,0.8555565192044677,0.033598242143165036
645,116.43482582667272,0.11495107880511861,6,2,3.0848189514958375,0.02725902500264201,0.8917584951363509,0.033598242143165036
646,68.00238242642308,0.11495107880511861,4,2,2.5459453495842683,0.02725902500264201,0.8774081803046458,0.033598242143165036
647,4.089242860978679,0.11495107880511861,8,2,0.7507890800328317,0.02725902500264201,0.06196143403006762,0.033598242143165036
648,25.311434506634626,0.11495107880511861,15,2,1.4647709261720419,0.02725902500264201,0.9,0.033598242143165036
649,20.25367314924453,0.11495107880511861,11,2,0.9449359051151859,0.02725902500264201,0.793668087970942,0.033598242143165036
650,19.477132414905753,0.11495107880511861,15,2,1.679775277022503,0.02725902500264201,0.9,0.033598242143165036
651,1.752643137863394,0.11495107880511861,5,2,0.25162376057705943,0.02725902500264201,0.8613824508269899,0.033598242143165036
652,1.4349598612502974,0.11495107880511861,19,2,0.7308374334711165,0.02725902500264201,0.02042803169358147,0.033598242143165036
653,34.914449455719776,0.11495107880511861,15,2,1.556573257454921,0.02725902500264201,0.9,0.033598242143165036
654,0.8457336710990409,0.11495107880511861,19,2,0.7066310349074653,0.02725902500264201,0.31862851058101227,0.033598242143165036
655,2.3121534795743313,0.11495107880511861,15,2,0.10253954435812382,0.02725902500264201,0.9,0.033598242143165036
656,72.40053731615701,0.11495107880511861,5,2,2.3858464299417874,0.02725902500264201,0.8676175913302827,0.033598242143165036
657,1.2545237116462413,0.11495107880511861,6,2,0.5957109924229165,0.02725902500264201,0.02374405830848468,0.033598242143165036
658,9.295000553756921,0.11495107880511861,5,2,1.9548072584965057,0.02725902500264201,0.03294101077781336,0.033598242143165036
659,46.632849415635285,0.11495107880511861,4,2,1.9342305490469018,0.02725902500264201,0.8533560999608741,0.033598242143165036
660,10.564480855129645,0.11495107880511861,8,2,0.4087787071091926,0.02725902500264201,0.872801836895887,0.033598242143165036
661,0.38285769824898247,0.11495107880511861,7,2,0.3783563685828101,0.02725902500264201,0.17650836008684825,0.033598242143165036
662,71.36027676201746,0.11495107880511861,15,2,2.7758729621182376,0.02725902500264201,0.9,0.033598242143165036
663,1.6819511261846938,0.11495107880511861,19,2,0.6028627196335135,0.02725902500264201,0.09999999999989673,0.033598242143165036
664,36.34429040987905,0.11495107880511861,8,2,1.8203480905133056,0.02725902500264201,0.534506193831093,0.033598242143165036
665,41.74600606140646,0.11495107880511861,2,2,2.1647831053073623,0.02725902500264201,0.8190971317379824,0.033598242143165036
666,0.8661876009182055,0.11495107880511861,7,2,0.5488506986426567,0.02725902500264201,0.0925488509255171,0.033598242143165036
667,1.946906625863951,0.11495107880511861,18,2,0.35951221369320235,0.02725902500264201,0.09999999999928177,0.033598242143165036
668,56.790155698936005,0.11495107880511861,11,2,2.7332339693120216,0.02725902500264201,0.4355990765938833,0.033598242143165036
669,1.7788080557557435,0.11495107880511861,18,2,0.52829172794201,0.02725902500264201,0.0999999999850733,0.033598242143165036
670,1.2540371050671302,0.11495107880511861,18,2,0.5217167991689143,0.02725902500264201,0.008796556906642258,0.033598242143165036
671,1.9554792607106257,0.11495107880511861,18,2,0.35017194477378005,0.02725902500264201,0.0999999999999995,0.033598242143165036
672,75.70712407955989,0.11495107880511861,1,2,2.5135231306792534,0.02725902500264201,0.8927723598716099,0.033598242143165036
673,5.544024309410925,0.11495107880511861,15,2,0.29030963289208334,0.02725902500264201,0.9,0.033598242143165036
674,1.7955437399690517,0.11495107880511861,18,2,0.5466024795527923,0.02725902500264201,0.1,0.033598242143165036
675,7.132130334536493,0.11495107880511861,13,2,1.1968154895024337,0.02725902500264201,0.09999999865328586,0.033598242143165036
676,74.25213921156615,0.11495107880511861,3,2,3.3532174570287467,0.02725902500264201,0.8480507250333889,0.033598242143165036
677,1.6165345722762139,0.11495107880511861,19,2,0.7596620462761615,0.02725902500264201,0.08900351721840628,0.033598242143165036
678,1.84234348744393,0.11495107880511861,13,2,0.4199838577551102,0.02725902500264201,0.09999999931283253,0.033598242143165036
679,6.5361553496616125,0.11495107880511861,8,2,0.252699199205599,0.02725902500264201,0.7747774975985382,0.033598242143165036
680,25.220031010199207,0.11495107880511861,8,2,2.238397833626515,0.02725902500264201,0.06620026847487642,0.033598242143165036
681,9.201205475335122,0.11495107880511861,7,2,0.36451663437487497,0.02725902500264201,0.8367571336094186,0.033598242143165036
682,7.008535229739803,0.11495107880511861,15,2,0.6802201142367543,0.02725902500264201,0.9,0.033598242143165036
683,1.5946221059047332,0.11495107880511861,17,2,0.35597919481461626,0.02725902500264201,0.09999999968343393,0.033598242143165036
684,1.8034723600984168,0.11495107880511861,18,2,0.5671886303013263,0.02725902500264201,0.0999999999922068,0.033598242143165036
685,2.742226790700432,0.11495107880511861,11,2,0.023608377361573802,0.02725902500264201,0.09999999736786175,0.033598242143165036
686,7.204820595998086,0.11495107880511861,5,2,1.113086010081851,0.02725902500264201,0.07299514141426712,0.033598242143165036
687,1.6554747049257874,0.11495107880511861,19,2,0.8737023226698184,0.02725902500264201,0.09876916401694869,0.033598242143165036
688,55.47425598326723,0.11495107880511861,9,2,2.1543845003979345,0.02725902500264201,0.7983031010415917,0.033598242143165036
689,39.62069268038048,0.11495107880511861,11,2,1.8383457043436688,0.02725902500264201,0.5968794245362229,0.033598242143165036
690,50.162103726437216,0.11495107880511861,11,2,2.053645933544915,0.02725902500264201,0.6264693241189742,0.033598242143165036
691,0.49434070156505483,0.11495107880511861,0,2,0.34486049753631676,0.02725902500264201,0.06104181366020429,0.033598242143165036
692,65.95973734666937,0.11495107880511861,1,2,2.219517730092917,0.02725902500264201,0.8884774039757546,0.033598242143165036
693,4.1606048390960995,0.11495107880511861,15,2,0.05421940300385715,0.02725902500264201,0.9,0.033598242143165036
694,0.37265270105219406,0.11495107880511861,1,2,0.5394410871765304,0.02725902500264201,0.14323042127491806,0.033598242143165036
695,10.273436510954577,0.11495107880511861,13,2,0.5966208198719184,0.02725902500264201,0.6199857103642605,0.033598242143165036
696,1.578218928072058,0.11495107880511861,18,2,0.5093890815322822,0.02725902500264201,0.09999993093833097,0.033598242143165036
697,2.260544069877031,0.11495107880511861,17,2,0.1254182014466496,0.02725902500264201,0.0999999999999903,0.033598242143165036
698,38.31372060861161,0.11495107880511861,15,2,2.4684435667062354,0.02725902500264201,0.9,0.033598242143165036
699,1.9276374569263093,0.11495107880511861,14,2,0.4348653902062262,0.02725902500264201,0.09999999788838948,0.033598242143165036
700,1.6474712456451992,0.11495107880511861,19,2,0.859567285635994,0.02725902500264201,0.096021092135818,0.033598242143165036
701,86.787209685285,0.11495107880511861,11,2,2.577088034285534,0.02725902500264201,0.8788623789267834,0.033598242143165036
702,1.1120218279298022,0.11495107880511861,19,2,0.7300114389126281,0.02725902500264201,0.20703889180742333,0.033598242143165036
703,10.326196448680047,0.11495107880511861,10,2,0.38635222085842075,0.02725902500264201,0.8857298251125353,0.033598242143165036
704,0.7965595511568947,0.11495107880511861,18,2,0.5165229127047382,0.02725902500264201,0.5069097069559511,0.033598242143165036
705,1.1835000643557883,0.11495107880511861,18,2,0.3420026936107596,0.02725902500264201,0.09986254406121974,0.033598242143165036
706,0.8094074241104997,0.11495107880511861,18,2,0.5120497585410827,0.02725902500264201,0.6023516632535802,0.033598242143165036
707,2.9411486926220904,0.11495107880511861,15,2,0.5712352443529188,0.02725902500264201,0.9,0.033598242143165036
708,130.0396677450022,0.11495107880511861,11,2,4.243394002154062,0.02725902500264201,0.5363118018036819,0.033598242143165036
709,5.078474592431968,0.11495107880511861,9,2,0.5350291266909568,0.02725902500264201,0.06412186047978913,0.033598242143165036
710,35.958543760766034,0.11495107880511861,15,2,1.4990172113925302,0.02725902500264201,0.9,0.033598242143165036
711,21.409843715808208,0.11495107880511861,8,2,1.2861805270398787,0.02725902500264201,0.7505144843758033,0.033598242143165036
712,19.939291998054035,0.11495107880511861,7,2,2.7678343985230107,0.02725902500264201,0.0667574164097498,0.033598242143165036
713,1.7332380558805558,0.11495107880511861,18,2,0.5566360940457212,0.02725902500264201,0.09999999998802364,0.033598242143165036
714,21.321627465690735,0.11495107880511861,1,2,0.8958488379374179,0.02725902500264201,0.8932525219478948,0.033598242143165036
715,1.7895159484602878,0.11495107880511861,18,2,0.49859725306616426,0.02725902500264201,0.1,0.033598242143165036
716,0.832101018928422,0.11495107880511861,1,2,0.681597086018873,0.02725902500264201,0.08673761068236127,0.033598242143165036
717,1.8919526919216418,0.11495107880511861,18,2,0.37120040394934883,0.02725902500264201,0.09999999999941475,0.033598242143165036
718,1.5091201693234684,0.11495107880511861,19,2,0.5475369987279773,0.02725902500264201,0.09999993223764424,0.033598242143165036
719,0.5667214103630838,0.11495107880511861,5,2,0.08398218303357426,0.02725902500264201,0.004986588519146212,0.033598242143165036
720,13.96256996227031,0.11495107880511861,15,2,1.8025161774746887,0.02725902500264201,0.9,0.033598242143165036
721,143.3974456774664,0.11495107880511861,9,2,3.8251838785951295,0.02725902500264201,0.860881583878341,0.033598242143165036
722,100.30237194894828,0.11495107880511861,15,2,3.6461426350493387,0.02725902500264201,0.9,0.033598242143165036
723,2.4981239214450737,0.11495107880511861,16,2,0.11551867903168808,0.02725902500264201,0.09999999999999983,0.033598242143165036
724,11.171049954840962,0.11495107880511861,13,2,1.160836282026904,0.02725902500264201,0.08057464150658455,0.033598242143165036
725,24.709863066124022,0.11495107880511861,12,2,1.3954036521615,0.02725902500264201,0.5490100012361601,0.033598242143165036
726,44.98530744688304,0.11495107880511861,8,2,2.66444133011899,0.02725902500264201,0.42592861980065067,0.033598242143165036
727,6.620693293161577,0.11495107880511861,14,2,1.1912247736255208,0.02725902500264201,0.09999999997558524,0.033598242143165036
728,1.941430356838654,0.11495107880511861,17,2,0.40202968440858866,0.02725902500264201,0.09999999999985579,0.033598242143165036
729,0.7239759153668183,0.11495107880511861,13,2,0.547183158725806,0.02725902500264201,0.6082538120553884,0.033598242143165036
730,152.8852049389011,0.11495107880511861,6,2,3.783876241951547,0.02725902500264201,0.8796055698887312,0.033598242143165036
731,6.172784287164995,0.11495107880511861,4,2,1.7635113316153141,0.02725902500264201,0.05989324844601707,0.033598242143165036
732,0.981935470789667,0.11495107880511861,10,2,0.21974948994283622,0.02725902500264201,0.008766893998274392,0.033598242143165036
733,4.058956948643888,0.11495107880511861,15,2,0.3616266768672841,0.02725902500264201,0.09999999998861735,0.033598242143165036
734,8.54329841968343,0.11495107880511861,15,2,0.8392978772508219,0.02725902500264201,0.9,0.033598242143165036
735,2.160714314824714,0.11495107880511861,17,2,0.16099371237910717,0.02725902500264201,0.099999999979451,0.033598242143165036
736,2.7564520155979912,0.11495107880511861,9,2,0.5100541057030443,0.02725902500264201,0.04243116758504214,0.033598242143165036
737,1.9733178132987392,0.11495107880511861,18,2,0.32232573163178063,0.02725902500264201,0.1,0.033598242143165036
738,36.137883377389024,0.11495107880511861,1,2,1.4646128824931202,0.02725902500264201,0.8944151423764553,0.033598242143165036
739,1.9270503356858126,0.11495107880511861,18,2,0.4051559064141907,0.02725902500264201,0.1,0.033598242143165036
740,87.5521531630441,0.11495107880511861,1,2,2.6868033137051075,0.02725902500264201,0.8931082277350293,0.033598242143165036
741,76.91955368037937,0.11495107880511861,6,2,2.493631144609967,0.02725902500264201,0.8822228158222667,0.033598242143165036
742,18.744415375165588,0.11495107880511861,9,2,2.396979338808689,0.02725902500264201,0.14718955553193214,0.033598242143165036
743,1.0601876790532376,0.11495107880511861,4,2,0.5341386574557617,0.02725902500264201,0.01642088727288306,0.033598242143165036
744,1.8564162452384037,0.11495107880511861,18,2,0.45216117037077513,0.02725902500264201,0.09999999999999988,0.033598242143165036
745,2.0416961123891846,0.11495107880511861,16,2,0.38595479510084085,0.02725902500264201,0.09999999999999598,0.033598242143165036
746,7.698219186582826,0.11495107880511861,1,2,0.49598386046913684,0.02725902500264201,0.8710944806219498,0.033598242143165036
747,58.340143229797405,0.11495107880511861,5,2,2.0408825957752845,0.02725902500264201,0.8664595703172849,0.033598242143165036
748,2.4389723481709846,0.11495107880511861,15,2,0.21503939718454465,0.02725902500264201,0.9,0.033598242143165036
749,63.257387094261155,0.11495107880511861,11,2,2.122234182991516,0.02725902500264201,0.8646249127008189,0.033598242143165036
750,1.4877299015158552,0.11495107880511861,15,2,0.8837525268125822,0.02725902500264201,0.9,0.033598242143165036
751,24.024008714598803,0.11495107880511861,8,2,1.0485413653533313,0.02725902500264201,0.8793922615934594,0.033598242143165036
752,1.7991214635064963,0.11495107880511861,18,2,0.5232889415876859,0.02725902500264201,0.09999999999981665,0.033598242143165036
753,4.587842035682472,0.11495107880511861,10,2,0.08064218044090943,0.02725902500264201,0.8688974633417336,0.033598242143165036
754,11.669723994902768,0.11495107880511861,1,2,0.8505404835243559,0.02725902500264201,0.8397997182508943,0.033598242143165036
755,0.9318923346048709,0.11495107880511861,19,2,0.7269449893219886,0.02725902500264201,0.22044576363285215,0.033598242143165036
756,7.604259830145249,0.11495107880511861,5,2,1.0697658754991248,0.02725902500264201,0.15493394776966304,0.033598242143165036
757,4.796684641854812,0.11495107880511861,15,2,0.6635908015330607,0.02725902500264201,0.09999999999506039,0.033598242143165036
758,44.79363779131816,0.11495107880511861,11,2,1.7556561683081207,0.02725902500264201,0.8176650537584426,0.033598242143165036
759,1.2376579492265238,0.11495107880511861,5,2,0.20913821855728268,0.02725902500264201,0.06563936781715933,0.033598242143165036
760,0.9935227636353235,0.11495107880511861,4,2,0.34303450329204466,0.02725902500264201,0.09999807666448784,0.033598242143165036
761,66.24117239534307,0.11495107880511861,15,2,2.539637294421334,0.02725902500264201,0.9,0.033598242143165036
762,0.7646121287898493,0.11495107880511861,19,2,0.6763697053262627,0.02725902500264201,0.292269821560888,0.033598242143165036
763,7.730400631180957,0.11495107880511861,10,2,0.2923973986576579,0.02725902500264201,0.8891116805236381,0.033598242143165036
764,1.5055869960868078,0.11495107880511861,19,2,0.7480076294681185,0.02725902500264201,0.03686123386392262,0.033598242143165036
765,26.98837841399531,0.11495107880511861,1,2,1.1472509444062893,0.02725902500264201,0.8940418964505028,0.033598242143165036
766,32.64104805909699,0.11495107880511861,3,2,1.7219411676562082,0.02725902500264201,0.6289529528445791,0.033598242143165036
767,0.7282677531140783,0.11495107880511861,1,2,0.4977985255219162,0.02725902500264201,0.04532326528250649,0.033598242143165036
768,3.214434363758677,0.11495107880511861,15,2,0.06908338311410567,0.02725902500264201,0.9,0.033598242143165036
769,1.9882834326203935,0.11495107880511861,18,2,0.26853543919963124,0.02725902500264201,0.09999999998259236,0.033598242143165036
770,16.00284946068479,0.11495107880511861,15,2,0.7787182747575504,0.02725902500264201,0.9,0.033598242143165036
771,1.9036961277411297,0.11495107880511861,18,2,0.40097508585584424,0.02725902500264201,0.09999999999999917,0.033598242143165036
772,44.78882628460147,0.11495107880511861,9,2,2.2243321663455298,0.02725902500264201,0.5232968434918573,0.033598242143165036
773,1.4744432048108846,0.11495107880511861,19,2,0.7579141057766359,0.02725902500264201,0.029038247613562662,0.033598242143165036
774,0.2813244997969663,0.11495107880511861,2,2,0.4356532836468404,0.02725902500264201,0.06696542813314146,0.033598242143165036
775,33.62707110931626,0.11495107880511861,7,2,1.8473293555728345,0.02725902500264201,0.8876774000433737,0.033598242143165036
776,55.4612049478986,0.11495107880511861,12,2,2.850512893934675,0.02725902500264201,0.4102067308159224,0.033598242143165036
777,1.9682122922091603,0.11495107880511861,18,2,0.3864364524909686,0.02725902500264201,0.09999999999984324,0.033598242143165036
778,108.34878857104835,0.11495107880511861,7,2,2.9669573892422862,0.02725902500264201,0.885669733878075,0.033598242143165036
779,5.455307440724544,0.11495107880511861,15,2,0.12251845050387172,0.02725902500264201,0.9,0.033598242143165036
780,2.514090063807323,0.11495107880511861,17,2,0.04022412618252245,0.02725902500264201,0.09999999999973112,0.033598242143165036
781,5.945299730023178,0.11495107880511861,14,2,1.2120112613151133,0.02725902500264201,0.8138576448785589,0.033598242143165036
782,30.90758123856585,0.11495107880511861,1,2,1.3492659052240912,0.02725902500264201,0.8941720191090282,0.033598242143165036
783,5.588612755926326,0.11495107880511861,8,2,1.1755718523531529,0.02725902500264201,0.022049663764605598,0.033598242143165036
784,6.558776952987547,0.11495107880511861,15,2,0.20730692271517867,0.02725902500264201,0.9,0.033598242143165036
785,18.04530557039576,0.11495107880511861,14,2,0.9331467686664098,0.02725902500264201,0.8999933471672603,0.033598242143165036
786,0.6215801308354032,0.11495107880511861,18,2,0.6623188168371484,0.02725902500264201,0.5395581269154085,0.033598242143165036
787,43.843387922704295,0.11495107880511861,9,2,2.1802568675774685,0.02725902500264201,0.6890871548059857,0.033598242143165036
788,6.904837038181199,0.11495107880511861,9,2,0.2168479472414046,0.02725902500264201,0.8598553173893215,0.033598242143165036
789,0.9389030336800819,0.11495107880511861,5,2,0.40781850564585365,0.02725902500264201,0.005909747062078585,0.033598242143165036
790,62.325457270268636,0.11495107880511861,9,2,2.5032430549143347,0.02725902500264201,0.6765490335952423,0.033598242143165036
791,13.104662096806546,0.11495107880511861,15,2,0.8308047307413389,0.02725902500264201,0.9,0.033598242143165036
792,2.6498970257981793,0.11495107880511861,10,2,0.093333367247844,0.02725902500264201,0.6952292804968969,0.033598242143165036
793,1.0766260758736015,0.11495107880511861,6,2,0.018857590293199757,0.02725902500264201,0.06642049111647297,0.033598242143165036
794,8.533601279662081,0.11495107880511861,15,2,0.3577172714939731,0.02725902500264201,0.9,0.033598242143165036
795,25.42421458932064,0.11495107880511861,15,2,1.5576000580171667,0.02725902500264201,0.9,0.033598242143165036
796,5.606979029707762,0.11495107880511861,12,2,0.20651988248256994,0.02725902500264201,0.707706462056291,0.033598242143165036
797,2.177051812048423,0.11495107880511861,17,2,0.26183209557463605,0.02725902500264201,0.09999999999999894,0.033598242143165036
798,58.03032926129199,0.11495107880511861,9,2,2.4556551141479903,0.02725902500264201,0.6788471787545902,0.033598242143165036
799,0.4446995045304096,0.11495107880511861,3,2,0.301730649185395,0.02725902500264201,0.1414550760930878,0.033598242143165036
800,13.056294513324636,0.11495107880511861,9,2,0.7293292921190313,0.02725902500264201,0.776219140413419,0.033598242143165036
801,2.384323354024372,0.11495107880511861,8,2,0.10070187689205151,0.02725902500264201,0.6567262305721134,0.033598242143165036
802,20.11538677361022,0.11495107880511861,10,2,0.9249273789651157,0.02725902500264201,0.8506279539846614,0.033598242143165036
803,0.8100865107016954,0.11495107880511861,15,2,0.4394649547536629,0.02725902500264201,0.9,0.033598242143165036
804,218.28521669378185,0.11495107880511861,6,2,5.017281886445085,0.02725902500264201,0.8010233469889922,0.033598242143165036
805,49.47231019446144,0.11495107880511861,5,2,1.7505075610163006,0.02725902500264201,0.8927807439500566,0.033598242143165036
806,1.2164012254736896,0.11495107880511861,19,2,0.7313121706815873,0.02725902500264201,0.13309462422081078,0.033598242143165036
807,2.4109748280160552,0.11495107880511861,16,2,0.15302432443997255,0.02725902500264201,0.09999999999995907,0.033598242143165036
808,19.279649996655177,0.11495107880511861,15,2,1.5157383094232535,0.02725902500264201,0.9,0.033598242143165036
809,3.5007868432024076,0.11495107880511861,14,2,0.32032734152036924,0.02725902500264201,0.09999999892552464,0.033598242143165036
810,80.1186625340584,0.11495107880511861,15,2,3.1108346742466155,0.02725902500264201,0.9,0.033598242143165036
811,14.747809794038805,0.11495107880511861,5,2,1.1654159112874396,0.02725902500264201,0.7967986561087687,0.033598242143165036
812,36.53837451502978,0.11495107880511861,6,2,1.9340567981420695,0.02725902500264201,0.6387491666655958,0.033598242143165036
813,48.19803085169926,0.11495107880511861,11,2,1.9083079351844086,0.02725902500264201,0.8132070100201426,0.033598242143165036
814,0.9090648779380825,0.11495107880511861,16,2,0.4676141226676874,0.02725902500264201,0.46248661600906626,0.033598242143165036
815,1.8769324330354205,0.11495107880511861,18,2,0.4528779388465323,0.02725902500264201,0.09999999999999379,0.033598242143165036
816,1.6313226006620465,0.11495107880511861,15,2,0.22171663078986953,0.02725902500264201,0.4195814490366512,0.033598242143165036
817,52.32328598483128,0.11495107880511861,1,2,2.271442853629681,0.02725902500264201,0.8952434455931136,0.033598242143165036
818,24.765232393916794,0.11495107880511861,0,2,1.5168802700946131,0.02725902500264201,0.8542398173395075,0.033598242143165036
819,67.01208467458943,0.11495107880511861,1,2,2.3388660878267475,0.02725902500264201,0.8919096074023204,0.033598242143165036
820,13.918018108950179,0.11495107880511861,3,2,0.8445426411809062,0.02725902500264201,0.8721868320571441,0.033598242143165036
821,61.53616801162274,0.11495107880511861,0,2,2.996747622425685,0.02725902500264201,0.5337317156141684,0.033598242143165036
822,12.199006489450436,0.11495107880511861,15,2,0.6388173465350323,0.02725902500264201,0.9,0.033598242143165036
823,2.6194540281717296,0.11495107880511861,16,2,0.056313846739174334,0.02725902500264201,0.09999999999961162,0.033598242143165036
824,1.1040479590867154,0.11495107880511861,15,2,0.29306496387325315,0.02725902500264201,0.9,0.033598242143165036
825,32.45715338223256,0.11495107880511861,15,2,1.8037141462905146,0.02725902500264201,0.9,0.033598242143165036
826,2.011978773451464,0.11495107880511861,17,2,0.3608721892859519,0.02725902500264201,0.1,0.033598242143165036
827,9.021595759775389,0.11495107880511861,12,2,1.2470542967432519,0.02725902500264201,0.757583153599236,0.033598242143165036
828,61.86391618769964,0.11495107880511861,15,2,2.68965484928567,0.02725902500264201,0.9,0.033598242143165036
829,18.071772653955865,0.11495107880511861,14,2,1.07893684675369,0.02725902500264201,0.5022832036760679,0.033598242143165036
830,2.1795875471603843,0.11495107880511861,17,2,0.19674374900452923,0.02725902500264201,0.09999999999999984,0.033598242143165036
831,27.30138269472792,0.11495107880511861,1,2,1.163587661360253,0.02725902500264201,0.8932958162470711,0.033598242143165036
832,0.7161523979515536,0.11495107880511861,3,2,0.27186087371763484,0.02725902500264201,0.0724758301527229,0.033598242143165036
833,6.9538952040689255,0.11495107880511861,15,2,0.2261844660556561,0.02725902500264201,0.9,0.033598242143165036
834,5.1336109611854654,0.11495107880511861,3,2,0.0725786788345383,0.02725902500264201,0.8922341370475289,0.033598242143165036
835,1.04472554571646,0.11495107880511861,9,2,0.38254615346751064,0.02725902500264201,0.2286689304007005,0.033598242143165036
836,25.996557284103474,0.11495107880511861,5,2,1.1464361427128353,0.02725902500264201,0.8803707877842777,0.033598242143165036
837,30.355033821231267,0.11495107880511861,1,2,1.2976749787427706,0.02725902500264201,0.8937579028214033,0.033598242143165036
838,0.767309547134024,0.11495107880511861,4,2,0.5836306620764288,0.02725902500264201,0.055981713650910245,0.033598242143165036
839,2.609019757974912,0.11495107880511861,17,2,0.08976481399439595,0.02725902500264201,0.09999999999816912,0.033598242143165036
840,33.332791147728614,0.11495107880511861,9,2,1.325847924764151,0.02725902500264201,0.8854508765917722,0.033598242143165036
841,0.8163627083764896,0.11495107880511861,19,2,0.70581625284921,0.02725902500264201,0.36016734230887937,0.033598242143165036
842,38.19162701868128,0.11495107880511861,5,2,1.4633278154553397,0.02725902500264201,0.8931128492928267,0.033598242143165036
843,4.05973957455911,0.11495107880511861,7,2,0.2794619868240817,0.02725902500264201,0.7754708518783283,0.033598242143165036
844,11.674020860308277,0.11495107880511861,2,2,2.797067375546547,0.02725902500264201,0.08019690141502282,0.033598242143165036
845,2.0915305218490388,0.11495107880511861,17,2,0.3071634774443494,0.02725902500264201,0.09999999999862266,0.033598242143165036
846,1.9673667144812832,0.11495107880511861,18,2,0.3593038498639416,0.02725902500264201,0.09999999999741016,0.033598242143165036
847,51.42099751074899,0.11495107880511861,5,2,1.9103947249519424,0.02725902500264201,0.8896449898784511,0.033598242143165036
848,1.70148139942846,0.11495107880511861,18,2,0.37768618464352083,0.02725902500264201,0.09901403810197845,0.033598242143165036
849,0.08343704029429806,0.08343704029429806,1,1,0.23210812049766683,0.23210812049766683,0.17271321779378215,0.17271321779378215
850,40.13285998931386,0.08343704029429806,12,1,2.084834476957412,0.23210812049766683,0.47385795068969605,0.17271321779378215
851,30.846472192689678,0.08343704029429806,9,1,1.3376534767061068,0.23210812049766683,0.8402384376434696,0.17271321779378215
852,10.160609159590487,0.08343704029429806,6,1,0.5197998925120221,0.23210812049766683,0.7784167976325795,0.17271321779378215
853,11.990034912550227,0.08343704029429806,10,1,1.7605799626286922,0.23210812049766683,0.03703749392684835,0.17271321779378215
854,1.5373668424433624,0.08343704029429806,17,1,0.24772517596361723,0.23210812049766683,0.0996554510215929,0.17271321779378215
855,79.60964558784379,0.08343704029429806,9,1,3.0729822814430436,0.23210812049766683,0.8975158265512476,0.17271321779378215
856,3.3567892111401827,0.08343704029429806,3,1,0.07610946179319784,0.23210812049766683,0.8334870166578826,0.17271321779378215
857,2.101584305802554,0.08343704029429806,17,1,0.3060079491366434,0.23210812049766683,0.099999999999888,0.17271321779378215
858,0.7120298528731026,0.08343704029429806,8,1,0.35699623112921813,0.23210812049766683,0.03507254975592859,0.17271321779378215
859,1.777540692180437,0.08343704029429806,17,1,0.5957936226478358,0.23210812049766683,0.09999999999988973,0.17271321779378215
860,24.23286071861314,0.08343704029429806,10,1,1.2427621761303462,0.23210812049766683,0.6839676653920161,0.17271321779378215
861,1.875718219905203,0.08343704029429806,18,1,0.37120408426379,0.23210812049766683,0.09999999999999971,0.17271321779378215
862,0.1485279433239682,0.08343704029429806,1,1,0.29519942644566255,0.23210812049766683,0.011503531948683407,0.17271321779378215
863,5.179593478940991,0.08343704029429806,15,1,0.15803900024128903,0.23210812049766683,0.9,0.17271321779378215
864,6.634242425154933,0.08343704029429806,15,1,0.36312221431005487,0.23210812049766683,0.9,0.17271321779378215
865,8.664119851180624,0.08343704029429806,4,1,1.7196542429733357,0.23210812049766683,0.05147270708147181,0.17271321779378215
866,151.7383707840158,0.08343704029429806,2,1,3.608247875467831,0.23210812049766683,0.8932499917713013,0.17271321779378215
867,15.104812876476243,0.08343704029429806,10,1,0.6569661884335152,0.23210812049766683,0.8715449805749538,0.17271321779378215
868,18.8095960385645,0.08343704029429806,9,1,0.9776414718323626,0.23210812049766683,0.7933342399927172,0.17271321779378215
869,7.390104865472054,0.08343704029429806,15,1,0.47467283558959317,0.23210812049766683,0.9,0.17271321779378215
870,1.8916007784874522,0.08343704029429806,18,1,0.3692840766131616,0.23210812049766683,0.09999999999994541,0.17271321779378215
871,0.24672369000074088,0.08343704029429806,1,1,0.3219741522533083,0.23210812049766683,0.24678465763091115,0.17271321779378215
872,108.67524149355721,0.08343704029429806,9,1,2.9726174574604456,0.23210812049766683,0.8845531547972558,0.17271321779378215
873,0.7880521884915713,0.08343704029429806,14,1,0.4922899879506263,0.23210812049766683,0.4350238133715467,0.17271321779378215
874,1.6827653006213603,0.08343704029429806,9,1,0.13334728006305754,0.23210812049766683,0.05040448127524577,0.17271321779378215
875,1.748992996092771,0.08343704029429806,17,1,0.4105331174780653,0.23210812049766683,0.09982537357527749,0.17271321779378215
876,2.015345025484951,0.08343704029429806,15,1,0.4112622841913799,0.23210812049766683,0.0999999999549702,0.17271321779378215
877,52.02000361980971,0.08343704029429806,10,1,2.6791879763335067,0.23210812049766683,0.48367558220041984,0.17271321779378215
878,69.36202882863132,0.08343704029429806,15,1,2.7714276186306916,0.23210812049766683,0.9,0.17271321779378215
879,2.414234889299665,0.08343704029429806,17,1,0.12305080064608803,0.23210812049766683,0.09999999999999301,0.17271321779378215
880,1.9747412693021893,0.08343704029429806,17,1,0.383983846820414,0.23210812049766683,0.09999999999976036,0.17271321779378215
881,28.161176332601748,0.08343704029429806,1,1,1.6640023689690417,0.23210812049766683,0.8317902417322935,0.17271321779378215
882,1.8400107064213664,0.08343704029429806,18,1,0.45663377801339333,0.23210812049766683,0.09999999999997794,0.17271321779378215
883,11.152705007695564,0.08343704029429806,15,1,0.7579762372398231,0.23210812049766683,0.9,0.17271321779378215
884,52.52921925588988,0.08343704029429806,7,1,3.060548589256537,0.23210812049766683,0.8037940444621836,0.17271321779378215
885,29.99466491735597,0.08343704029429806,8,1,1.2955828344204359,0.23210812049766683,0.8301133528457647,0.17271321779378215
886,3.977134559402987,0.08343704029429806,15,1,0.11826493654571008,0.23210812049766683,0.9,0.17271321779378215
887,1.8934439190427026,0.08343704029429806,18,1,0.3942202347375856,0.23210812049766683,0.09999999999998989,0.17271321779378215
888,2.020573084152087,0.08343704029429806,18,1,0.3649947444125661,0.23210812049766683,0.09999999999999988,0.17271321779378215
889,17.05087113389099,0.08343704029429806,3,1,0.7896672567698831,0.23210812049766683,0.8057839598891151,0.17271321779378215
890,2.2699160475199043,0.08343704029429806,15,1,0.2799230018407502,0.23210812049766683,0.09999999999990875,0.17271321779378215
891,1.4304111480393673,0.08343704029429806,10,1,0.565616070263698,0.23210812049766683,0.00318782570687344,0.17271321779378215
892,14.48360674311173,0.08343704029429806,15,1,0.8954909939425086,0.23210812049766683,0.9,0.17271321779378215
893,1.6194134959552409,0.08343704029429806,19,1,0.8070868865090725,0.23210812049766683,0.09135003157719958,0.17271321779378215
894,102.01321409062372,0.08343704029429806,15,1,3.0828983209539085,0.23210812049766683,0.9,0.17271321779378215
895,2.203512852178493,0.08343704029429806,18,1,0.05808577664108772,0.23210812049766683,0.09999999999607735,0.17271321779378215
896,2.126353956843343,0.08343704029429806,16,1,0.3134060465438865,0.23210812049766683,0.09999999999838743,0.17271321779378215
897,16.385061686133685,0.08343704029429806,12,1,2.231848473894247,0.23210812049766683,0.09999999999995633,0.17271321779378215
898,57.41277160176868,0.08343704029429806,1,1,1.979214875619408,0.23210812049766683,0.8932559571467374,0.17271321779378215
899,1.1664197090023558,0.08343704029429806,2,1,0.5528503737606274,0.23210812049766683,0.15256130215014138,0.17271321779378215
900,2.339482830445676,0.08343704029429806,17,1,0.015475949571269156,0.23210812049766683,0.09999999999858754,0.17271321779378215
901,0.8332530270784281,0.08343704029429806,19,1,0.6986591085626457,0.23210812049766683,0.1844523143739065,0.17271321779378215
902,53.756112795567134,0.08343704029429806,15,1,2.0246730900317176,0.23210812049766683,0.9,0.17271321779378215
903,1.6574621057440002,0.08343704029429806,19,1,0.8856723787827405,0.23210812049766683,0.09996656793046545,0.17271321779378215
904,2.037272996865226,0.08343704029429806,16,1,0.3686041890023235,0.23210812049766683,0.1,0.17271321779378215
905,1.9891716959978225,0.08343704029429806,18,1,0.3716910588791978,0.23210812049766683,0.09999999999999834,0.17271321779378215
906,2.0326448898476728,0.08343704029429806,17,1,0.32588186359088167,0.23210812049766683,0.09999999999998103,0.17271321779378215
907,8.482660355492657,0.08343704029429806,13,1,1.1383330786506267,0.23210812049766683,0.06298947237788544,0.17271321779378215
908,22.91725652208039,0.08343704029429806,10,1,1.4601752020031755,0.23210812049766683,0.8700600917112797,0.17271321779378215
909,121.71711824071475,0.08343704029429806,1,1,3.259561165406972,0.23210812049766683,0.8933323931807522,0.17271321779378215
910,0.7302657317320419,0.08343704029429806,0,1,0.7051918870789823,0.23210812049766683,0.2638809013316731,0.17271321779378215
911,3.6646386633767256,0.08343704029429806,10,1,0.017219136979471514,0.23210812049766683,0.599199540646662,0.17271321779378215
912,1.483969787747103,0.08343704029429806,9,1,0.16929581332866467,0.23210812049766683,0.4986178317064719,0.17271321779378215
913,64.92301443146117,0.08343704029429806,3,1,2.2513483405522368,0.23210812049766683,0.8870068196810571,0.17271321779378215
914,2.216700015292716,0.08343704029429806,16,1,0.26893300279148896,0.23210812049766683,0.09999999971659994,0.17271321779378215
915,5.846732531407834,0.08343704029429806,11,1,0.8841129410990887,0.23210812049766683,0.12510300378840405,0.17271321779378215
916,21.095690248466855,0.08343704029429806,10,1,0.9596955147479771,0.23210812049766683,0.8709327777594698,0.17271321779378215
917,34.223452626067385,0.08343704029429806,3,1,1.8069310096029565,0.23210812049766683,0.8454042139210723,0.17271321779378215
918,12.63128121913883,0.08343704029429806,6,1,0.5556773121608048,0.23210812049766683,0.8996863111446657,0.17271321779378215
919,1.8531473417245496,0.08343704029429806,18,1,0.40652894447148863,0.23210812049766683,0.1,0.17271321779378215
920,21.933241877539405,0.08343704029429806,11,1,1.2296805255967567,0.23210812049766683,0.589567316412158,0.17271321779378215
921,11.48567241229388,0.08343704029429806,12,1,0.6973766575042469,0.23210812049766683,0.6894216592218122,0.17271321779378215
922,1.2040495320843885,0.08343704029429806,15,1,0.3239369863466411,0.23210812049766683,0.9,0.17271321779378215
923,4.549605296046135,0.08343704029429806,12,1,0.02132379316881619,0.23210812049766683,0.8915468554986167,0.17271321779378215
924,5.367305246376218,0.08343704029429806,12,1,0.6265143741185782,0.23210812049766683,0.09999999999966169,0.17271321779378215
925,1.9604670636041852,0.08343704029429806,18,1,0.2816947847626543,0.23210812049766683,0.09999999999995117,0.17271321779378215
926,2.017572261264519,0.08343704029429806,18,1,0.3143605856746067,0.23210812049766683,0.09999999999999563,0.17271321779378215
927,2.1762930151510593,0.08343704029429806,17,1,0.1570574430431603,0.23210812049766683,0.09999999999976077,0.17271321779378215
928,72.14603835083102,0.08343704029429806,4,1,2.366601808512763,0.23210812049766683,0.8806339067150356,0.17271321779378215
929,6.543008407187071,0.08343704029429806,15,1,0.6425745426576827,0.23210812049766683,0.9,0.17271321779378215
930,1.7446588098715052,0.08343704029429806,18,1,0.6335927158949002,0.23210812049766683,0.1,0.17271321779378215
931,39.14630543017435,0.08343704029429806,10,1,1.5145866627502285,0.23210812049766683,0.86777659959311,0.17271321779378215
932,42.69034630167058,0.08343704029429806,11,1,1.567485025213813,0.23210812049766683,0.8788568872688184,0.17271321779378215
933,0.6931573985655566,0.08343704029429806,10,1,0.45136649222861874,0.23210812049766683,0.18143909589110405,0.17271321779378215
934,23.731440719170106,0.08343704029429806,15,1,1.0341723556445208,0.23210812049766683,0.7505381747343096,0.17271321779378215
935,1.8642371610545396,0.08343704029429806,18,1,0.35844042101951973,0.23210812049766683,0.1,0.17271321779378215
936,14.344428281096782,0.08343704029429806,15,1,0.7109288477786307,0.23210812049766683,0.9,0.17271321779378215
937,48.59475494475311,0.08343704029429806,3,1,2.832560798230955,0.23210812049766683,0.6101196276349214,0.17271321779378215
938,77.02658077079768,0.08343704029429806,10,1,2.540915091073422,0.23210812049766683,0.8505796479368122,0.17271321779378215
939,1.8454694492805133,0.08343704029429806,18,1,0.45071910952581073,0.23210812049766683,0.1,0.17271321779378215
940,1.397512075060869,0.08343704029429806,11,1,0.748015108458345,0.23210812049766683,0.2804744007414669,0.17271321779378215
941,22.494551008686113,0.08343704029429806,15,1,1.2128841181136327,0.23210812049766683,0.9,0.17271321779378215
942,1.6265215938116397,0.08343704029429806,16,1,0.4755024587486482,0.23210812049766683,0.09999999990413921,0.17271321779378215
943,1.6191551064050715,0.08343704029429806,18,1,0.6049418211201291,0.23210812049766683,0.09896583008018393,0.17271321779378215
944,15.856189982751694,0.08343704029429806,11,1,0.831890399479745,0.23210812049766683,0.7981522712938344,0.17271321779378215
945,3.104998412328381,0.08343704029429806,12,1,0.15815634322071143,0.23210812049766683,0.09999999979964844,0.17271321779378215
946,1.0336534464201548,0.08343704029429806,19,1,0.7119718692076559,0.23210812049766683,0.1236857115437538,0.17271321779378215
947,2.1110950663854875,0.08343704029429806,17,1,0.26584833230941574,0.23210812049766683,0.09999999996770313,0.17271321779378215
948,3.240052802467608,0.08343704029429806,15,1,0.1426400842174093,0.23210812049766683,0.9,0.17271321779378215
949,71.30171022778545,0.08343704029429806,0,1,3.132535305828945,0.23210812049766683,0.8212004606429563,0.17271321779378215
950,2.055451528341943,0.08343704029429806,17,1,0.30285741584334175,0.23210812049766683,0.09999999781114417,0.17271321779378215
951,1.9033504150435971,0.08343704029429806,4,1,0.31294252427464436,0.23210812049766683,0.012495623905231984,0.17271321779378215
952,1.9096353046176888,0.08343704029429806,18,1,0.3865273876823685,0.23210812049766683,0.0999999999999936,0.17271321779378215
953,12.306795848439128,0.08343704029429806,15,1,0.79267152834395,0.23210812049766683,0.9,0.17271321779378215
954,0.921847662207239,0.08343704029429806,4,1,0.6914873890204902,0.23210812049766683,0.15971893162918374,0.17271321779378215
955,1.1619979688371358,0.08343704029429806,15,1,0.33736974346135684,0.23210812049766683,0.23367499879455347,0.17271321779378215
956,1.5620765000079115,0.08343704029429806,19,1,0.7538905974669087,0.23210812049766683,0.04911654787635106,0.17271321779378215
957,1.7197084095469908,0.08343704029429806,18,1,0.6122475395586479,0.23210812049766683,0.09999999998585425,0.17271321779378215
958,10.878954780394606,0.08343704029429806,9,1,0.4274118927115042,0.23210812049766683,0.8710730496379722,0.17271321779378215
959,4.957286172907737,0.08343704029429806,12,1,0.045957709742356384,0.23210812049766683,0.8487693135174084,0.17271321779378215
960,3.801884917729671,0.08343704029429806,6,1,0.8204499272591341,0.23210812049766683,0.050696401878488506,0.17271321779378215
961,118.59091546248779,0.08343704029429806,4,1,3.4308621233663614,0.23210812049766683,0.8354463849170894,0.17271321779378215
962,1.41555176158958,0.08343704029429806,15,1,0.3635847313667295,0.23210812049766683,0.9,0.17271321779378215
963,1.9915156370061462,0.08343704029429806,17,1,0.40267869115419047,0.23210812049766683,0.1,0.17271321779378215
964,0.7127154243768384,0.08343704029429806,5,1,0.3458068120775181,0.23210812049766683,0.021817325967367365,0.17271321779378215
965,22.870906111744596,0.08343704029429806,14,1,1.0092677863187292,0.23210812049766683,0.8999937885475587,0.17271321779378215
966,1.8185392460160315,0.08343704029429806,18,1,0.5406173261240126,0.23210812049766683,0.09999999999990106,0.17271321779378215
967,1.0738428886424853,0.08343704029429806,4,1,0.7332578695423981,0.23210812049766683,0.08173724225368403,0.17271321779378215
968,79.80201366086635,0.08343704029429806,6,1,3.239335211172128,0.23210812049766683,0.5110266336878807,0.17271321779378215
969,43.34866061297259,0.08343704029429806,4,1,1.7510811313402304,0.23210812049766683,0.8707464825643175,0.17271321779378215
970,1.5825122168471588,0.08343704029429806,15,1,0.6640628505607273,0.23210812049766683,0.9,0.17271321779378215
971,0.9766199703657608,0.08343704029429806,17,1,0.4108913990715822,0.23210812049766683,0.3155869355263421,0.17271321779378215
972,1.144410159239645,0.08343704029429806,19,1,0.7242018912969196,0.23210812049766683,0.2484828424003672,0.17271321779378215
973,1.5929355046695157,0.08343704029429806,19,1,0.5816100190687695,0.23210812049766683,0.09999999999982019,0.17271321779378215
974,2.03835734005448,0.08343704029429806,18,1,0.23603245194982592,0.23210812049766683,0.09999999999982513,0.17271321779378215
975,1.9913610700782274,0.08343704029429806,17,1,0.38923626383282317,0.23210812049766683,0.1,0.17271321779378215
976,34.83935505263618,0.08343704029429806,3,1,1.5347724544635317,0.23210812049766683,0.8774977485825544,0.17271321779378215
977,7.94803983280749,0.08343704029429806,15,1,0.8480240865052422,0.23210812049766683,0.9,0.17271321779378215
978,1.4915594802981171,0.08343704029429806,18,1,0.6086801209304679,0.23210812049766683,0.04100584539739027,0.17271321779378215
979,3.0800767986775934,0.08343704029429806,15,1,0.09614373878521248,0.23210812049766683,0.9,0.17271321779378215
980,115.78879797189376,0.08343704029429806,8,1,3.1091580853869965,0.23210812049766683,0.8829739540686768,0.17271321779378215
981,35.784833984340715,0.08343704029429806,1,1,1.3992587647660426,0.23210812049766683,0.8932693891750605,0.17271321779378215
982,0.6866758447470332,0.08343704029429806,19,1,0.594000676955028,0.23210812049766683,0.646281354147744,0.17271321779378215
983,0.8243601539148763,0.08343704029429806,16,1,0.6496084991343485,0.23210812049766683,0.37512186424413696,0.17271321779378215
984,43.834158793319055,0.08343704029429806,15,1,1.926153679388605,0.23210812049766683,0.9,0.17271321779378215
985,17.25950585892931,0.08343704029429806,14,1,0.851157557077177,0.23210812049766683,0.8999974059879166,0.17271321779378215
986,120.6790769277783,0.08343704029429806,7,1,3.4445210113104303,0.23210812049766683,0.8226088045822401,0.17271321779378215
987,1.9221114877117247,0.08343704029429806,18,1,0.29778947119344373,0.23210812049766683,0.0999999999992799,0.17271321779378215
988,1.657124751441596,0.08343704029429806,19,1,0.8595834094801086,0.23210812049766683,0.0999533602164893,0.17271321779378215
989,19.883205649935427,0.08343704029429806,9,1,2.07420730825617,0.23210812049766683,0.22755613854324427,0.17271321779378215
990,1.8517844384654687,0.08343704029429806,18,1,0.46220717806361894,0.23210812049766683,0.1,0.17271321779378215
991,1.951063538252914,0.08343704029429806,17,1,0.2536816839267108,0.23210812049766683,0.08690186625978752,0.17271321779378215
992,83.72193538237742,0.08343704029429806,1,1,2.5898013524618886,0.23210812049766683,0.8934668536260699,0.17271321779378215
993,4.56842414164905,0.08343704029429806,14,1,0.4712573753913486,0.23210812049766683,0.8161462196723204,0.17271321779378215
994,13.689251491513378,0.08343704029429806,1,1,0.6429773419275443,0.23210812049766683,0.8934937115298478,0.17271321779378215
995,187.83426677960526,0.08343704029429806,4,1,4.422894353514858,0.23210812049766683,0.8556175249174552,0.17271321779378215
996,1.5435427609159091,0.08343704029429806,12,1,0.1492108702579922,0.23210812049766683,0.5127582418382615,0.17271321779378215
997,4.34399760018467,0.08343704029429806,12,1,0.20614259998554452,0.23210812049766683,0.48787060770265334,0.17271321779378215
998,3.176939993326596,0.08343704029429806,14,1,0.07850581933033944,0.23210812049766683,0.40793683599490227,0.17271321779378215
999,7.002725395318783,0.08343704029429806,11,1,0.19264075511725182,0.23210812049766683,0.8702312114112903,0.17271321779378215
