trial,score,deer.birth,deer.surv,metric.crash_ratio,metric.peak_height,metric.peak_timing,predation.predAtk,predation.predCap,predation.predEff,predators.mort,vegetation.browse,vegetation.capMax,vegetation.vegRate
0,3.961801377540086,0.7008896643339404,0.8535061827987259,0.6212898749527407,0.2508974600067259,10,0.0033836590873708456,0.8083526325491186,0.0009150413846626908,0.2283032552520771,0.16501759102147154,88003.44167125341,0.3872618110901514
1,1.331082426732842,0.5238823727154772,0.5954420723295912,0.8377819673022958,0.37193974692133763,12,0.003249597246678727,0.5132002585127342,0.0022433841893049326,0.3069548714216771,0.30321317286201743,149964.15193715307,0.027580359468461504
2,2.2613424696026256,1.1283254554894042,0.6633202479286361,0.09999999999999953,0.23288607500664496,16,0.0007778197593090019,0.8636311113757641,0.0033991157238706365,0.07359054638866952,0.4834915510996847,82079.60309697952,0.4875639694399177
3,1.7330459000960179,1.226415445946942,0.8502712576130326,0.09999999987153196,0.5298520199957388,18,0.0026813723432277765,0.877148399382465,0.0038164170532231177,0.28945909669841663,0.3622356188201346,351198.19723118714,0.06706266233174377
4,3.8323671939558115,1.0196169307310858,0.8381944813831632,0.09999999999306279,0.4476360314811266,15,0.00022959900608648327,0.24371353430381482,0.0029294102378409665,0.06750222915410492,0.5170241401864664,277926.32075655874,0.499348751909267
5,1.5328978465957201,1.0721159998379601,0.6751194459056404,0.07147160333079904,0.3438151515393614,14,0.001851219745100855,0.22808097615576456,0.002706429329388678,0.47022765622487217,0.16678416186605527,112320.45741111331,0.1473466229530078
6,1.026012047992153,1.1562141181553143,0.5784331970057256,0.043356527137586365,0.21009983798601695,1,0.0018975874810673603,0.891094848041106,0.006417997610548224,0.2917663795740837,0.10268318891885819,274921.9218134362,0.39234087729549016
7,31.172210861537362,0.706143264767694,0.5154081170739381,0.17294749747616114,3.2965060201249434,2,0.0015776075137713802,0.2775797445793473,0.0021492792936839487,0.47316756573747554,0.46559994692774687,349712.6144607391,0.41392240808402603
8,15.081718216700706,0.8560687109545978,0.9389828430754609,0.6144527538404163,0.892324806301996,12,0.0022945298370107008,0.2751481415233446,0.0025039437015551354,0.29384302305668086,0.39326319917692804,180696.92185551295,0.5270568996188746
9,0.8053794430911402,0.8594604546263576,0.605273964395496,0.3768546974790413,0.7055088791809423,19,0.004987689263672304,0.4830973496249948,0.0009545486511292493,0.052144696449625244,0.5386937301614861,267067.516871533,0.1650175490285318
10,1.8282085078678085,0.8799439701197156,0.5304932989529394,0.09999999999999012,0.5252151558834045,14,0.0019084056228894307,0.8967031732040823,0.005314687733736413,0.4864068374784005,0.4752476186177784,280782.7333449888,0.07469298690688889
11,2.571338552836478,1.113539332123917,0.7577457585962217,0.09999999999951367,0.07020734879469645,16,0.0013344925371677379,0.5948175287928369,0.0011599441272789706,0.23433966781447932,0.43243309161611676,83673.92702170229,0.5178600243183539
12,3.1745195532495893,0.7370501456759817,0.7402813342641432,0.04582020177559895,0.2603610157059516,10,0.0008936700767103918,0.8257336634430974,0.008711659769875832,0.17026905198085746,0.5255117642269164,385221.0968067456,0.2776969867342318
13,134.4828283138704,1.186259720067636,0.7589019344574204,0.8563537708083032,3.6410772191967267,5,0.0038932430799134762,0.5008006213659009,5.569036647303788e-05,0.18235334679219634,0.09170356112978088,274870.4676602151,0.386980201970943
14,1.869260266751349,1.2484989764250614,0.6476067801932774,0.09999999999999999,0.37280748828144106,18,0.0002900968698876907,0.7963081593234345,0.009472146980715041,0.07025712247190302,0.5272331266939105,377311.5572046775,0.021491278007641057
15,2.2322421819605225,1.189250986376289,0.5616279029598862,0.09999999999999698,0.26620471701653237,15,0.0023766742493046074,0.5173330544707023,0.0026873134579535884,0.44004352931007096,0.45636129915433893,102148.00590988275,0.29673437335680214
16,1.0708541627177532,1.1569379621809786,0.596552510427054,0.057876147945994605,0.312387959829591,3,0.0015589255983588246,0.8958769531617605,0.006516286673512562,0.2359070394398169,0.323577653267675,147775.42574146626,0.2596513847185233
17,10.221682159864738,0.8042770059327098,0.782388184859472,0.8308653400948754,0.4585650232220281,8,0.001150958605616587,0.23718477678382555,0.0007563812057898738,0.32661838991694647,0.1348184022189344,118721.34267784504,0.31536974621099845
18,8.325560086668041,0.5637716148997881,0.6142422244971177,0.2608600047497589,1.3478891608624282,0,0.003345054402592255,0.2321012862648728,0.0013665028948139986,0.46969169307291536,0.5157812401522479,369734.40416196093,0.1450756524485811
19,2.430318165554473,1.226747297989979,0.5913967588937012,0.09999999999999974,0.12178174066670472,16,0.0004851056057370023,0.4163935050454209,0.004264607299048212,0.24950159397723723,0.470771654574452,231254.72841977412,0.3469154250619178
20,0.24715045367028232,0.588576084036763,0.6932582154090889,0.07468729464726963,0.08273827537722725,0,0.0016968433756721186,0.7824216558998724,0.0025241305225068423,0.11939818696718141,0.5904991268195796,295476.65513385646,0.44015475118131187
21,1.453823478873259,0.7248258030938904,0.9431674876524861,0.0506922821996009,0.6010167559527996,18,0.0022159321598947583,0.782146739047556,0.005525736858875988,0.05377651487669418,0.16712708680016428,215002.12474700934,0.2746819932215478
22,4.183382321231466,1.3337302847073147,0.9073739525188667,0.09999999998475508,0.7017582434433058,16,0.0008319723974642681,0.46279495663311065,0.002176785627031858,0.21848893749824272,0.5813977543708507,347528.8272255846,0.5995766563635087
23,1.7496025650232536,0.7386827523549367,0.8763538889353133,0.0999999999853186,0.6231938180309855,18,0.002275314332512047,0.40955636309163845,0.009575310526553749,0.49784866406157546,0.5911853062678355,201271.39807261317,0.04459488598358557
24,71.19138006739472,0.7670370429451078,0.9649804951851962,0.9,2.5277820532143815,15,0.002896111863935873,0.5108659211681331,0.0074923568257716875,0.05686767826651704,0.09287809516443847,309890.6480948243,0.33790331080931474
25,2.81704075054279,0.6416894551455349,0.9611738735717361,0.09999999920586748,0.040752771953513005,15,0.00040101727047031415,0.20795121683361473,0.0059705993091777754,0.3473499001939223,0.5116319352289712,240912.12253424435,0.354664780730793
26,2.4204131474886488,0.7215938130097623,0.7853691936960518,0.8999819185767812,0.13382354035802696,14,0.0030970978609053497,0.4063411780354916,0.005857539278447686,0.2757078763000207,0.5341723884776625,118363.71646307973,0.1487702980505494
27,8.391330854366794,0.7148173573542613,0.6899772064598022,0.7992160325665444,0.6009920493490287,2,0.003358615269688377,0.30499751782894785,0.003195963102904948,0.383376311434769,0.42971508047364887,145362.94381553167,0.561476692064492
28,1.8277461744936772,1.396486803069585,0.5351651461278238,0.1,0.4339073880539321,18,0.0010661649841790686,0.27542035253784114,0.009335930811037405,0.4440061616326265,0.5990726645126654,226651.36723794756,0.052800437550962816
29,27.536606923289494,1.2503704591758262,0.837699164041938,0.882713653902559,1.2197505078221857,9,0.003058582989746888,0.8891481040867787,0.00655706436122179,0.03367686036151424,0.09464809941433917,198248.66839644287,0.5287694430658803
30,5.0217976800768716,1.3450370035343935,0.5644597349088165,0.4339896430274973,0.26829779760871286,15,0.0005775856377603015,0.14098058105300498,0.0055545752268039185,0.15800365978796366,0.3980332289796464,175801.20070399292,0.49209143971812236
31,1.488335907968426,1.0708141629965717,0.6267122727825964,0.06365685336022109,0.637316968955498,19,0.0024429149948208082,0.8195360174174248,0.008468731947283812,0.07338027982498471,0.12215838739647175,309635.8998844153,0.3668495979478321
32,21.684557978450194,1.1940073007176644,0.8058144211046623,0.9,1.0915428811667949,15,0.001310145334540524,0.6800462720957412,0.005539220190207593,0.23101285192091928,0.0021274134526693797,168537.67167112054,0.25990970581259853
33,1.7678076203944637,1.3135357144039037,0.7618833388186508,0.1,0.5409142234881312,19,0.0041730578019201405,0.5451331315163249,0.0015235331663964523,0.08989939406260522,0.5298638359800858,104078.03522360546,0.01570512276892058
34,2.133920722076972,1.2746323238008124,0.9314838255327078,0.09999999997849214,0.17825334032957704,17,0.0010507776534296005,0.26210027833948574,0.001072796535634267,0.3966546336795781,0.477673382932825,367674.0763976288,0.19187242645877886
35,0.994400724599013,0.6390980044989841,0.9463428875329637,0.04477509866086743,0.33099475673816575,5,0.00432309617825171,0.8797751279913184,0.00811717861340695,0.4442656161917624,0.3723969060904277,210040.76474627736,0.5316394738560952
36,1.6246141037469384,1.337734297443493,0.8850728666898267,0.099999986561539,0.5548989264864733,19,0.004320388109862209,0.7391369190882306,0.002704716810464997,0.40006601929367136,0.1993112807678572,315700.6309616263,0.024623953519931345
37,1.7948263647043936,0.700190345791098,0.8919615706865258,0.09999999999999531,0.5803453187526331,18,0.0023017860217773712,0.3094122372378105,0.007963687716570975,0.13696987908165206,0.515155950802669,359093.37052994873,0.07377641957774468
38,2.0491924684978047,1.2779176478272576,0.9641067699432133,0.09999999992101306,0.2895615548176876,18,0.0013959854011129963,0.5952594778164836,0.004026799924382605,0.49114035298318226,0.1969571707186239,141801.53226486678,0.023962016473856394
39,178.45780519751736,1.373360549920005,0.5857125517627826,0.9,4.478506573504099,15,0.0048126903116498965,0.27564640814452335,0.0011286053447863754,0.23424496652538285,0.06920505111085655,380555.88490390906,0.3263672821624459
40,16.86756666183183,0.9602807537025302,0.6848938080054691,0.8218465074400589,0.7983924392806526,11,0.0028831519234612498,0.26651413021779463,0.007102413574149998,0.030794900762755848,0.36372531198368596,180376.7405423972,0.4398415857850955
41,5.861592978870549,1.1677550700555288,0.8219016821278398,0.09999999999901753,0.831752666432524,14,0.0018214252481704306,0.10947773945736367,0.00665916496486716,0.1851940169400203,0.4316579994869073,252304.6390696934,0.5560893476444587
42,1.0224114693376471,0.7702900413901377,0.6484566378601535,0.9,0.32094437738194653,15,0.002042260346641775,0.39204032899906593,0.0029917692651331733,0.08982526555780201,0.4318525578083701,351364.8894420274,0.1952102305844322
43,2.2500497933554513,1.3125249911593242,0.7954471596566626,0.09999999999965399,0.2028943225395668,17,0.001505098897890544,0.5157466311653435,5.40390999880109e-05,0.16484944692839576,0.40639076716363975,380916.37463365856,0.25806333692601585
44,25.285339407945454,0.9184893712223128,0.7122367036663075,0.8997102393256329,1.3579282825341523,8,0.001068900154245007,0.4522082580229273,0.00901674921699113,0.4041316372595867,0.39282337422184294,265595.12998261827,0.2636340084940024
45,2.3400359726531477,1.069646770189216,0.6608903625967044,0.8973766449274317,0.026004315945487178,12,0.004092208110951053,0.6884674169096224,0.006744316922043812,0.1355811130187255,0.3092712059491299,107134.57175203896,0.11011792375685228
46,2.1294757579020183,0.9276227097969245,0.9078740934198712,0.09999999540014345,0.3048215520233291,17,0.0003646047318082533,0.40227485934806145,0.006316165538340251,0.12138456126766337,0.14690552644701008,87816.12407258443,0.12748666030868022
47,6.379005673585992,1.0904522100006058,0.5026615127062553,0.014047285459937803,1.5849072544854566,8,0.0037549469008540557,0.7045392602879214,0.0011105436008072124,0.22981871115308503,0.1463906637470633,238200.69408333983,0.4208490077893979
48,1.2337615521767442,0.5451965466265768,0.6196151742367864,0.2374394798444203,0.5961778562514666,11,0.004241757568584623,0.4379925516496467,0.008024095187136532,0.343761534315586,0.31077465026624446,386549.1335294527,0.11377314220685367
49,25.17506662804844,1.3022833332293933,0.7940731149256461,0.5200003246994219,1.464701242639934,13,0.003596510169399198,0.47906144010074164,0.00831416323872808,0.28749981678708936,0.5700237650658936,270544.7419102143,0.5928565473092043
50,0.13942306151467332,0.7332723936185174,0.6186750740046366,0.07486489234773379,0.061193967881452406,1,0.0031884883531623936,0.7009416316525907,0.0052369331376384215,0.32457176538143717,0.284804662093832,317969.74149106717,0.5393527809076246
51,3.1350753752111786,0.7445435963739662,0.6534605928410059,0.9,0.02827799669764805,15,0.0027009910364810233,0.16761795228873236,0.0023510517232954585,0.35615641178055457,0.1714368905178915,104794.67323671546,0.17201249368134758
52,5.428381064318915,0.9883500264535238,0.6995716323695148,0.8898246695872046,0.08261961466529523,8,0.0010345685303772942,0.40712199010741174,0.009053142859484761,0.3045173246759858,0.24455962179995203,100553.23222844099,0.4267872935997858
53,1.5949472529501287,0.8423429260349404,0.5028301201203167,0.024206076169108234,0.004060541343471414,8,0.0017591181339577878,0.690453856300478,0.00854180710816259,0.4781122590809499,0.45935674567084167,354154.25033725897,0.4203585620338011
54,3.154278018097885,1.0429273300471171,0.605858573275433,0.0999999999870633,0.06614333495221275,12,0.0010974984622898701,0.42046057963964106,0.0003387969584698167,0.18798088553823974,0.3276793858403034,319205.01407297625,0.2572225567515949
55,47.463379319479884,0.9206511343090791,0.5612613426949571,0.8913266473236994,1.7813176531006878,3,0.003111473676389837,0.07292148411936704,0.003970501550580062,0.29526423202164387,0.09902683872210528,209381.33412404387,0.41069371216672634
56,0.6536996375249227,0.9155285996463605,0.5241366240745412,0.4442766852980694,0.5477397724148276,11,0.0018958297690086041,0.22991124157975928,0.00330211575856902,0.3877779627101927,0.08141969233833854,285679.88736298744,0.02599020734078434
57,4.900631310232746,0.7270443786041425,0.5393149917255884,0.4433304222763653,0.3977772048744466,7,9.740674360652845e-05,0.5085061907341536,0.009999082893666631,0.19448136154848644,0.4991545710931635,320643.14353753114,0.23368446718284042
58,2.9832023692270044,1.1788098836535736,0.9558136317036746,0.09999999996080901,0.20167925065839518,16,0.0009972037314714833,0.0673230147222825,0.0015662043405586642,0.08932385819087693,0.3910527931463336,329994.57587548636,0.3935850150174262
59,60.78526927491361,1.1295184741215358,0.8681110872109956,0.8935769902983971,2.1525796931683656,1,0.0008393618222673274,0.566160369807292,0.007491860236955094,0.0838304495480819,0.1307787245439022,260470.2662176061,0.4049807183257473
60,4.769373527925839,0.5231105829477194,0.6497394773094537,0.892401997354987,0.8583079999078898,14,0.0033868977606086193,0.8644469124750116,0.003996711693090442,0.36605691137325014,0.06485924979456394,388710.64737090806,0.49338769284354017
61,1.889419866484012,0.5917111749013788,0.8707908247765875,0.09999999969343129,0.41239685904037005,13,0.004251541048824437,0.5603498725943176,0.0012544978974197854,0.4924068452118955,0.37634543736062664,300996.61309855373,0.05483792192740538
62,1.524272448589754,0.8335137885962505,0.7428611790449974,0.046831184327362704,0.5856033725430984,18,0.0017064852587189855,0.7721392829496407,0.008232192634996078,0.07960326920267932,0.25702680794084665,191105.20489870367,0.4717548543530016
63,1.9821709762035953,1.1365777793354692,0.709033829603685,0.33170773453586155,0.016702643771359434,14,0.003669109622414953,0.870652671552366,0.0027373198440546385,0.4098536328391753,0.4972243866014749,283387.2339524627,0.5768646646566014
64,23.238483083651005,1.15792359287461,0.6288298582636281,0.8937224396904071,1.3850664781151423,14,0.004258639943516649,0.756121366057013,0.0009122958356539603,0.4443666564813028,0.26134469580233655,234719.20124262274,0.3275220148044709
65,10.15374630561334,0.8410903737154376,0.513775998929643,0.9,0.6812437084025066,15,0.00425483870514414,0.20456387858403802,0.0021605925092884034,0.4049812077092053,0.3661990225383124,228706.70931303417,0.15387942912266403
66,42.93992105606222,0.7486417181805665,0.504872534930565,0.7474174534228069,2.4493595926643548,1,0.004740338857596268,0.12277101766431807,0.007214742907836733,0.25963158801893005,0.42071025019932096,361702.39352263213,0.21079991746692736
67,21.369215257807443,0.9417392015707275,0.8806077767035123,0.7373006263501359,1.2749622074623577,1,0.0004657202260980811,0.23835694040165062,0.0069332821951872585,0.17391683416114154,0.38754173984457135,300994.9886228874,0.4573171455546552
68,28.807797937957744,0.8829534314346932,0.8580490096225326,0.8707959919424082,1.374467647236336,5,0.001654291090331053,0.6474267008579037,0.002745618448413154,0.1481597278144425,0.31855315868746065,231443.35640304792,0.3531177953460966
69,1.2064078403083314,0.9822775688453748,0.8658510125523694,0.22516092012759045,0.296707104179671,14,0.0009261566372670911,0.23392694389681484,0.004867775942766451,0.3705549505137342,0.0717328447530317,141626.97390448558,0.08118697200386042
70,38.091293938031676,0.5904734972817117,0.5931764374837153,0.8378566022552546,2.0489653449642793,1,0.0011378020758310325,0.20252531213259284,0.00019077625419783512,0.2810434919558017,0.16979922196497302,247883.79811475452,0.5861981435010035
71,31.71307310610597,1.127675653619175,0.5606141566200362,0.9,1.9569907289149484,15,0.004342371755716089,0.467246890345212,0.00873356136323542,0.29981018322437614,0.332015380079165,391774.37795287615,0.17184368280212772
72,1.2496942519847625,0.5462390454652201,0.9517105264486896,0.033123921808349055,0.609981949392354,7,0.002388907071734806,0.7487982985045158,0.0040370390504068,0.06481862002015071,0.11061820223404903,220950.01540352328,0.286944197509001
73,9.09030936036095,1.0065556373761078,0.6458410456842693,0.8921252606718545,0.3384388107303393,1,0.004969593654489746,0.15068382787974233,0.007656212280995633,0.31496929608419244,0.0895185506841931,97154.90377361061,0.381372967101679
74,2.1133829322883586,0.9054630183998787,0.7125060819292776,0.6196925289323779,0.20718292617691025,14,0.004300903245797987,0.8915265713967783,0.003088533430977636,0.32188284090390984,0.3135435210781307,152219.88386081107,0.4765370896076174
75,34.723241755395044,0.6870091152411961,0.6012920937465887,0.6621579427332893,2.5039421472734142,6,0.0033023104718915876,0.18349852937374556,0.0017794448058480231,0.06528048838354891,0.5685541201952268,316828.5777550544,0.36968223822462687
76,0.9248198625144685,0.7621333601279248,0.6111085925868924,0.0999996742853496,0.5351568320148241,6,0.0035349256714802273,0.6475394243796596,0.00456761169775008,0.3530709124334841,0.3562867170717379,224161.18547766475,0.011578676335702583
77,76.79182225454421,1.095064738568031,0.9481608600538464,0.8032376354481664,2.56074185458216,11,0.0021259822610380065,0.5128780219039919,0.006493965497854684,0.45695337924992485,0.37503480429853314,332104.96852695406,0.5551075162447037
78,9.630347798260704,0.7768506313528092,0.8594997065934191,0.7957467086112082,0.4454270996436267,12,0.0028462506430708026,0.2953190000599655,0.0012873188988383468,0.35367865586968406,0.0995536735324348,102851.14779386052,0.49771238419353514
79,82.42066637728506,0.9444156974105758,0.5386120889116645,0.7650692883850991,2.8307239133503446,8,0.00019978399052597348,0.4172243645366567,0.003257099754415085,0.1476729141336418,0.30028330627075533,381656.39703809307,0.4228428741356732
80,1.7591410585092193,1.0176791982979374,0.9563774133470491,0.1,0.582918200356833,18,0.004997862298178818,0.6214393466577534,0.0027316347083721866,0.0489088863779696,0.5015751683437087,387811.55270170775,0.06388286311228127
81,32.151797673563365,1.3244655091340907,0.5871147906671005,0.8747057185498461,1.308847270892962,10,0.002926855461576633,0.5895670115359739,0.004942671731800583,0.07288393095809878,0.39090569366021183,230560.26344052274,0.45619860994340866
82,1.9905592525985771,1.2719597849603173,0.6583057585179034,0.09999999999999426,0.40178723377211994,17,0.003468521533080171,0.29498512605723737,0.009454675718653946,0.41237603632684716,0.40208010571271124,186658.68597282947,0.21529702321384378
83,33.25105676691427,0.7909464076483952,0.965688668868117,0.8936662235018503,1.425793185228468,1,0.0020211731974752283,0.4874068144797393,0.009881786187078453,0.33910038164707057,0.18871029430210076,225544.2907525534,0.3345569992933519
84,5.841292187629992,0.8256014232365076,0.8630927139466753,0.6411112381698121,0.28701243874157345,11,0.0031272310063539728,0.6959919556518644,0.002075404471585225,0.28813323037010585,0.11254952483671626,212239.22265578288,0.33013022067074504
85,30.200883287693465,0.6092834750263578,0.9671104715944132,0.5454569122050346,1.800952822173017,11,0.003044553899576284,0.2534028429785028,0.0016258627298620623,0.2888943332912549,0.41895001747330335,220197.15042316105,0.5573269288982241
86,2.0962588310105716,1.3216368906357512,0.721494989205816,0.09999999999999393,0.2072713371073334,17,0.000587772012373243,0.757321697703566,0.005008836271836593,0.3668035632161418,0.5953542836371317,109826.94441008722,0.3358283313417025
87,1.558430156694848,1.3822201693430378,0.6169908349160664,0.06795011944570598,0.34492751201872407,17,0.0027565497518639084,0.3760481112600774,0.00922258809181904,0.26887321904866013,0.5008343673460166,167495.96694824775,0.3102344888910119
88,130.43243507299908,1.2110055638028019,0.6991723633046456,0.8918772267997089,3.337376281948155,7,0.004671274844215759,0.48157702443820793,0.008214467258196505,0.16293432214292852,0.16574844169322459,356488.6190171482,0.5288024905364209
89,10.590453832298365,0.9406763119901309,0.5713258008237387,0.8993245555776364,0.5776670558041579,12,0.0026931335982305167,0.3433553504390564,0.005541578299854569,0.28541212959057627,0.5993413999376033,267820.0711725316,0.18614795136534265
90,19.808680478119257,1.127748584858514,0.7744628681527526,0.8629599923954286,0.8878053327591421,6,0.0011681954490664367,0.70921280383437,0.0004842906260181541,0.380011421235642,0.11319142422426325,182968.75207329198,0.27865332395123565
91,88.8709549285417,1.0973199465360812,0.8939588248205864,0.8896237674765654,2.72211331470944,3,0.004904100284229595,0.47102935217395997,0.0004183451328884831,0.2660768405624939,0.2316472514945894,339650.8488207606,0.4260844498047515
92,1.6670755373731585,0.8962755887936094,0.7524565216676296,0.4720552928898879,0.17130051924628817,14,0.002284911908333974,0.6640772534350463,0.004129287266476326,0.3377472234210349,0.524514224432585,358304.10027590895,0.35820645329264456
93,0.7320476175096399,0.8047051106462885,0.8324982073217033,0.12915731178843132,0.5759010404133078,5,0.003249358344570074,0.7740004984980877,0.008530796298830636,0.4338908265590853,0.5815221783445303,230236.9923151142,0.10107311907521381
94,2.239160861155648,1.1834616284009272,0.9187438483512974,0.09999999998162501,0.10034493909363634,17,0.00017997754963851407,0.10815763510431872,0.006330052117703673,0.4628366764267394,0.43123045513378977,181331.5692586879,0.23420554453836648
95,0.9470211406482664,0.5885988137448781,0.8041989578147798,0.41336086070599276,0.7102986992058377,19,0.00436295987341915,0.4271267689124499,0.006955311569792684,0.45460930916372844,0.2603828831538754,318965.23735613667,0.598481294544167
96,1.4005946022313813,0.8373569807977833,0.5698735019357113,0.02493778832607023,0.7371425109685155,19,0.002656066007584726,0.5310388526285463,0.007935568765115485,0.10989231506200577,0.17602066557912527,334765.90885190776,0.037134671519555525
97,1.8687124167549813,0.7167468126706817,0.9381579276913063,0.0999999999755892,0.47186923523946694,18,0.000716017041782484,0.4419774263517479,0.002577074527164746,0.15000355283480238,0.3718262211224492,358668.6715663535,0.05659132688939683
98,1.7547562951139288,1.1098497971291714,0.5758282985944577,0.1,0.5972028841053315,18,0.0022089280531272706,0.34373078077661945,0.005896338466007893,0.33030119010920567,0.5407256541593298,337482.5846320468,0.015544484558373914
99,8.0122748263384,0.6792952991980031,0.6846527595043258,0.6685992416647591,0.6938269662600424,3,0.002416298701265551,0.2516248466384384,0.005740630788889852,0.3001616071839631,0.5071823550855592,160031.43181046442,0.26034227369192964
100,11.605445512172965,1.0924068343358124,0.6317505824855493,0.806527610282479,0.869755241722252,1,0.0028298621202700173,0.6329295688239103,0.007459454969594986,0.05305079786471997,0.5867666907461175,174473.84124264622,0.5956883057398695
101,17.146954720330026,0.757574736313275,0.8834528573636473,0.6418936053694532,1.0124937869088944,10,0.003035521458322248,0.34947281246001904,0.006384347886158624,0.32181884667124294,0.5424931745362352,238952.7316876385,0.36777983091511995
102,46.7713888941561,1.2545034052662647,0.8015590897697111,0.8781618031695985,1.7532419914716948,7,0.004517066818512803,0.5993895175569444,0.003123882195328729,0.23718689937652143,0.3955089241900522,310697.08053462685,0.4098810305877821
103,129.90003325735907,0.7655994064662397,0.8587908151704183,0.9,3.5981614859598237,15,0.000878612532186311,0.16233582808476602,0.0054171072018949894,0.48660010316932967,0.05408002544773136,314355.1257405563,0.35194854516735763
104,1.0757161396420831,0.731273076106936,0.8958511100203554,0.10241202261870821,0.6564326376890388,19,0.0024094982254537693,0.7355152197247016,0.007478265539634598,0.18919616928688654,0.4982835717404384,372315.831834143,0.3232029004846432
105,5.969413384509078,1.3698501885164767,0.9128674865114345,0.9,0.6544894964265431,15,0.0036212214520215534,0.8829509063646179,0.009674333985635322,0.4081561926896641,0.0844542090035296,388125.8537180408,0.07795012739535805
106,25.7107712779554,0.9829150774421531,0.7182972933122598,0.8955606764629065,2.5215358878304426,14,0.0033643054951778316,0.6214896777483612,0.005866372911939052,0.41653613157658387,0.008351193060540706,333018.22994846,0.22580727914928417
107,0.9464394792282638,0.5225221846818341,0.9244327257031291,0.08303880479427451,0.42200270821030966,5,0.0028072562075582698,0.8279675224316856,0.002252603640736201,0.059712009345291854,0.1402931413269499,114670.75270375382,0.564772216149937
108,66.99966618659066,0.8674662702158714,0.5670929660034661,0.8560982717376475,3.142615411454244,3,0.00473133453364329,0.3087098967026044,0.004951614958833148,0.07568023935225615,0.18131410471755013,371004.0442969255,0.4960746573203641
109,10.726481299445899,1.1034375969651542,0.8567072583311224,0.8543329898213908,0.4303424859697596,12,0.0047298974418542705,0.4062577404025144,0.007435576696914892,0.10262576413262245,0.2721862541333355,123412.49558602768,0.5334829920318164
110,2.3256558468796946,0.8673042971279304,0.9567303321829086,0.09999999976777157,0.16946775863996125,17,0.00016406507613180704,0.3649504649242701,0.004461661706303981,0.4767609298301706,0.2936082226737687,111686.92310736912,0.25478187118771606
111,4.164054536189453,0.9900192753339304,0.9693644141369824,0.6689384153973322,0.07589426574461205,14,0.0017936898691409838,0.3884186963327171,0.0019385951935027416,0.08741506797101395,0.4114081592887712,111793.4798739617,0.5147156140505132
112,4.91006584951428,1.0775340205098958,0.7866300605693817,0.09999999999289437,0.6242918607800707,14,0.00010727659495448496,0.7187754018864243,0.0024735105267820355,0.08918422609478015,0.3976612428371868,225509.55794256547,0.5103395811935718
113,2.6954036492202547,0.6864416333119926,0.6036566489209638,0.2999414648962344,0.27830059289475934,8,0.004348542286134339,0.32927562041739583,0.0015181640904173648,0.4532495867469263,0.45909442553315066,101955.2489037939,0.34310100578569835
114,0.5989896616624572,0.6169929182990931,0.6203140144294994,0.6410436170001278,0.6291101109971412,8,0.0008728983559465167,0.6118989962077194,0.0003065124903726737,0.03698435379843316,0.0868127881923048,354689.9604416564,0.011672975373209648
115,1.4438476927719404,0.6568215812655595,0.5251515285733648,0.8637465317279954,0.5384541025745093,14,0.003708719425742271,0.497172697608187,0.0074693694865882575,0.2538356037489276,0.19426287717721347,156138.11394894816,0.47609095189850476
116,75.46586318841695,0.9534548208072392,0.953799508625651,0.4423309674376963,3.6325877835610245,9,0.00021730350197740898,0.7157429465833227,0.008676460032210391,0.27508207091514947,0.0654324060023073,244236.14643494133,0.4690300531953796
117,89.74612674544514,0.9310837198985269,0.692776282166029,0.9,3.325656682190961,15,0.003430644431563133,0.46672852602259146,0.009101523249696531,0.06454063641023172,0.036495244496703494,388488.3785990492,0.2802450880376324
118,3.540770220420791,0.7475143996021578,0.8038768276644874,0.9,0.2899011043770719,15,0.002742007992024779,0.3264076268208677,0.00994654617081619,0.27936171359272255,0.039409339992068346,274655.1755627008,0.057666381672367234
119,56.486802910108146,1.1316014766914595,0.909340513901876,0.9,2.262236632727953,15,0.0032547578660740866,0.7036183205890278,0.007222357170743112,0.13106084117392353,0.05950707700742519,273736.5732913001,0.27769209636952824
120,8.446414444445095,0.9081490126167026,0.6996750321255177,0.9,0.5532921675688666,15,0.0004758816534585165,0.4127494053218143,0.006667823237450073,0.2059214810147023,0.2033589713011051,153117.943796667,0.27641740041951607
121,10.876304024026062,1.2485946996273691,0.5447504488177651,0.9,1.0478476747190157,15,0.00048327388061264524,0.6779765987154084,0.008127104388510054,0.29149424573921456,0.04027998488198865,375355.21143500303,0.100056965613547
122,0.781692568103088,0.6100081568191034,0.6697270782242084,0.08401285737588247,0.2135315347863431,4,0.003326869929754576,0.6877416127137566,0.008687516881247196,0.36889851901069026,0.19778758884972303,259707.65247746318,0.3560143988162914
123,73.68371019528362,1.0201266665508695,0.6021146267225629,0.8808383618737031,2.3026131770887006,12,0.0032838531467892667,0.24060813874143072,0.001126772900176303,0.42732550674263214,0.21098771141588937,272131.2291918966,0.5813551889337699
124,22.780662998342827,1.22649923403711,0.9056744774376119,0.9,1.3199393143354883,15,0.004872745737327478,0.7456628306095692,0.006155054141327875,0.3320686070000207,0.3444600025988776,324033.8022197919,0.2268610198630566
125,0.6804637113391182,0.7407029526386996,0.5865997145412101,0.9,0.5512081574553529,15,0.003513642514941591,0.3126369855054236,0.003431255334933721,0.032869721019719585,0.4976764739757978,377306.97311837965,0.025489760557614205
126,63.91804347311004,0.6276871887361417,0.8039225660746466,0.7380349182253488,2.4462013407978223,10,0.00015377016335533914,0.6841949977048507,0.002190572156333434,0.22732127206931646,0.24047060639970932,261222.75032364042,0.5232189968564985
127,2.0953684211316657,1.1991520579700667,0.7724449071749107,0.09999999999992107,0.23140476135465812,17,0.0004252427213659079,0.09471750246169353,0.0016162284762161736,0.3203839455052343,0.4329575806456039,198416.98959264124,0.21112862924390632
128,4.605769005253334,0.9370955344018965,0.712181209614934,0.09999999996979249,0.46360623559301833,13,0.001366197638401665,0.6917016721181151,0.0011824842056965073,0.23205940769700845,0.3971632156849567,167072.90993479005,0.4076415392617367
129,2.2559747109285504,1.1004193028627145,0.5218003340501252,0.09999999997784932,0.12868415557389032,12,0.0019766193487401012,0.5594262134027829,0.0001264865047038346,0.17166710014866526,0.2919796520185505,297115.60152324254,0.1771154173474651
130,4.330408431643968,0.7953101203440569,0.5037103551532698,0.9,0.19012622180037084,15,0.0037351971100871247,0.19934058159446594,0.003833064084866601,0.36072549378985186,0.15331170241287556,123915.13768234465,0.13462804773998424
131,2.976904538637922,0.5648679469329421,0.9136468937708424,0.09999999921090036,0.03745616256935551,14,0.00021199015668317553,0.06593030609779885,0.009215566223299004,0.43519170639767124,0.48372011194005826,346673.34477436106,0.30515478446816574
132,8.74274731865421,0.8759245638591324,0.5552832188786232,0.3399204679336435,0.647271726682559,10,0.00010477236684423169,0.32605295252868677,0.008023155435389,0.3205188737529929,0.4256993769413605,263487.89788346976,0.34969790483473034
133,154.51041779548956,1.260035923833227,0.6167919079149121,0.8933052158748871,3.777949817682951,1,0.0029445620058704083,0.49536816155053687,0.003987878633750363,0.17582904406285482,0.05287792877873081,374326.3205572431,0.5008952887123072
134,3.8790499913306147,0.9594349560879334,0.5547327871225052,0.04878517200689419,0.8355523343332496,6,0.0025500053355836986,0.8200343218430429,0.0035262838914501844,0.371868179666735,0.10087962482741195,186581.95919780224,0.2103128358775937
135,1.6064730596052048,0.6317997964499249,0.594690465355512,0.08837975253928071,0.8127845450707605,19,0.003012193726873193,0.6961830012148582,0.0065723146546614545,0.11325868060519768,0.14176130936803458,340811.84184000455,0.49317967489966263
136,30.200293536510276,1.1838894346469735,0.7154745233576303,0.8393554280359222,1.290209714483756,11,0.004620809214799104,0.5298180158923794,0.006371218274652904,0.3235252363376906,0.45266749514819143,238117.44800556437,0.4659803726560605
137,72.67462443586385,0.5614576326461804,0.7122598706414167,0.8421933428805091,2.8477625595001608,4,0.0015144507654774953,0.2834726173632353,0.0006089125961201267,0.2684483360861957,0.09057444083584613,280709.57020792697,0.5199056561505355
138,0.6333495152216111,1.2485269684968092,0.5368308805632585,0.9,0.6394434966792477,15,0.004321318044609233,0.7769993657376768,0.006169333464734957,0.26832187414695885,0.03413403050037143,224612.4363842183,0.19314063185772345
139,10.82343032056859,1.3062890890011223,0.7158721777524351,0.9,0.5345169109771034,15,0.0040491746805310065,0.6040618364513184,0.0032491912906602626,0.2535456431332427,0.4750906783592151,257381.23882825725,0.28299987876709065
140,2.5838648327265004,1.3092141505601962,0.6648501324023685,0.9,0.045050768355872135,15,0.00357172058806273,0.47886665127581374,0.001766961168791831,0.14643955009119358,0.06210112636223497,99799.58403235223,0.09900803525042673
141,5.076741659215511,0.6428715871833872,0.678968951408637,0.1290324364128847,0.9421194190120947,8,0.0014148264462827823,0.3974539876602222,0.003416753111072125,0.311006355320005,0.31364882115932735,220614.9733640398,0.2682773818424474
142,4.60799132284061,0.5850553527635849,0.8256220855232388,0.001058363741822027,0.7234441896410333,6,0.0014210927959036298,0.6651736067520926,0.006582812659784255,0.45598106766692825,0.03954711256783048,287137.7142301782,0.4756438896225622
143,0.7606453923228534,0.6272855425258861,0.6679139780172052,0.08076277558303491,0.016815215525705716,3,0.004838498690209877,0.6437079683900988,0.0039499819441368355,0.3096693772312401,0.34964370875185175,186675.8515393781,0.5252350006157179
144,25.4748678804607,1.212495762077189,0.8903286962311044,0.8898036083813251,1.0320834007349657,11,0.0033507469417736156,0.7546151269602949,0.0074008079876883535,0.3521447869304608,0.2260075836337801,179066.2039731075,0.5634212977437989
145,46.90236009051133,0.825645286712106,0.6740468811113813,0.8890375159706162,1.8563520766187522,3,0.0009017244829227849,0.2320637620275653,0.009479299261966752,0.25854733281018183,0.25404381979326224,286727.94263471616,0.32057207044316266
146,3.5155149375257793,1.259985549817295,0.5485475665605892,0.8920328016566049,0.24718742004191954,12,0.003854488164455324,0.7598518526393726,0.008842637546650989,0.04774132140805379,0.04629905058052579,124020.91301666538,0.14366039745499348
147,1.557194315401905,0.8390478837402722,0.5778786618024563,0.6824650277177667,0.7734455131591826,14,0.004156809610917283,0.7054331416713402,0.008099985010411046,0.10780340789970758,0.07862942485770481,325218.43342311727,0.20869097945892612
148,4.685709878359926,0.7137771813022326,0.7132153807065323,0.09662360081068563,0.5554023578794426,9,0.0014249971988505097,0.6862560403811209,0.004516833232181737,0.28098524035818273,0.4058177533131197,211474.7556788907,0.26822730903162456
149,2.373285839216047,1.2516020534531367,0.6765636599480158,0.9,0.11797424347490393,15,0.004735677286135493,0.8867738245018407,0.004643715785487842,0.16243271437077444,0.2814093630193516,338759.6387490516,0.19258605897204586
150,2.0974650189041806,1.235202115623116,0.8846044275927428,0.09999999999703096,0.18672952056479683,18,0.0006924234737498544,0.262502729850656,0.0064297314102342495,0.44083496417455137,0.5797608919235684,248787.13230767444,0.23530473617251918
151,2.0796511955148635,1.2660494432763008,0.6368302467484777,0.1,0.3411617530799299,17,0.0038157025930433087,0.2818726046526531,0.0090577967793335,0.09925386831605401,0.5075353660400631,112828.71415949099,0.3371790398004144
152,88.72117712204242,0.906015191198638,0.6678008375065515,0.897938167509361,3.0877970704057756,10,0.0001338376189192912,0.09526835409541329,0.005044970791197693,0.14081569471581334,0.13322280414418836,382852.2441637634,0.26810881051503865
153,51.63357881624273,1.3377433142749577,0.9028046180535707,0.893251008554238,1.7818457185821048,1,0.0032499784411287613,0.7226735418598497,0.001419115897872423,0.16483331673723603,0.016912527316890035,199972.05549368562,0.5967699572305918
154,213.86754696799917,1.1349825577601722,0.7153287075114784,0.8756848289049011,4.564715632391544,7,2.6753365928936854e-05,0.11734190558011309,0.002596443087948595,0.422432656662719,0.08327561509091172,302743.03634431475,0.4995593340601653
155,49.43236896494002,0.6000681742918146,0.6382887574588306,0.7383333081914492,2.5632470671526053,2,0.001506105397333807,0.09058702962602358,0.004227264160346758,0.40313258106053595,0.3166629035320346,312715.13130397815,0.3337945048118629
156,1.7112556309769402,1.0370651385370522,0.5078889690588293,0.09999999991657502,0.26558141238498834,12,0.002577120963181926,0.2556474142578443,0.0014785895604502875,0.23174227975856684,0.5430881313971991,115474.5264928048,0.2796970338155047
157,11.970749119643418,1.0979341715678081,0.5410946983938857,0.86608226388466,0.5109158224840474,8,0.004873285127515632,0.10752742447251915,0.0052842914809555965,0.2684440173924997,0.24994055712512386,156980.55641809394,0.3727376538378109
158,69.28402011617572,0.9231215703426374,0.8051219799049424,0.626631905817374,2.8688221725691982,11,0.004905206593046526,0.26560272190883083,0.00021161019953402885,0.4006044076513722,0.23427223953603846,257328.62477382255,0.5931155765019158
159,2.170619918732316,1.194351236698873,0.8528897527099094,0.09999999999882644,0.18665606204017574,17,0.0016629267825557386,0.08768533505092696,0.005482836764816531,0.41234916681136136,0.37695417748539384,314541.12686420535,0.21343347096640086
160,2.0319009221421735,1.1258503267964575,0.8032332069240021,0.09999999999994189,0.3313850476317329,18,0.004057582660397108,0.10363545647739093,0.0077730944770490465,0.245109401400256,0.2787737398482226,329325.6299130501,0.11330258496050796
161,0.8681541791498976,0.5377153477373438,0.9480180703761907,0.0966778313950167,0.22045055074023215,3,0.002577160254477867,0.8907542969517049,0.00545315544165915,0.14905746964523017,0.119681900229113,94018.00821091939,0.18313111699326845
162,8.815564673418447,1.2027574102805825,0.9155831729974676,0.6288473676559039,0.47911814842692113,13,0.0016599574695635323,0.1558037570077259,0.0037117907844309967,0.44805866299577224,0.21418450562121805,141153.09783485148,0.45444164210313026
163,100.20041044376899,1.376351225883778,0.7381775487377709,0.8932788626332143,2.9304204204745106,1,0.00248786820077189,0.8356638966329191,0.005216794742672673,0.4065396010788337,0.2319868609564153,366283.99838561704,0.4485515462565765
164,2.5743147817063203,1.240107151585898,0.7618277107254258,0.09999999999997582,0.06466953016141531,16,0.001606396535358863,0.11805857441374597,0.006626146253508459,0.17405305236265364,0.36147197929813635,105256.64193774972,0.43897798136215505
165,0.7491474286604434,0.8163922853947929,0.5203304781680622,0.4751869427504658,0.7038857950598065,19,0.004350250856694432,0.34967541376220995,0.009981598447841838,0.15904101923518305,0.41385888506729174,216357.14332257453,0.3655467603610539
166,68.72794522011067,1.0737612840949684,0.6743893427124715,0.882926654229275,3.2138324346753473,4,0.004005579329823069,0.6274990166424864,0.009530254492982098,0.09710635013039837,0.04502469899289556,383329.4011529876,0.5882160947246247
167,8.40819913330853,0.5605100267558979,0.8736873792832953,0.9,1.125500531496584,15,0.0018319592012991895,0.37542624143546105,0.005694084185154989,0.31439456956174916,0.020879379479125215,330019.83031790925,0.36846801295930465
168,112.75167142946538,1.1867760246187213,0.7754824536002699,0.8884371793845649,3.175052243064739,4,0.0026475346777406804,0.38832893905958243,0.0065131293302250134,0.14731747695389702,0.22320802708241022,383623.5293649781,0.410646613578903
169,1.9096401561375846,0.848288642035337,0.7696029011646306,0.0999999999987097,0.48714140449441984,17,0.0013092524945991855,0.27124630546891787,0.004490417468435881,0.49829160271273754,0.29942637615388007,315415.95503341686,0.07693468142516063
170,1.292001852550436,0.6103736797135738,0.9093566193844749,0.019992421321628165,0.5447235946863774,7,0.0022604874048843646,0.8138771761682958,0.004478856367787427,0.0712616483192236,0.29472011715253443,373273.251053402,0.17849035784191322
171,0.3163836203893404,0.8126827652647081,0.5311707575917142,0.0893025146408274,0.009505925914422841,0,0.002711085720447199,0.8076319300008056,0.008521052404993602,0.36455027888339,0.19175266325998208,350566.79007190384,0.4123382635478759
172,47.95235280791958,0.9578801706568707,0.5582539784376593,0.5037270875357376,2.5409339848061943,11,0.00100530136570284,0.1680453412326109,0.007914211955037104,0.04235349259988487,0.4762178303070016,284064.0072204852,0.5571214294666749
173,2.349198494692801,0.9964822405337848,0.79373521405785,0.09999999999930535,0.13623720980230544,16,0.00043153430051883764,0.31289710989919284,0.00999597068714715,0.36786874014863813,0.48219703577315187,198051.57296039065,0.3368726479831611
174,36.19682205612941,0.5663756416201151,0.9667422711266076,0.7193986783252704,2.5730665456816753,7,0.003211871777637214,0.43247832131354663,0.006817084456963331,0.19192194693026884,0.49400363970503436,326132.6561199033,0.32016043634987706
175,17.63207878672125,0.6637668228969236,0.9638070146883713,0.04263550347013789,2.947265765864325,9,0.002163375123266634,0.8241054303048543,0.0006013578576768819,0.08835572670033573,0.3838763576199978,329684.13722825865,0.5279964894737429
176,0.6870776422810887,1.1383989192763213,0.6660910795240991,0.6258595114883254,0.7018591091492606,19,0.004704549822630208,0.8106870292979558,0.008467040376250862,0.14778449522153955,0.19359645069273337,132690.2655648397,0.10027912541801835
177,67.24842469190688,0.7725421454979884,0.7560694542888227,0.8926982476931693,2.3234247518871167,1,0.002513114437133943,0.19334051648555078,0.009418989529292529,0.10247130543339468,0.07510217707614161,256269.25295460472,0.38468368391877006
178,3.254944556404795,1.2582770037020499,0.770536656527022,0.09999999999892223,0.17488707286097793,16,0.004126268718499497,0.07411746471404597,0.0005023449427488527,0.33148325489744923,0.36308334471711323,310602.4858999273,0.39865239529641505
179,41.034551421502115,0.8749281052969216,0.8067157722602578,0.8169664378879962,2.01670985101995,2,0.0024904412816505127,0.5830894087533717,0.002932232985175978,0.47962557987857035,0.4601754005497866,288361.5927953919,0.3502950265716536
180,23.96121666614646,0.767690484286768,0.535027052242566,0.13346958255824037,1.5693123818690202,6,0.0003000352081568776,0.4236646749323493,0.004868298744568224,0.12589081637479738,0.410994504717406,337500.2093490346,0.2949374427234975
181,2.4253040343169308,1.1607797793240922,0.9131731355620761,0.09999999999761819,0.07293177268722807,17,0.004876882952510444,0.16115122881952848,0.0037368749706003985,0.29397607140173354,0.4310177310674625,180026.39975901856,0.3679295550641754
182,0.6582463512867798,0.723126994272991,0.5464695932290743,0.1914675480036788,0.6080473911967209,4,0.0014514149188470228,0.3765273584763651,0.006173005569431489,0.1466870317791577,0.16048300467250945,229271.22145300367,0.19827837297786277
183,10.405506812166747,1.0199183341042368,0.6501031620138911,0.8437939348305153,0.511469667267871,10,0.003815725315005574,0.4735257107509225,0.00517151215035327,0.26441706294689743,0.19646149248071695,131103.8918816515,0.5205314260152234
184,1.9424633748541567,0.9549000167213944,0.9640095826651882,0.09999999995064096,0.3512788712380598,18,0.0010761145404199425,0.34996082552790203,0.0005528770260475243,0.26260027565683286,0.5671396824415423,87416.41542923234,0.19203888441211328
185,43.85157662376794,0.9830216743600343,0.9066427353888645,0.840412004981158,2.1515996969873203,1,0.0021549233828530292,0.800087371280804,0.0072887052304259495,0.389012679156135,0.2823521120209174,289363.2118046775,0.5305802910572386
186,1.5104866394972944,0.6751897716989471,0.7655470047781527,0.09990130016788286,0.21006505038141535,12,0.00036812198283933776,0.478617199754724,0.007655820941337034,0.16146871848327154,0.3421689863286176,208186.11872472212,0.22590303798536215
187,159.45930508606435,1.3775745338724055,0.6890737821097315,0.8927586178964874,3.707844437511624,8,0.003974588693290538,0.3382225049596805,0.009392538241205986,0.38483363097761314,0.07128661183415372,297727.56483803544,0.5935635133662263
188,3.301824505518763,0.5407730172203673,0.5657774593124097,0.9,0.4101343416331924,15,0.0016655370064111597,0.4526825278359115,0.004597036164864596,0.3149424455297879,0.3000467421423863,242919.2051920583,0.12744415011594548
189,10.472045961359063,0.6462518412892454,0.9754955540293473,0.820807022058077,0.4906688108847229,8,0.003696727143187734,0.3043491911490705,0.0033969158489092,0.41929601139996664,0.36784087263880677,184949.0712436884,0.31414838196687983
190,1.950525400108372,1.2341739499194417,0.6768117487355694,0.9,0.07496529426321227,15,0.0033691950591688466,0.8829133265022876,0.005857836311395424,0.4044747625471691,0.17987433884244822,306796.73805934016,0.32408049962676705
191,62.81974765090832,0.9271311926765544,0.9641939341625845,0.8799899995987747,2.4727439480954887,5,0.003914628505161392,0.7097377213962613,0.0057974622388486195,0.3690580527792642,0.01598829297829991,300173.968384887,0.4379412854055946
192,2.5504875384657923,1.0577622249509804,0.9037602199799668,0.09999999996244821,0.008979451855310181,16,0.0007393046536475089,0.628617860793077,0.00036412660775388876,0.4756564302686216,0.37741514468721815,134563.85975893098,0.35427873345810756
193,1.075413281792686,0.6362881323074109,0.8314401252408923,0.4172752623748639,0.21231430042354085,13,0.0020521818579088643,0.7087264565360274,0.009209183451477247,0.44022432318879057,0.18821549006751312,86059.95760211602,0.07483835758688114
194,1.0773266115222795,0.6866075344741203,0.6560237765245063,0.18250118490857606,0.59201253374601,7,0.0033113028851718884,0.49665557869003,0.0031718383574412807,0.11139573921294403,0.08284949147112612,99930.01152461822,0.444143990048522
195,30.679419217972214,1.1947908057338665,0.8460437894371005,0.8896035101037648,1.2065108418542303,10,0.003216723845447308,0.6393163135253478,0.006120261971783578,0.12036415949425529,0.21257219318688766,189544.64565819077,0.5481532549451661
196,3.8118070004334093,1.3756195648315122,0.6428549913329158,0.9,0.05214035868399485,15,0.001445376184948923,0.22618612562644425,0.007064633184414958,0.17900915015867055,0.13492022279569002,258587.72825836934,0.15544628996114263
197,1.0013357325536356,0.7461117830798807,0.5584995707517032,0.24206406743216843,0.7204386111209923,19,0.0033832729177898377,0.3727400575682251,0.009802597346347555,0.41463740626136425,0.4772432136014001,378784.1199266562,0.21579387277877088
198,91.44656609783134,0.7588673074527259,0.8427878179992297,0.8533351211618376,2.911458536531195,8,0.0017321443887210349,0.42601969508511006,0.002601617555961147,0.25516725361774706,0.17427159119576133,337477.0668661025,0.5732192294009621
199,1.881988323708489,1.1265541705821405,0.565891018304443,0.09999999999992384,0.46312026706780723,14,0.0030785773335552545,0.5488059237851929,0.002462457482182354,0.3448219634997588,0.5598143602699847,252344.93558676887,0.12922012424835191
200,188.02792657987462,0.8719712294434327,0.844331867000117,0.9,4.5464749482637945,15,0.0005031742514343508,0.7051511493835373,0.0001015553917509438,0.2886657059164198,0.03149466410367767,284142.2634907641,0.3233144789423515
201,3.6269130782686054,1.2905596593628053,0.7291752898116303,0.0999999999999498,0.41794029044343073,15,0.0009976801453506748,0.8693269330572954,0.003245618636085709,0.3335720214084268,0.5610192591576909,210210.3844950027,0.5581688113002868
202,3.17832506123053,0.9816370492042441,0.8470964855563632,0.42773104349095636,0.433633742885004,13,0.004683378564063255,0.8262452668193746,0.001791894516035583,0.44465513738747153,0.344480011905224,108627.43056368522,0.5456828056540172
203,0.8804315070155454,0.8572951168504697,0.7377842707144437,0.034654444706640156,0.5011503919671036,5,0.004683075419516425,0.8678116730708411,0.009264094994069608,0.44206928892142394,0.598303081853106,374283.1397922989,0.1137153374479289
204,0.740312919612435,1.3846944995339057,0.6365895931280222,0.4887226200521311,0.5471563955084502,19,0.004945502800708572,0.5118054110234287,0.0049644285824011,0.47112343581821003,0.06438041446412279,261747.7979726385,0.015467629403258874
205,13.401990723579056,0.601382084918139,0.5779972460190745,0.20372187452351756,1.7195023691196683,2,0.00229484289792629,0.26867514819509125,0.0019026807378242738,0.37621041088136076,0.11568683896428586,229766.64608201283,0.512125245761018
206,1.5293608258414852,0.6579454224546182,0.9109503220512597,0.057474175202497424,0.7552136820936957,19,0.0044852652875389835,0.7529413514848632,0.005177042556649969,0.07076675182872727,0.4543696501545367,261689.99117470058,0.4765529220109008
207,12.596853593003285,0.7912415030765745,0.6190626001602296,0.8929915869109287,0.5701641451217199,1,0.0013042959926886867,0.25019306488130383,0.007549878685225497,0.47839636664780893,0.08436712538057907,139129.9843351488,0.40486095351187296
208,182.80137692557287,1.0883150303631788,0.8325289234029146,0.8392407471659059,5.092307710655256,5,0.00031109059683678033,0.1504911206333767,0.0031027231029360173,0.2205458080951467,0.006861440516500794,311322.40908831917,0.18814804541805266
209,1.6450549679755992,0.7798801535461943,0.5563595580054926,0.9,0.08523668533685573,15,0.0045806938640602516,0.3007819601328098,0.0061655232090312975,0.13299044243961164,0.42213422106135357,366437.87834120134,0.30648707803064984
210,1.618134394088869,1.0451650532801624,0.6996058954069878,0.09999999991480742,0.5919795915942262,18,0.0027463979268374152,0.45020386534741474,0.005398300992547348,0.34212438648964194,0.4486409022905139,129019.38070053735,0.08880558149611442
211,1.9041924036818016,1.2858215526389598,0.5392977471071719,0.09999999999999999,0.47782846888265484,17,0.0022340165134936687,0.6482012063824917,0.0008271220853670299,0.29515929946853314,0.45284372983491916,159188.9373787449,0.1388628573678223
212,1.7539415620748113,1.015431506805078,0.5719291430635589,0.09999999999993461,0.6012072202492381,18,0.0016409241298921615,0.49229031000706897,0.001206588220737409,0.12653869820349992,0.30329223365555746,255247.75958749806,0.04643724805844344
213,2.9484270332568188,1.2278228748595135,0.7176475040862953,0.09999999999358006,0.002466247770157206,14,0.002566482592086607,0.43827870435509464,0.0006244809702786215,0.24731780369729411,0.3062252124197007,109101.32622454011,0.35405713028020036
214,32.14514306224818,1.2348079033398174,0.8579861517592715,0.429650989962474,1.7726177841734874,11,0.002891767169662648,0.08849633231865447,0.003478062222293239,0.0599671586926791,0.23756922597195448,311449.62554400077,0.4860800580070916
215,102.26012785075987,1.3403980063264376,0.515232738091078,0.8815485847250792,3.2082751606163207,6,0.002044630245628332,0.7036262531959603,0.007669985445090932,0.48981664391432744,0.04141148769618828,379066.4956431829,0.5965329596813829
216,7.0149001270949185,0.8442316569662348,0.9174177369491401,0.37489588256897544,0.4489328812791655,12,0.004533883173967101,0.36929870373168944,0.006843167023310337,0.34104249291897004,0.5957139591485273,214515.8204423449,0.39106968267732645
217,1.2833180486907356,0.6606262661037005,0.7578840734710406,0.3065178424121693,0.6407141752566496,10,0.0026444482764502748,0.668679419770209,0.0022657676488643517,0.031632448624106656,0.20866193228349014,289130.91149398463,0.32818715571212753
218,1.7986672389489804,0.9900008051225186,0.7553281320784442,0.09999999999999999,0.529490503766017,18,0.0041168905066602335,0.26038523272820924,0.0034942893631268864,0.15955537206370982,0.40409991466594025,175476.15638495417,0.02341384311996029
219,87.64520772438942,1.228530365185275,0.701235487276041,0.6308289436599537,3.5151509272246324,11,0.0038303843108357604,0.8011931285685684,0.0002056756738173182,0.12685836226960065,0.0677067832598864,312007.6626908539,0.5630721130696894
220,1.04189334857028,1.1329576401784358,0.5233646341969995,0.03867691230386404,0.6115385998008377,18,0.0037028351218600687,0.39192554818927033,0.0023816758209512386,0.1321165287834501,0.3586709380389316,90744.40824136985,0.06952906072457914
221,5.553949510547902,0.7603371062185269,0.8915774032463921,0.8279678361645116,0.12296744812930789,13,0.0036577216568385337,0.3210681419138132,0.005999280859058761,0.3460899936753494,0.3023375093645607,98062.0912078275,0.5196008431753333
222,18.58290568676572,1.0941911814296688,0.6061005154140956,0.9,1.0772075378832076,15,0.0015028545183102195,0.10181399154074784,0.009487776537515877,0.4434655287530249,0.0859562604979972,176564.61924614504,0.19919241808186006
223,62.30713055939453,0.9460587087437189,0.9666993129649692,0.8028025425508815,2.4075058588954596,10,0.004707961255954643,0.620641146033864,0.007868755730006154,0.17980519493866673,0.2563203493767261,280317.80404746556,0.5478308227161212
224,3.491951169389889,1.1789744875143127,0.7272890337978656,0.9,0.07268823978175176,15,0.004246779990834073,0.3056259559758756,0.007090389135005324,0.4087147951693968,0.2258761131042792,127749.63450405237,0.2556315337186523
225,32.22575149452451,1.0015580823793457,0.5643645205083574,0.507786323597419,1.828677600812791,12,0.0012146711511898842,0.22283622310104623,0.00648472322290205,0.4634462691202744,0.5806717131279759,259963.5038678109,0.5496972925513842
226,1.545981612695652,0.6714334565876645,0.628861562170391,0.0684386448098579,0.7786566158447977,19,0.0033685227672125757,0.5624837382407145,0.00874252356197092,0.118436748148395,0.43475082738432114,109588.47888859638,0.509808697692571
227,9.586665151716922,0.9314547858238234,0.9173474487317782,0.09999999832581213,1.458696526206003,13,0.0016651550719386972,0.8634667964476722,0.00020257037697350374,0.47046508870505643,0.33531028576351635,311777.6767526877,0.45940088634695386
228,5.191475402200806,0.9310287887081292,0.6164447272859559,0.4024164009821154,0.3717622032464764,14,0.003022205469626867,0.22383617153120966,0.009155508272955887,0.2894772674974728,0.5997432042106869,117541.18382186705,0.5776257581075308
229,23.132025154404793,0.8233335999964182,0.6255495811449693,0.44906333571724977,1.7423305237991893,10,0.002564326291848856,0.4726856991358358,0.0010311519040765264,0.4912196747178911,0.32019007644975783,201811.75819933522,0.46755319041762444
230,17.5850639128701,0.8336344292881326,0.6986864818777399,0.690938577956646,1.001348601580207,7,0.0028128423749580397,0.23808298356879143,0.0015019309953703582,0.1525638316575917,0.5485982993384935,348713.9781003792,0.2869993489933095
231,1.2141703416581755,0.6371702691657289,0.6583353372693728,0.04104811184734083,0.09130692938081804,5,0.0018995089538184004,0.7583583079939374,0.005018049749574758,0.3376657440768803,0.2505468441331042,265325.73633196816,0.5615073676748485
232,2.368729666966398,1.3698574405253092,0.8080133381113794,0.09999999999999998,0.05944561082054235,17,0.002453232615112622,0.19299859905880984,0.00796000636781866,0.1095548841042854,0.49295516381541377,162344.5624431625,0.41405950128408464
233,2.8506788165453347,0.9879231698162196,0.808068542327536,0.09999999999805355,0.1243976748823149,16,0.0002941308918778604,0.07875019358998697,0.008474638962668087,0.4742384122644221,0.55013963381662,236261.22280132235,0.4349849831496353
234,35.22277778711873,1.2582902451428135,0.6110880281971738,0.7929789661995381,1.5003218559515983,8,0.003535994233735448,0.057770242437062504,0.005082042550945998,0.20540432556280158,0.24743533344935562,324588.4299430462,0.40424717060196014
235,4.031176050992594,0.9348837382596425,0.7341701043214742,0.09999999998596613,0.2727148197076024,14,3.355847878229841e-05,0.5188970267745684,0.00016791713287252975,0.2788262940155758,0.36991161665060274,293361.5134570687,0.37452278916731374
236,69.73939235661614,1.2318414988225188,0.8235358170172209,0.9,3.3761058875626406,15,0.0040309354108876705,0.8233073610989512,0.0011148134655102045,0.07526752841816198,0.010285558561456321,392793.3914344037,0.17209703494672088
237,1.7799364896413576,1.2336929516419541,0.6283158736047851,0.09999999999930378,0.5235870414857839,18,0.0019847836642791082,0.3670938459441298,0.0040899727282451654,0.2955510257505455,0.3158735912401297,141418.25823731621,0.0978495165867478
238,14.696981004085552,1.2630803918283822,0.8137931453883935,0.8221847127958366,0.6773774004479294,13,0.0042911666855264255,0.6956479726503181,0.0009803300289997388,0.20825409045271348,0.41042497528223126,152274.3208407751,0.5942374886674391
239,2.195904171267924,0.6542452176989428,0.7399320286941402,0.018870518411640932,0.18260009270715397,7,0.002169831305032326,0.7167198641715945,0.005680273448112798,0.43324134728092456,0.00567010359247837,97956.78052126903,0.33609384932252023
240,4.824919833733121,0.6902753502960924,0.9166961074791706,0.9,0.5066975753821578,15,0.004437827758018951,0.4541752444984823,0.0005132916088803457,0.064943588165056,0.02553105457022706,249010.93940532734,0.06626348292773074
241,5.5130149390673076,0.5296116021381247,0.9458078534022365,0.07753485982734645,1.3973971796140923,5,0.0015727662237866417,0.867248811394605,0.005891009235640659,0.38355960082802654,0.3381059184287901,367779.72827680275,0.5560950379477446
242,1.4278839135003287,0.6462052256432352,0.6154266532660576,0.017456834307016555,0.7357453712058887,19,0.004173335475178714,0.380783116262255,0.008970431381677062,0.18591302462225942,0.04616249486480752,207454.72652643904,0.4304997259701222
243,2.3082443980503045,1.1517472130848834,0.740380568786108,0.09999999999998804,0.10839589939378871,17,0.004871629475516264,0.09564196715528456,0.0043990281157928164,0.4241770890781922,0.5930867747484618,124784.19015526313,0.4558094660673264
244,2.025693370719114,0.8570327443780635,0.8713063597430348,0.09999999999628498,0.28368364931197504,17,0.000148613481896353,0.2823279743344777,0.009926229490585433,0.26058362437207283,0.5729150381487994,326081.8090769416,0.21094972042031251
245,2.4800042147097825,1.111725372279343,0.8171225156071402,0.09999999999416795,0.13370597353267324,16,0.00042892774112486033,0.5758235067209047,0.00799064897933733,0.3651610103588413,0.2591087677437268,381165.71039063216,0.21992860664645025
246,1.8904329216642732,1.0705107937667457,0.8550345387087654,0.09999999999967041,0.37677312850629036,18,0.0015837328042933403,0.14056828005457195,0.00010169246258179968,0.17488570391406008,0.42700629286717,129350.7084369659,0.05840242570715765
247,20.07876329113066,0.6686526051750895,0.7154449649702967,0.9,1.0794708593098272,15,0.0027739226330440346,0.39683754882066685,0.00031130594493230715,0.19633971505227166,0.07950420269651963,166325.2618366037,0.22235132343466898
248,0.9454514121568979,0.8467141256563853,0.640086728622234,0.028334879668624025,0.5400820101793591,17,0.0019393038971122797,0.12199458938924414,0.009016303646321508,0.4554475599272786,0.19465819834344758,271374.01529416733,0.06490791367132574
249,72.83988986100701,0.8426588211398688,0.56664322830052,0.7005099649088052,2.8057961443530965,9,0.0015060057612426563,0.469155350879167,0.0006795081452556964,0.23429784655349012,0.1017497540353953,263027.33783985267,0.5871221077681935
250,1.241071922738393,0.7265297640100126,0.6183632328065614,0.1104538505002638,0.2952548130522894,8,0.0031253559220005894,0.5547354383332169,0.001995704837558592,0.08027701276302393,0.04615281683709429,234954.02045885712,0.25845038046578933
251,9.331961780893748,1.0581729690872204,0.8859567017395436,0.9,0.6937741684274975,15,0.0016480438105381616,0.3345257901849134,0.008163980926529882,0.43396897953739255,0.19933032918697616,383623.50796626083,0.1897482174932416
252,7.990371484959399,1.3525510298145045,0.5964087145769944,0.8657146381320874,0.3126709619870863,9,0.0015712593143366092,0.8698884296305749,0.009688815956379621,0.166980631242625,0.19239909322505258,123559.83090504474,0.584792972137718
253,27.051400823599835,0.7181818671025157,0.6805065451155906,0.8852016032506094,1.4001509005041566,2,0.004082564329906849,0.38399486027854085,0.0011831838449393812,0.2950097390555294,0.34552756897497633,237122.34012547275,0.4200250829265449
254,30.12208630947254,0.9950892412977255,0.9574422135134221,0.8823092269988543,1.2900589782833745,6,0.002308380303054326,0.652111993567654,0.0044126267953736404,0.16692566775308879,0.4090275798780526,254601.30734426307,0.35941395020772743
255,47.056372626633305,0.8682274312204112,0.7396655433387009,0.6784926461811309,2.0873214545694716,9,0.0031668635302484916,0.255717992520179,0.0066036965368965654,0.3661611039107303,0.4773941015975726,342068.9817614267,0.4187728148013622
256,0.41872717227280476,0.9313112297953636,0.6923864467180993,0.013133633304042686,0.3620068275322137,3,0.0025333099088260306,0.8323333568065514,0.006932503215686171,0.28551324559211444,0.5944203686621807,103668.8433863323,0.4755552902998371
257,3.1444897531944567,0.983215387422129,0.8063265761652038,0.09999999999848842,0.19548994542179382,15,0.0004253671792879133,0.7036109407320345,0.006593136363578618,0.1968541451407901,0.5373009092165394,195049.43776520318,0.4765253410590629
258,1.2528022103279035,1.1097247062777669,0.6918165181880395,0.0226138534822882,0.685349885495808,19,0.0037635375472591646,0.870859261056754,0.004333032661707314,0.034957453208752584,0.5901649235711897,94174.94192891187,0.3917299103102085
259,1.5264693985756395,1.0224664659716036,0.7761129911698046,0.9,0.30727610017138696,15,0.0022291698682487815,0.3824640433758774,0.007734805213001199,0.3066372795738692,0.3112786601096097,243416.3969680143,0.1626556385381567
260,23.118226055975217,0.5940944222054555,0.699668205692342,0.9,1.2123005366565032,15,0.004808658464467012,0.14865893726512847,0.009409727773554621,0.09658733311082769,0.014737591815461592,190389.56403184583,0.30527481115564337
261,2.6509053215843417,0.9346333989014496,0.7285580149803985,0.9,0.019471903675239738,15,0.002191110608395999,0.6422487756951162,0.00322314926846612,0.17112411909551195,0.12412039572498869,225706.44327228065,0.19401530289954946
262,2.537857979098719,1.0831729255499423,0.8250268797876243,0.09999999999967918,0.038335899516679345,16,0.0008221882872070909,0.8863154000000363,0.0024769338181923274,0.11199301942734295,0.5095080048281458,116827.2853436115,0.4880097027820319
263,0.6999015512089741,0.7086699926702693,0.6944227694145213,0.15807150853859822,0.5941068132777915,17,0.0009226666498693926,0.5944070451610663,0.004349737801671361,0.04372036894092357,0.5750775730403698,259151.6647967562,0.10448006961706198
264,1.7377748326352835,0.8499522023201364,0.8382730956606725,0.7528900589172128,0.30053101218550105,16,0.001029319504596926,0.689476671056418,0.008096861396881044,0.059404963190507254,0.35532189501622097,143143.8194503188,0.3723230930494327
265,1.3213299861168208,0.7933864204389366,0.719624202658969,0.8567198032446337,0.33423830548870814,14,0.0013121358005640787,0.7832410653387113,0.005300764445296437,0.3303810352630907,0.11217590137925604,359033.3856031633,0.070033708749014
266,0.8117663301417998,0.813132173693079,0.9058485452813885,0.31005050479444474,0.6695260672282073,19,0.003087004715342457,0.7416775161217938,0.007074584191412501,0.1697990723086954,0.3522028287391308,275618.6947644806,0.36221278927696615
267,1.7944780329324965,0.606075487395491,0.6465824012170395,0.029271646504993587,0.19101935599750344,8,0.0009156310693982518,0.6394210604589787,0.0051327074513972505,0.22657237991929152,0.08036866179042639,107120.6299593689,0.3725458642706225
268,0.6469211753000859,1.0719514778527717,0.8328478047340906,0.764683705244686,0.6221488859450741,19,0.0032264778453522124,0.8999146196786283,0.005571380129533349,0.26013175231033814,0.11145221957565939,202787.18810805984,0.0913417061353889
269,0.7666489766409859,0.5482501363677531,0.672338802642257,0.4764795342648084,0.5433965522579066,14,4.841240609662449e-05,0.1660545074631215,0.008161398609505925,0.4829996720250217,0.2706005824479907,180665.60469147016,0.09277495570770025
270,2.521763938752009,0.8740673917467007,0.9031480650085869,0.0999999998926195,0.12580712029535818,15,0.0024437532099424587,0.12027003191849686,0.00035706402114789787,0.3876966107163493,0.4108180023359919,238390.35131724915,0.3082084316410955
271,1.5718383198963621,0.6513880796929163,0.7195142658912556,0.9,0.6952527145658255,15,0.0037127200005229706,0.7010316217021371,0.00551977553615361,0.08320916778725088,0.32256517092289166,167952.93384753086,0.1823330466396369
272,1.915032541741996,0.8301755948948788,0.8948532453422053,0.0999999999931254,0.375178628589616,18,0.0002085318060900315,0.6611332049605368,0.005486215083483547,0.4951945921020411,0.4939696847985399,328036.1689164785,0.07738192430179158
273,1.8135325862161533,0.7679380415926043,0.9796700812538757,0.09999999999899904,0.5380553382120197,18,0.002248936847980654,0.3462904302989667,0.008176449421908564,0.23636285459016648,0.4508072968462033,345622.6292936127,0.07042569893772399
274,107.81181314343615,1.229632445155469,0.7822034705488691,0.893004191312717,2.9281724502181548,8,0.0017534788901493916,0.6541408655697296,0.006346067777725028,0.10801136031442182,0.14216763322000872,328202.1279618476,0.596435033747984
275,2.778789284241993,0.553422050275407,0.6683914298973588,0.9,0.013371976110809336,15,0.001405784551441595,0.5079532641404924,0.003270353477754083,0.3609052680249386,0.1241656324510596,146118.28997976746,0.09214862989679788
276,2.0827282768313835,1.3869394720356145,0.8260636716431888,0.0999999999997249,0.15711055235025503,18,0.0004765782064898067,0.8683561957447232,0.007867625930498409,0.46182129456001786,0.5148101069677545,165549.78120898566,0.18070661364431673
277,71.63458169533683,1.2794709154920412,0.6198450761303071,0.839962548210973,3.084358694902719,1,0.003557118546771426,0.7542095322938377,0.007626662195424577,0.3478302402389746,0.07613290116828615,357455.2289388091,0.5955668731303578
278,15.437518779698044,0.8728025804285339,0.7169560268241749,0.3162010095737683,1.5119952087770359,11,0.0031683220028698137,0.798106319111225,0.0009762931012240432,0.27233833188121853,0.16123029125249155,264776.1693773317,0.29878064829022627
279,2.352892722751163,1.3552286709788444,0.6570988544772465,0.09999999999999346,0.1595962999810475,17,1.2864189167352725e-05,0.7080149968720393,0.007340604064067896,0.3735380106189149,0.22144270444525319,379627.5565083441,0.1741531558325524
280,10.563123451143747,0.5569976174541572,0.7565237429060312,0.013313196740276811,1.7186867540435633,6,0.0010895407601085219,0.4151966355824507,0.0021579220907569957,0.15621231400777857,0.2149336376045923,292526.0226661896,0.2804850614410334
281,20.87594298287782,1.0095278998254262,0.7329621939240825,0.7430740530270442,1.0418353330526169,12,0.0017190262329528198,0.6301691371792251,0.0005316721484596434,0.07680012870061675,0.3467601841565709,188081.64965465193,0.4987227340587967
282,132.75419680630367,1.2718864399357523,0.7118172554606848,0.8794329901018345,3.4050976275779754,7,3.879319594765003e-06,0.8643270039083765,0.0020630661536541273,0.3536381844984098,0.07454230753823907,227066.1640555414,0.47249495948593523
283,1.7397091071302584,1.3394530064533319,0.6315293398857355,0.9,0.2817886166337438,15,0.0032731125281117612,0.26283088676674254,0.0037498454880853195,0.45478612635275917,0.09538647774349163,287999.10378900886,0.08782872155656797
284,1.886960818024275,1.1294972343721161,0.6123890439125214,0.0999999989645323,0.2928182544196016,13,0.0032775983993034836,0.6481433337994376,6.080872173265071e-05,0.25409915288262963,0.1833055469065384,206829.30141831463,0.10765979670401282
285,1.6044568541755613,0.5083582528476142,0.8338866114982634,0.9,0.8147111286738478,15,0.004085636580053035,0.8899316730446312,0.004252023641061846,0.0921223210135036,0.40798963507294744,152381.07566700992,0.08829287730359209
286,0.7525648512841325,0.5921844534045559,0.650408709171635,0.9,0.5170080471193325,15,0.004405004480403863,0.16655990053201378,0.00774593181232371,0.3839841664658019,0.4384580290583826,202582.37621624727,0.05178870018630214
287,6.688061693754516,0.9774574488920129,0.5040678761374446,0.9,0.9124301253331587,15,0.003250276055682456,0.4240845076628741,0.007238198662325008,0.3251976180202242,0.08571184010093631,397740.8496788432,0.08855627639986517
288,1.8933843343169503,1.273966272141935,0.5416102560636745,0.1,0.4031972197059213,18,0.0005027753298319552,0.6895787995657596,0.005916260481727055,0.21049499739126673,0.41193970192544394,211747.166195097,0.09931073719812576
289,0.11495107880511861,0.7492708912503608,0.5404393836790335,0.033598242143165036,0.02725902500264201,2,0.0027672064606077585,0.560006687141975,0.006095551334209456,0.3961157366812321,0.08389811328554021,180641.1738182942,0.5783167392264258
290,1.083043469927086,0.7714844002194787,0.7485195813426739,0.11316668988120426,0.6687294013951145,6,0.0025478580692905057,0.6856670948340622,0.0029906434098585636,0.05564749157716889,0.39504322205108633,351325.4734207869,0.4173808842586457
291,0.5688494271609182,0.6014692963434276,0.7397996198108756,0.10747826322140083,0.5482807898656028,4,0.0029698518758045473,0.49904352579575656,0.00977808463104119,0.49383479043629874,0.2969326319659601,385494.8836310889,0.5397684106106239
292,0.7287180704293695,1.0115423498956648,0.6753979821670874,0.5073543297051681,0.6988100268204323,19,0.0034148687739876302,0.6983170472112479,0.00954680719021182,0.39207251313556846,0.5164884023620484,122234.52183446466,0.5610153969877874
293,1.5787924853053537,0.5358441757434708,0.5290250526023388,0.052579218496183085,0.8247249355863634,19,0.003946555349965961,0.4806190136336879,0.006304278425802732,0.2654930137883253,0.15731116629724023,101610.42216728549,0.01984674704480516
294,87.49148580288353,0.9829083344630138,0.795702586720039,0.9,3.117051706715179,15,0.0013876999448049333,0.3134208527741456,0.005137481748038548,0.12550282216017905,0.04945668715478752,304579.4043595252,0.2551048766814871
295,33.22877606098242,1.070864822617931,0.9005727052086813,0.607967484412162,1.6499179310090788,11,0.0034054378957036977,0.10619782107803274,0.007001825021974639,0.3730804373928245,0.2344389017810098,251644.85532462667,0.4867554477726854
296,7.872893972963601,0.8910352297454172,0.7176184843026285,0.8929865113118057,0.2501014866405996,1,0.0030443576059350046,0.31289655429249724,0.007429850415122665,0.37810934471006374,0.051727679034893594,98529.90208740174,0.509416187933058
297,1.3702133349336725,0.6474493678418668,0.9574477768422549,0.029192481612791976,0.675446775252404,19,0.002615265310960677,0.715539036312184,0.0072216169050299175,0.10847258847041899,0.4208997667343196,306528.1942777914,0.08047137407565359
298,2.323695226355889,1.2977732837665903,0.8702865394350199,0.09999999999201081,0.1510240516841979,17,0.00014726657773843108,0.7360416696587644,0.00275620692046247,0.06001983488787958,0.1612586918455474,329959.67357983603,0.08488905841386364
299,4.643052709878073,0.9096779999114847,0.6728594698504415,0.9,0.5738779363519154,15,0.002498300223804036,0.5318532090026824,0.003708493389675277,0.14990455808836672,0.046242018771831206,264528.53590853885,0.4302707164382923
300,1.8429965869789042,0.7055639808379259,0.7442359447571105,0.09999999999993493,0.5137446549169161,18,0.00022066751736041633,0.7834892206672196,0.0024832869310491995,0.2517293571015369,0.4336670239955199,263651.93766145804,0.07071389986290307
301,1.229306817473457,1.2717366779731751,0.765375098478015,0.9,0.4110788606338448,15,0.004569781373770885,0.6795659538905904,0.004222724578409845,0.18124694680186879,0.5586960462943112,128027.09383716802,0.23595788987676547
302,12.451241344859051,0.5700983629702208,0.6789479200341735,0.0846607708457209,2.58177345397342,1,0.002510453692326634,0.8166498578695307,0.0018344762852094414,0.4080388691456156,0.16275477480588998,310492.1348570231,0.25559139311577606
303,126.77643728240245,0.9185847601251975,0.6355072978980332,0.8782264888514172,3.711893074495132,6,0.004224310098054509,0.32820578346720103,0.005553259383474472,0.033745511572004096,0.041355862663647054,385305.41038733686,0.589034179725482
304,8.634783312698135,1.060445771502894,0.7226848114786396,0.9,0.7659199451959182,15,0.0029586588294565888,0.46935657447665213,0.007737501966357718,0.12184853922022704,0.18234558436084977,260418.1570637398,0.12839598053724394
305,1.0573200276805363,0.5057400944766236,0.6968173325916895,0.11498793900373594,0.12777537275838083,5,0.0011653722104277852,0.3444601430784952,0.00840376136861693,0.44228334869824026,0.1470761246259497,323354.3105029429,0.5412615453635897
306,2.664286209781901,1.2641053890010294,0.8490632187396667,0.0999999999970433,0.0730874077118258,17,0.0005201931222481225,0.5003423157010106,0.0024197675654826136,0.2612535721194519,0.39438231010559865,80467.85297138488,0.5710842546646315
307,1.5219417566135807,0.5837239745222794,0.942211713426611,0.9,0.12521929854792338,15,0.00448648871592133,0.4917953357182314,0.007023426751501862,0.20507122781481793,0.4269914848200616,399026.9664344155,0.04533809463538188
308,21.29973004049762,0.6201624652258613,0.8935821881092236,0.8845639062606744,0.8878422317064344,9,0.00037461500640722253,0.532647619045827,0.004378079640428104,0.48318258912438816,0.057346203202431334,107168.77360527666,0.5849873261992681
309,1.059699326185728,1.2207351397995456,0.8363482910343403,0.22807348687876758,0.3807802114416041,17,0.0036768966674774494,0.3203490613761855,0.0027559609247329218,0.06510309482716546,0.18900534924585496,163517.1004555552,0.14969532349771894
310,0.47408093735617707,0.6398694961897431,0.5788999907358887,0.03965292392364378,0.2953912075174652,2,0.0023305425346270905,0.39553566912283167,0.005382449263445735,0.48337831945760745,0.35082482148247734,329579.8343900361,0.1296004495047479
311,1.657924138035152,0.6079222007198543,0.5756553809914478,0.09988102930695529,0.8507525967264754,19,0.0034304311873311014,0.7524286847487023,0.0069839359332089105,0.04895500981107179,0.15900475614882492,178658.46982800146,0.1325053731101086
312,10.209755869353243,0.7233969105151296,0.6707565226420562,0.05236137382669245,1.44955840865056,9,0.0025675416470559583,0.625605870440711,0.002638659587576178,0.49561801159171637,0.054727742274809164,184893.97084313343,0.5031956030829119
313,1.095754233832976,1.1732706024878383,0.6199292615463445,0.08145771516363173,0.6006691541551505,19,0.0023104852227567568,0.7333122404272726,0.0014409407407675674,0.03561975388962411,0.2713207016406376,209405.5124630959,0.02833843508166814
314,149.88662312824601,1.24130607366952,0.6786750770316788,0.8932825427346696,3.7541844458630744,1,0.0031516725942448208,0.5979822633522266,0.0058441218240699285,0.15164570660286714,0.07842914252638677,394421.5159947589,0.4999196758178352
315,5.478366954043959,1.312246473739953,0.7128470354412746,0.5780702346643442,0.29780167136485136,14,0.000644393349210524,0.81931627482313,0.00830209396331331,0.18582844888857006,0.03868322162814586,86976.05847635608,0.4895207840520325
316,1.9476917891782646,1.0164957798260503,0.8944089927354961,0.09988469620830384,0.3246764203774066,17,0.0019752959417654865,0.07505994905024777,0.006847968521679244,0.11121938956047091,0.10079352523743386,227518.37504062103,0.03519082826335418
317,1.5369362388320267,1.2950814190042634,0.5166317329911229,0.9,0.31863671117554315,15,0.0030960731559550566,0.2589170623584586,0.002986296371847179,0.22363633695919757,0.16791273256843428,139888.35638757172,0.13668250252231573
318,0.6845816131379702,0.6235124154188583,0.5957397471999616,0.04054829049015008,0.38474933462381794,4,0.0044233202548667125,0.49694194951486276,0.0063260061688063165,0.4070189989024299,0.1678655924633828,99513.30205850968,0.3349063124703485
319,0.31907191783104794,0.8232008988538084,0.7613685468963447,0.047054079837634585,0.2783720286985805,1,0.0024236550874598218,0.8257754641086119,0.00504881289266023,0.21253919904757118,0.46914946010725495,396609.15704369085,0.4789592841381034
320,2.5441270492364327,1.3061883034528823,0.8736983750376677,0.09999999994714552,0.10348716792988125,17,0.0002934268557754536,0.8928016249159852,0.005317851305056045,0.39041581917162826,0.1314121128438567,182040.82154540147,0.11609136548174283
321,81.92798172555156,1.0911779792386107,0.6279329605115278,0.11411795554605,5.594615113489406,10,0.0040815176654628695,0.8296705601848745,0.0006062911257318751,0.49830426279803486,0.060080602382974545,391673.5557547207,0.5997673906186941
322,1.8996037483301824,0.8193241711086439,0.9028266811068364,0.09999999999796239,0.45088560846131276,17,0.004226181901380221,0.19968531244299154,0.005945569116355056,0.4089188059189125,0.47843441242764523,350881.6289488426,0.13945283576591566
323,203.82781724323837,1.1305047230162764,0.9548281928336073,0.8942709701985866,4.562880462278565,1,0.002818250630672577,0.5286425572344157,0.0019229249658073,0.49436291889018225,0.01692394183629544,372473.601321131,0.4215996725237522
324,45.024930250913336,0.9413927781147313,0.5433235408884334,0.8248296191421496,1.9190165531913028,9,0.001163500478737154,0.23598760043784067,0.0052881627157776835,0.030321243300400477,0.18543184329073173,237512.55164652967,0.5301595523396786
325,59.16081009484458,1.1452438694217344,0.9410147779074589,0.8800346982256242,1.9795437344862288,10,0.0042214982901450345,0.3250504896091116,0.0002680333176235443,0.3057063122928685,0.07829372737150954,144468.60267268517,0.5515587496931814
326,65.65481287539136,1.2746025199323956,0.9610682001323638,0.8335037933841016,2.291885034632181,10,0.0018682671050268245,0.8506347314478354,0.00398617584542085,0.07748511998492258,0.5078885325474808,327797.27962236543,0.55116224701386
327,7.319828271609641,1.3538241788236909,0.8800844119999385,0.9,0.3774545748519219,15,0.004803330170793507,0.601803225798092,0.0017833165760075302,0.48530916127658874,0.0945023316101075,123664.53403439681,0.18804144069802675
328,75.90044286871033,0.7009134925825782,0.7826960747758898,0.6534553197214913,3.331586233601826,5,0.000877170474136109,0.3107997449032643,0.006900559474009624,0.08985373142006167,0.4721950755573461,377230.46687533613,0.41920063499260035
329,3.1611507106289847,0.8524412845498417,0.9772559026628627,0.09999999975938506,0.22948606458944532,15,0.004825937109467611,0.07752533148802432,0.006043767241137163,0.46288796171649726,0.5692188959099417,383612.1933508121,0.4400102640022394
330,14.306049614129305,1.3430190141988287,0.5675088167113128,0.7737368073725002,0.6930949676681584,13,0.0037268439688458617,0.2522965363769874,0.00982467756665655,0.10890708587324455,0.3393301476721923,150686.4801398439,0.5808436945134019
331,2.9487276472711716,1.0751924191143911,0.9255936873045545,0.099999999999997,0.029720652444611768,15,0.0022334263555219207,0.27543057447844477,0.0025329315881960244,0.06186354663018988,0.42537948788713464,108392.32402244043,0.532338949503131
332,1.0506634041113558,0.8473433881580689,0.8516405573594089,0.10421799448930702,0.7308655757294997,19,0.0048455245746158735,0.8018691979491434,0.004956165835064784,0.20799491014390173,0.0007686944968139598,114571.07238868136,0.16142818551020174
333,2.51776099686087,1.2776456484217191,0.8124653902944692,0.09999999999285622,0.15691100290876087,16,0.003435958440883464,0.18825803498621513,0.0007834084261356732,0.4275083674915433,0.2876935502382963,112457.13908387892,0.332154140930288
334,1.8020328007059807,0.5667803615899933,0.5816504975125716,0.07881433162509452,0.5503250800612693,4,0.0018776016914579421,0.6721873224806194,0.005493110273191703,0.4521183613663875,0.5709972788604724,181989.4105461304,0.18399608173851678
335,1.3137898895111784,0.9344631078396304,0.514876737945044,0.038221667510377616,0.5964109552514645,18,0.004712240069380768,0.19024761554762698,0.008903045040520235,0.10383877534546851,0.36818683546733627,270089.7740966703,0.0649317643746051
336,1.0197112090860623,1.1274770334266213,0.8465782901963244,0.1597054784404293,0.4325947801078229,17,0.0036500050413486146,0.27547505394748006,0.0028511545807803898,0.14164769392520546,0.11399055455303125,145776.15254973987,0.06974210847426802
337,0.6459502124746506,0.6382309410650607,0.673197882189091,0.9,0.6039094182494535,15,0.002138315984249845,0.3003670316212826,0.006637101248798183,0.31210129816647125,0.5039127029073907,262966.3385144773,0.03928491139272082
338,0.7218241549388575,0.7626303194414967,0.5393293254622363,0.5337976351649111,0.7030422235589011,19,0.004218923487197509,0.31210039010006996,0.004004800117655823,0.2598755016967089,0.10249931501533384,88235.42167413943,0.12780813244895833
339,5.627562193527557,0.6663930984878426,0.9250364925197787,0.8839663999029133,0.10965048064305476,5,0.0018473236238272595,0.4289089801752894,0.0026697948684946985,0.24857723939268572,0.3264756175318082,109163.80081621735,0.40001363230014286
340,23.07089475096053,1.1770116279037584,0.8203848603845929,0.9,1.3704946114319472,15,0.00042899370554366556,0.3422226785641397,0.00543741760975992,0.4862316024715806,0.03698362179605958,165939.83784734388,0.14348294536677347
341,32.90093896366519,1.2365646933788361,0.7009433959685363,0.813615082609006,1.6283131660002876,6,0.002677804302688659,0.786859911649728,0.004774502661813103,0.4443773186262827,0.5044782998581503,257152.60997053082,0.35793860095912605
342,3.542439085051099,1.1428751292173238,0.7410087057514902,0.8674269912259063,0.05004159577520637,10,0.0045023250798272236,0.7303827862125828,0.006791472111481501,0.3215283637441724,0.5416663208034924,105265.61592770662,0.2909947458380665
343,2.3502211212110247,1.3859311912242194,0.9666391416021233,0.09999994839392078,0.15314351261996256,17,0.004042399376236155,0.15725809884275876,0.004262580248190214,0.4944915700783503,0.10372738368389667,322300.4018045419,0.08096630610570563
344,53.63253663009525,1.2506973068084037,0.6237854527941328,0.872639728354394,3.131503852115696,13,0.0045540670264151055,0.8270478463637987,0.0007167689328336934,0.21240660191693284,0.3763357273394387,399126.1525692082,0.2668820148641793
345,17.122002514845324,0.9123414630103537,0.9192638016189234,0.9,0.913102767715829,15,0.003932859918819445,0.579599239300487,0.005249492003975602,0.22720910208585746,0.1657204919443496,184360.57771831553,0.24443944667065118
346,0.9370422409842459,1.1825396490719056,0.9510319927938127,0.39091615677982616,0.3983792128152752,16,0.004624678369712988,0.5282811955557242,0.0010548549061132142,0.16446364140297,0.3527604799688328,127423.91721390227,0.2545210152736974
347,13.01437747732698,0.8447391255893475,0.7330807002974387,0.8444910198499669,0.6013921169978529,7,0.0030450062786862003,0.08184581992305642,0.0027903707132458004,0.09761075519453664,0.24653402237953226,190038.13714478863,0.32602375387609084
348,76.84915369087045,1.3006167925228316,0.6591171563524499,0.9,2.5716468675680435,15,0.0011882776799345778,0.6838873468632657,0.009212308079916345,0.45160474021022856,0.02326951948907705,301971.60101346945,0.3691066058105199
349,1.3965070031622833,0.7523119878661775,0.7359772224124721,0.06593201066568952,0.5618724023104246,18,0.003481066131952537,0.13348478173183004,0.008695555249737027,0.09316119485516702,0.18183297206885798,341563.4960976888,0.02193740427003041
350,28.597000454590585,0.7424779829078872,0.7000509092985837,0.5820028806272657,1.755636456695801,9,0.0032279512797325077,0.2097453372587197,0.0021533354959536815,0.4172656340999161,0.4954939990678503,221795.39626605724,0.5847894605159532
351,4.841132403780339,1.2389156531586143,0.7473294572525873,0.7720390959315181,0.26345590014712417,11,0.0007952827269736828,0.3144546292955725,0.0050926129886037265,0.0937554158780181,0.5203133823301354,323037.85447240213,0.44715743136280467
352,158.58721779936752,0.6734871021484024,0.8998063678767446,0.8920364315168652,3.933238672185971,1,0.00418496489970467,0.2620667221256374,0.004591664237924402,0.4614746025903246,0.01736889559211141,361386.4292351539,0.5122642511824433
353,2.7729068923936735,0.9546137374434474,0.8049967083564051,0.09999999999710507,0.02348871778174682,15,0.0006198023580240547,0.07597871352469453,0.003756044277276307,0.30920048892251106,0.4941037750134697,167672.79951179487,0.42573402767982155
354,1.3743496611765966,0.814783911480189,0.5784865349685684,0.0007526561578682089,0.6462455324281163,8,0.004472512355600821,0.6866169643121933,0.006904062849278745,0.1639826069243381,0.3521281490534561,358553.8470139081,0.11477437955667837
355,1.0113001477164918,1.3684258482820295,0.911413369970385,0.6296997293365729,0.42351071657741496,17,0.00323707576886153,0.6260409591773252,0.0027273816137261234,0.22246838235290478,0.3433548366121804,132130.36979155857,0.23807374573718096
356,1.706728648476088,0.5080081874630412,0.9375274102651384,0.09999999572910749,0.5267785253051105,11,0.0032370340850980334,0.5609706579203537,0.00013421408479296956,0.1486235074395062,0.46054363704711077,329697.1725634059,0.02183089092471939
357,8.55588436670477,1.0784662801611475,0.7034272643166172,0.6176956840571497,0.470348602622883,13,0.0018826890236288685,0.3464028193812691,0.002557387157314867,0.24934806728369135,0.580214666021026,177747.10348305816,0.48500048582533695
358,0.419122931522545,0.5920808926717401,0.7455265843847848,0.08527601176868405,0.44066691316281126,1,0.0033119460849049985,0.7667913575729106,0.0037735861434526614,0.3342507964303575,0.2382915239832721,343779.46287061233,0.4095457322685149
359,4.022265658302804,0.5574533485073989,0.9744132635944482,0.06803602057032002,0.4802476721406309,9,0.003203153430700472,0.782267860214056,0.002648411733868644,0.3642140745187421,0.06486271835150607,175512.29640105518,0.3693395617364299
360,29.415416389770538,1.1889269494732608,0.9318497814778375,0.8932508607420526,1.1771902110250887,1,0.004027246398256332,0.7320091827848898,0.006020331346398438,0.34044925213013055,0.08995757781249392,175613.15581407567,0.5365005406317502
361,4.516480994974986,1.3977221896204663,0.6245246109017547,0.09999999999998246,0.571397566658427,14,0.0020931191475636675,0.38003368285463957,0.0004014240980229213,0.36279241090665937,0.39324034227746496,310810.6232296354,0.41164589272855523
362,0.4759368780513792,0.700126874578642,0.7566248487412223,0.08817298346148197,0.2814389424573396,0,0.003924592827952936,0.8205475296792966,0.006735091335825968,0.2684379821352032,0.43592992594854213,140772.85133163224,0.3475050360817363
363,15.219359612377389,0.6630222720236006,0.5468494706301005,0.17511076924614036,1.8424002003467181,4,0.0006401567264104187,0.2698540729761767,0.008093021497967577,0.3885715626100722,0.5258968706052662,349004.382270848,0.5087973541043112
364,1.208958071325866,0.5803698398174952,0.6705360301375196,0.053551665678466254,0.7180349832032087,19,0.0037211775417493693,0.31102248063237725,0.007891499846235613,0.18571905437626493,0.20137947792307123,297507.9581727771,0.11801033063743106
365,2.0180399242072813,0.9234829109036121,0.915868817452419,0.0999999999526098,0.32504483077443175,16,0.0029180813114030317,0.8526558364000655,0.0007585965871705545,0.44803024889108223,0.510728332926846,174096.3589281097,0.16372994888936512
366,60.03282386317986,0.768520178435717,0.525949745908436,0.8180925849050147,2.9701811812803007,2,0.004271271732131517,0.16676047029715535,0.002042951078411678,0.2223201679734889,0.22900153188335226,357599.2815034336,0.30528165095069554
367,73.66793833829855,0.784745111883838,0.8435208589328174,0.7941938095873228,3.183873541088118,2,0.0038948164165803563,0.4644437188858913,0.006328776084013817,0.11310740528482653,0.2745428598369247,370118.6990419608,0.3459481169043378
368,3.5068797666700027,1.1850739530934993,0.5809307631597956,0.8932647432333669,0.08846143687043004,1,0.0038225364388607174,0.46614052703551395,0.007647513212699718,0.07137943156675096,0.16411671732089975,81508.32045567803,0.3843543918000759
369,4.628450057626896,1.3687950561170297,0.6839918816256612,0.09999999989340468,0.37370299077300123,14,0.0001891077297154525,0.21950211354389942,0.003762358984002342,0.0366162458005771,0.24203608823877024,282716.01302483014,0.37254304584778647
370,52.25196639243023,1.1090733275093991,0.8008097257623787,0.9,2.650887530573823,15,0.001244491202817972,0.6394960350948375,0.0034762802519300432,0.09059747620130229,0.11434602596424272,346633.1733013005,0.20010574897036074
371,39.18832233823099,1.2414594467069693,0.6431370816771866,0.9,1.89206702862508,15,0.0014544935451515284,0.6686571247297909,0.005983880690224249,0.18878252106772847,0.10021211236098561,268374.620213783,0.23629478102153928
372,110.48093494692696,1.311245398530072,0.6724404254559835,0.8576764370925656,3.336105902522215,6,0.0009425359564374017,0.8558717006509012,0.009186143817972262,0.21959407291552888,0.20563970355453595,398551.1711449371,0.5339046858638545
373,26.68961540885345,1.1606689573803688,0.783052560703636,0.9,1.9656073070570919,15,0.0008453392170797905,0.3616027336898712,0.0065228767822061865,0.047560811015519774,0.07872346585030954,312694.02500362287,0.14476678805313703
374,9.278181078803764,0.5437282654235636,0.977446512155391,0.09999992946410148,1.6611548020852276,10,0.0033100185942315547,0.6055324756406397,0.00024643057681574443,0.35418238173739025,0.32084006051630426,161852.53565609374,0.527161041183691
375,0.7662872118196951,0.9269567044949634,0.5735010070997295,0.14842255899682047,0.09596704730153273,8,0.0034761125500899354,0.5857646391384964,0.0030461087248300836,0.3409823507626394,0.3283694308373553,201681.20413683666,0.25589758345593083
376,4.968432101758934,0.6234471706818281,0.898713305826027,0.09999997984742606,0.5154692733072105,12,0.0005250187273820346,0.6609512908387427,0.001221458955950531,0.08358589976159653,0.3633806021544025,166392.68785190053,0.4008649498744491
377,0.5688103376941749,0.7366945240523587,0.7511101316444386,0.05717720506067028,0.4350369455969581,0,0.0010087651133159562,0.6479212377093195,0.002988744449956099,0.048520682585427265,0.1198496316878151,143566.93174601032,0.07269558790077303
378,1.2820638682920096,0.7975432545770312,0.5013142395475485,0.09659982276787235,0.03232090723958478,6,0.003358329845759792,0.8208480376293232,0.008360560044369249,0.3444403073357708,0.5598746067911264,146462.0749669168,0.30284928088717467
379,1.5269274335304686,1.151207255208631,0.5486194297246195,0.09999999215091594,0.5298584001426706,18,0.0012798325677019493,0.24648624351798404,0.00988722601103816,0.16913042399390607,0.3070232081787953,108826.45554429584,0.09799525067339199
380,1.5494788815136318,0.5355000679718243,0.6394722450740862,0.07857492149871437,0.7422486183617318,19,0.004008079715400892,0.3158010409183496,0.007398474948132154,0.07464928105537273,0.10482108536723453,111938.85281843759,0.2839236407693275
381,3.342538608259893,1.0970195247417593,0.5818458926510601,0.8721326741010145,0.11357057540576818,11,0.0017879582574866029,0.4220573392646445,0.0062369799816584465,0.44288350257681264,0.5111992350446929,94684.50786989287,0.45734036285633056
382,1.0269476321705802,0.8606997628526776,0.961908766471882,0.9,0.4639519833863062,15,0.0013595295372055758,0.3778581662954171,0.00851418220146401,0.4059525755660065,0.10972165218218563,340788.5726516788,0.06484127610807915
383,134.38295033903984,1.1265528861714154,0.5281502699192852,0.8942087346660551,3.6018300774815266,1,0.004712363706505501,0.18548608785984017,0.00418947578047742,0.3076526424054591,0.06783393382658766,335011.05825133016,0.3928194254846356
384,129.55297896330364,0.8417757012042988,0.6721274791170064,0.8770091412812996,3.411805781791962,7,0.00014456673974132212,0.631794513374252,0.008393437941643761,0.4875189527059235,0.10875633632238126,297085.80359974573,0.4833362225866066
385,11.846477522091295,0.8701558373616568,0.5220667161822417,0.9,1.356630376052925,15,0.0013084335297088353,0.3171022531427903,0.0070604533559822,0.34862659287947717,0.06776248762426045,374527.3554041929,0.08708664443356534
386,33.22330784991251,1.3801060017957185,0.8215252919428714,0.8608261401600019,1.3562233726510038,9,0.001691834058521232,0.49463769894097287,0.007020772833760665,0.07476380507229652,0.33900733541243483,264527.6825994814,0.4628419437910471
387,16.405474659548524,1.1086660115216969,0.6847407763552229,0.8932524687670476,0.7275283216180778,1,0.004195245589638322,0.5245926011968597,0.009878526666376699,0.05564607415700765,0.2074496924745022,159544.63835222644,0.4004108250791181
388,2.4315463071852146,1.2666840363014595,0.9173195046141286,0.09999999998138659,0.05125927050004262,17,0.00037478877976368546,0.467900766972741,0.0024468735761374503,0.48596817292819805,0.5093073448656005,130216.75945655719,0.3896052427685196
389,1.7267495983461747,0.8629492941155505,0.6127999999958178,0.0999999999990832,0.6007043668086679,15,0.0022957434264438024,0.7310720945677138,0.00450858092737047,0.43259693536366806,0.3859903888939511,151266.08741401567,0.03970692157066092
390,1.8852942722208172,1.0880357028245347,0.5492687943104732,0.09208605559858374,0.014046376976152825,11,0.00206198656910391,0.5235613596941081,5.168866900944759e-05,0.07272090704842014,0.2984240088399006,117986.19265716252,0.27377019074914083
391,1.4234769231550375,0.9575039662875183,0.5992885994479512,0.04714668142462125,0.6187644135076408,9,0.0033575361167103913,0.8578018604943609,0.0036652576518196194,0.055509350253616876,0.1827587748621891,278101.16919884237,0.3664799328764605
392,2.1395456300726354,1.0577821727093757,0.7271041669249226,0.0999999999987778,0.3215793225926967,15,0.0032860074485524826,0.658526475240682,0.001184532415639596,0.38688037700718503,0.3360905070636409,225427.194433147,0.1415216874938256
393,1.85519647999124,1.367990315108906,0.6401521106279751,0.09999999999999999,0.5078797902977941,18,0.0026101644404773775,0.6467816452709876,0.000505492193057591,0.10715302282153369,0.4979303313806407,189234.27666458837,0.14083079361391213
394,1.8538409495950219,0.596265354967567,0.7932088477465682,0.09999999998657129,0.5473042951045474,16,0.000938123230957751,0.8406838202801735,0.0039593200746559755,0.24481162389770478,0.4329354572707895,309393.9560473225,0.09286502052012682
395,86.67886234668204,0.8730233106154972,0.9447807346579091,0.8932848396058714,2.7291591876651045,1,0.004187412454313581,0.5504894417132162,0.007732844477690426,0.2417371605707131,0.0646594483724952,309372.13263018976,0.47103803815276524
396,57.712383245106274,0.94894577789235,0.7545748868091604,0.02910350410356785,4.086937141347905,8,0.00024333374235671016,0.8450120387069048,0.00839622030125522,0.2569780228618853,0.08078160865837966,385980.9029202403,0.39848945005011954
397,114.88546986002635,1.0206989471337589,0.8506374376365333,0.9,3.6624932282477025,15,0.0006423447193668633,0.37929474233756605,0.006025432916963842,0.4448670558725787,0.10632146310128733,374771.94049401634,0.30991641045241114
398,1.894547783701547,1.3243192175273892,0.8659398350056604,0.0999999999256573,0.2675747907565566,18,0.0013683426018405783,0.8690545070277897,0.0097063919166254,0.24283748185824236,0.5877004561230258,203092.04439798533,0.30742497041836697
399,1.7325994311683732,1.1735841792901245,0.6434783047786037,0.9,0.06464735414605821,15,0.0035076208048817215,0.7816014142097844,0.0071331498461316934,0.4696906764073918,0.4200085709382751,212078.55129843816,0.08868938029949516
400,1.705824231243076,0.7615215459313256,0.6657409188313189,0.9,0.2610405294671224,15,0.0033620323784000596,0.8841351717996372,0.0065183595586794305,0.4804134328184423,0.3745005535232329,144284.5063441102,0.38322413785928566
401,0.7873145645413859,0.6038647270552628,0.6690741451821811,0.05467608075204106,0.37373708448641535,4,0.002402109426991939,0.5350424651151343,0.006688214518619553,0.22621462856899524,0.1934288384483131,302179.83159274445,0.3072971290355173
402,81.30460938839663,1.2625709822784938,0.8879862940768141,0.7189900852995081,2.793398855533429,8,0.002613888566052907,0.07148132006630127,0.0014960007807463156,0.3450194640204627,0.17155678813521816,349244.5767734117,0.4512425467921863
403,0.8733214527186319,0.7579539933431989,0.6202692835799278,0.038691525130779676,0.4594299083735782,4,0.004196989381418624,0.6370056228094085,0.00298664863131798,0.38418915558122757,0.096561236605938,320059.20597441716,0.1279424261861829
404,0.8401288405238282,1.2812318362889692,0.854956390482968,0.9,0.5182995876803723,15,0.0043242750052804105,0.6810508254919314,0.005634642000268566,0.1416698721061161,0.06148800380278596,340488.38961743,0.02906076611297302
405,76.59723288460219,1.0980442117324611,0.9447127093610141,0.8433797011360683,2.8024683483578876,6,0.0019380794658856307,0.8631966745100528,0.009759436084458457,0.17694737102047803,0.17258319270433214,335622.96079666255,0.47274123199382306
406,3.18495578133954,1.0585055260506642,0.8748439485804249,0.8934292449421768,0.1032595751182377,1,0.004350655402560515,0.7554859596618728,0.0091192894518837,0.3611756623796102,0.15080467702338343,84148.87605588426,0.33575351254450747
407,31.644624971477572,1.0430482795597773,0.8725504376587194,0.8142399780879228,1.3824442588636128,7,0.0048214669707185905,0.3000510635338178,0.0018153876899582187,0.35084966029972153,0.32796908202074476,321634.46566673595,0.39210310747450033
408,1.4307022565628917,0.8394784043473811,0.7056837509123525,0.07846628792977813,0.5146051836830071,17,0.0027832148036663674,0.16055655059806645,0.005860661273955115,0.14985758962223833,0.3083081116647443,135614.44219369764,0.12031618310407095
409,54.440771525665,0.6383330452126668,0.6548624143488896,0.8999205686090144,2.4917978408750896,14,0.00025475177825553635,0.8425245857355123,0.006175306327188334,0.3410883991535213,0.09288341867897174,307100.5748212205,0.20503204535793876
410,4.769551360182025,1.2056283037134512,0.6525723225786509,0.23641786904756337,0.46609216259003355,11,0.0011002000961300737,0.20628873290505512,0.0007283558675890375,0.2674159647144685,0.2148513528982436,263256.6369775776,0.2994250552806692
411,15.433693536477026,0.6990782729913074,0.602409828889374,0.21674486515343502,1.607705071083973,4,0.0016597516327624556,0.3566781509633228,0.002223530593555922,0.3837481740906229,0.05516733236343987,251851.50481085078,0.25539943382454877
412,28.35015091283361,1.3830198778537668,0.504225774221618,0.8990386303447417,1.2956612340961267,10,0.0033448578707379363,0.42881715934198855,0.009049739761952537,0.3184395156185733,0.49421304055512133,398921.9464333884,0.32299434840802654
413,64.09472268129505,0.7888433094563733,0.9396475665433641,0.8022146352251479,2.363683954023493,7,0.004724965858323972,0.37799454456643733,0.005425361263778487,0.1629296273113168,0.4095308164611168,386846.98114365875,0.376467701597944
414,90.62081563750527,1.2225350637574643,0.7138673108344247,0.5749085829638597,3.321719595619332,10,0.0002197363787220535,0.8135393675699754,0.0019654982599400872,0.27153050905989373,0.2249748252971875,343074.9005567892,0.5476881967108846
415,4.120587418071378,0.984177347867826,0.5035186813840856,0.09999999999999987,0.47442933412744315,14,0.00032782637460754786,0.6197848572215983,0.007747143550374302,0.4365269021849366,0.5737657238840395,133566.3389483184,0.5694449735925666
416,2.043268345868538,1.1324685796407872,0.9685874822427334,0.9,0.2604939145176552,15,0.0038761460989450752,0.5995769854205936,0.009400523559507719,0.3810386880669032,0.3226525284144967,113256.57893557445,0.2602835766452729
417,1.6416349119869789,0.5787688081407787,0.5260486740278917,0.08982955619559721,0.8258662277054407,19,0.003971176827485963,0.5243715745201392,0.005770874827914776,0.13699344842257863,0.19902922528037267,226952.07528321334,0.10071520055841085
418,0.5767423766654379,0.8897225311753438,0.5081076647859878,0.14642306920239404,0.6345122370587958,1,0.0033666570122724004,0.5046092145518518,0.006432156327492315,0.320624198687983,0.3781303587754727,204170.43316632666,0.16260229580479363
419,11.70990521157533,0.5653305003190794,0.9454629200798401,0.06642043635790915,1.5033602318860466,11,0.0005311246415789277,0.7188581130131845,0.003048439562956468,0.07065745407576257,0.42052921882980127,267394.56426028453,0.4560167520501547
420,35.30273484686628,1.0946508484165163,0.7275140851366166,0.8359256091998285,1.4524222720547684,10,0.0026675720851698425,0.16592424128011476,0.003940376026018454,0.40481776803172886,0.2370679549371706,220056.367829832,0.46151180220207283
421,128.05009024479443,1.1095601409545561,0.9388010798646165,0.9,3.6585185028032248,15,0.00397518810260118,0.669925890123468,0.003762648623258224,0.476248598659341,0.08644532247508986,387242.96482573904,0.3319774364980853
422,2.3734490221664286,0.5045268551666046,0.7863943459775986,0.09029947918436261,1.0470247554490588,3,0.002685991666748028,0.8549324808445411,0.0030816769658776086,0.3816993957644129,0.07394109536009941,257622.3186048838,0.33657927078092453
423,31.845711279061938,1.0813383532040786,0.7460252933828417,0.8358314198469539,1.330949477967557,11,0.0008051913106431929,0.2376697739537968,0.008355746250337219,0.12133332121277295,0.24759269761574876,190032.52795156703,0.5430923618249821
424,1.8682568442285874,1.2662489501829266,0.9475375353935114,0.1,0.40552890959035226,18,0.004971568095601954,0.4420754231361548,0.005519162866307709,0.1666067537344401,0.5113506766604854,335891.21715377003,0.11700121101645353
425,1.8281190530372098,0.9384713691203737,0.6588084472077073,0.09999999999999926,0.5001644347444746,18,0.0006415116254064599,0.6071520335924099,0.001045448319890458,0.3211724152625365,0.4353535544004841,111424.76844171903,0.0497440268688328
426,19.04480509966942,1.0547081872335078,0.646724234915226,0.8180440567253598,1.0857587027861748,7,0.002921057579259564,0.5307192067193434,0.003676709685002361,0.17867658496327468,0.270387586928961,181691.49991479213,0.5410699685973238
427,2.7855002968185083,0.6993731337858677,0.855111783650536,0.6742764845507704,0.040285947518647156,11,0.0021809022684153977,0.7640935499635569,0.001386343032209744,0.37449721400316494,0.14770508312729047,81546.20245269484,0.2627013618461587
428,10.408547267582902,0.7749246168008017,0.7648024765568946,0.2588105270822755,1.1607224200829458,13,0.0008792629193956792,0.5656335161602322,0.008425840303615692,0.4335954180242756,0.21524496126815804,228111.48034419527,0.5279526394096973
429,1.6280422793478448,1.297702248871006,0.5367019417074634,0.09079382498313106,0.3771533663426544,17,0.00037746208398848653,0.06583575064055006,0.0050964241972914605,0.04466128857390527,0.15794079035614997,252357.77186496716,0.09260098454255793
430,23.06926151380921,1.3156732196583647,0.764765119292556,0.9,1.0682977030507241,15,0.002717574884928634,0.898918948760074,0.004747434310290112,0.39434270225359125,0.35402178710443083,209643.02961635648,0.35331538939141827
431,2.7224533176843693,1.1599041444916107,0.6396795969028994,0.9,0.12251551109723746,15,0.002323773360281179,0.48385019434221765,0.003998012318614589,0.26601861674322247,0.46328690613627765,151458.1272397936,0.22583299176077562
432,62.06123129740167,1.0526323789041152,0.5796049049754359,0.8488190621022119,2.3866297581849016,3,0.002570926334241653,0.42928737726315147,0.0018324945798907767,0.4758945608580998,0.483924034156739,351354.1888332373,0.40098030873343105
433,11.719934420090276,0.9351530741546878,0.6722218586459868,0.0999999999746626,1.5680874734117378,11,0.0010944861767365126,0.46449582611760065,0.0006754685560640186,0.20363453716031293,0.4415518853008947,389675.37914800417,0.3990538511022563
434,1.801029518717183,0.8251262281036659,0.7254436299249003,0.09999999999999941,0.5138867848001059,18,0.0022734899272495446,0.08947183887600141,0.009806868331527867,0.18231342173006945,0.5446356555437764,146167.70390960033,0.03525698009480166
435,3.4637918302970676,1.2513850395956538,0.6263917133043937,0.0999999999999998,0.1325233193870238,14,0.0027219781354108135,0.1977723439794825,0.006554069365682149,0.2016894856557924,0.49778829339219016,246839.32932273622,0.4252043891800972
436,67.17874097525264,0.8386959029391906,0.9354763646944735,0.8468078697917779,2.3433665843885003,7,0.002582100724946768,0.3499633065957668,0.008683808247618911,0.2588249344568625,0.3099977385323632,347350.10165652627,0.3954685624685414
437,34.89231049958888,0.625071476369417,0.5794907947659163,0.7106551970843745,2.0290597945708613,4,0.00038590258459336366,0.5969554520300633,0.00215459518615076,0.11784566763012076,0.30110219068244504,273347.5136914198,0.2944449529307443
438,48.91399149271946,0.7073116993393921,0.8893628620990208,0.9,2.3437520277230854,15,0.0036014181665453083,0.4592891519810632,0.004814205695064817,0.1290308569943288,0.0709981336941256,309536.86670531053,0.22371153708690372
439,33.61705709847083,0.5388298982016488,0.7752735254490888,0.9,2.6245944921713606,15,0.0008060651372675063,0.5851093611549317,0.0004399491091328615,0.29896657063831833,0.013467622892574815,346676.79884648137,0.10513529331894918
440,2.2058719023438624,1.3624145028360983,0.7876916109415663,0.09999999996328135,0.2492353400683278,17,0.0028182417093276587,0.06582703029165138,0.007209495630065683,0.3410201794357043,0.10802252374577825,162643.08672534671,0.04298808245466206
441,2.2124460178818484,1.3934982413371808,0.9163051515162053,0.09999999998869832,0.16175083451392783,18,0.0008532486365564866,0.7558090384986387,0.0060283452083914404,0.40346955302241205,0.26952201697167405,107439.52087543825,0.17723822957932786
442,9.51374257475016,0.7380686286907607,0.8476096630773229,0.7642799769628119,0.5768266771344567,8,0.0017136850371643794,0.435449623369078,0.005926430109776458,0.1380124799740265,0.3957892500347118,138202.9285984319,0.49406737627699343
443,3.5606639743001702,1.2736325228095449,0.742092572513942,0.5221308423100524,0.07407573699321002,9,0.002099265165851695,0.17712701458248764,0.0010081708383958838,0.25365851718005433,0.12140912945290507,114742.43644848495,0.23742251081769006
444,1.8531699386244618,0.9529962873246135,0.5564078751558899,0.6932655799372407,0.23799122628733138,14,0.0024114635550948485,0.16077951466058968,0.00605457277570587,0.41893523596647453,0.47032094090326104,92491.70035780103,0.3727014199934165
445,18.40196948555707,0.9698398066953987,0.6777811761194145,0.09999999997157755,2.263639607395762,11,0.00021766969754073918,0.5003440410987497,0.0023333882509715496,0.4070810921236725,0.3895390410639203,327958.53538169706,0.5392116821800437
446,4.235740729740832,1.1672546380540205,0.8655388289827961,0.09999999996893252,0.38938685481749186,15,0.003483689661985755,0.1330593720947652,0.0013821369009647836,0.2542563813921338,0.3534288516847239,201995.67878369763,0.47583779523906317
447,6.218464910798371,1.289089681873902,0.6961504182498632,0.9,0.8953344984229658,15,0.0009455105580824947,0.6527765116251917,0.007904753698935993,0.3016539585262097,0.1699600008053735,354897.03913645167,0.14718260546736686
448,1.839153520097833,1.1189900630999985,0.6516328230220498,0.1,0.4758859465494174,18,0.001811667813978067,0.18156179347754153,0.006533180551040421,0.14920738132903244,0.3927276724819184,82302.09678418607,0.0795188763488791
449,28.9643752714577,0.7480044885919899,0.8266907384304552,0.820257653687673,1.5255386151879078,6,0.0037749820170988628,0.40124393455154594,0.007848694748787199,0.25675984579323385,0.21938645666188303,215539.69517867622,0.5144363864980778
450,0.5602053112962744,0.7759877780071349,0.6652910260231297,0.027559247207124035,0.5190913582369703,2,0.003527620292551441,0.6754150660139191,0.00855723928209479,0.3398629390893154,0.1522665872656178,257571.63401546513,0.22842565163869674
451,0.22385001063390678,0.6456156059373226,0.6029399079382785,0.15569561648100974,0.17555341322808307,3,0.0020031042516754018,0.33767216936294486,0.005528233335238339,0.3576169821004963,0.419586865377032,222910.3607728702,0.4512103750971337
452,1.0567369290318922,0.5047615701253148,0.5437225204345779,0.3445121316591674,0.7290789437296832,19,0.0007270695149608508,0.8369825196281717,0.004382005473800001,0.06011781449357598,0.5787421508247105,131436.1629226295,0.4270060607843932
453,5.590528734827474,0.8458934093834198,0.972535088303011,0.9,0.294736556225587,15,0.0030700209707882112,0.4928547117374751,0.0071304780255043625,0.31081210499262524,0.022653202971047358,105612.71574265684,0.14084444432551207
454,1.3806852414997108,0.8950748436871122,0.596819476546887,0.22666330203055482,0.670888585309132,10,0.0032845926714228616,0.7333234227480762,0.0028957647915015196,0.045796395156241454,0.3841747887180822,342473.1950170305,0.5679723561289085
455,37.65735777655962,0.652534602631792,0.5173093439092874,0.8377206008929317,1.9127536900158373,3,0.0011966634981242427,0.050244181076429896,0.0016165753704613886,0.4985040575987869,0.13900258369083696,245060.36209690507,0.3637137986065688
456,25.965537834571002,1.0274721486887286,0.7485164964748615,0.7942723137748767,1.182881106546041,10,0.003684759237961902,0.10832459614650011,0.0009471502830717476,0.1637120799070983,0.2370858702307237,193000.85227408895,0.47000699859608613
457,139.32813547647348,1.3669588985589398,0.6327237673746187,0.8614396674805869,3.5739082907807553,8,0.0030320138582572652,0.21534641412306688,0.009300652716080597,0.30020615922053284,0.20885714894894547,372802.8716634093,0.4995612334450869
458,1.6286193964923974,0.5651473734740335,0.6412408757446977,0.10222838794109096,0.20606418827338363,12,0.004735103818155724,0.7325009061865038,0.009569258028373488,0.4417731317342415,0.06387897383554594,210283.08035430452,0.16405342834644407
459,41.45941884182502,1.3694499100697952,0.7703209298263665,0.8701969787767054,1.573619202171042,10,0.003849950980072801,0.6938522922896716,0.009614325316751063,0.24565876178703824,0.41651511688278003,263966.0412076509,0.4897569362677608
460,1.6571799735843398,0.6046414712968303,0.5324260451174018,0.09896999445224393,0.8489892744892603,19,0.003168492156892164,0.8950683283606542,0.0067852841118477445,0.13806716513690243,0.016410418519244317,267784.48548799346,0.2818250604640622
461,16.763788150538215,0.5087508725429825,0.8994449815631498,0.8997005075430006,1.0272618479002444,14,0.0012416639180057067,0.12905801563777797,0.006753294271979047,0.4159051040614892,0.309902530322903,385742.61987947527,0.1962811094770679
462,1.877962170562347,0.8181841335945539,0.9292718013776992,0.09999999992875659,0.4873870727499992,18,0.001345744374452761,0.8550503927039564,0.006846917719811497,0.4576659057243072,0.2859332724535738,378046.79674741207,0.05485700411487656
463,1.8170649411165418,1.2854682485674682,0.5992537435145647,0.09999999942190445,0.34569833685442297,17,0.0010142314106619727,0.26224111885491386,0.006205039146858993,0.10331791718379468,0.4412574391456984,143893.29251017893,0.304409610814573
464,1.8422262884635952,1.097081670488405,0.7946369481323612,0.0999999999991176,0.5684010422535429,18,0.0038213389410713177,0.5102528614125709,0.0004705181109734276,0.25667727816449376,0.4054872749259159,374460.20145055663,0.0729466811621808
465,19.088742063182877,1.3072997958739654,0.9170090410997856,0.87579911670605,0.8779141916141412,8,0.0024542813553569305,0.8867354802759213,0.009164267955241945,0.1617253128960979,0.591216797594669,237548.92086534784,0.3761938101507423
466,33.07896525022998,1.2193429260019828,0.7295936367737809,0.9,2.1598601355701295,15,0.0027040693439863398,0.47710393030342163,0.003967483382381359,0.352579163869283,0.032488902773270475,264532.8596311711,0.14103474201708985
467,1.9698872358483341,0.9140635310417871,0.8308210635486315,0.09999999999919011,0.3486445520111995,18,5.959398306293939e-05,0.22913952784623054,0.0058310317788454955,0.18295501396025038,0.41894674085768374,392482.30247585336,0.11313221365023891
468,9.319568564159786,0.7134252372567906,0.7262457750744586,0.8330090462553872,0.747688112038373,4,0.00306561367367067,0.36103552845363773,0.005012761665271459,0.12895026659200848,0.32913804022751314,163104.24610889537,0.3715390768534451
469,8.493377859983873,0.7516665786926157,0.586346829788958,0.05451331609563619,1.2586761483933162,9,0.0006561302629103703,0.5395088198267678,0.002324239157521703,0.07693877822744297,0.5125956523444918,199139.08091802115,0.4234204498216174
470,4.790234064363958,0.8427950440083212,0.5700049929620175,0.9,0.18289047507611758,15,0.004795760029772973,0.1771158486756605,0.008066400197498023,0.11300542003001803,0.2593312510385009,155457.65532336244,0.16926997307249658
471,2.428058655266852,0.9653062774284505,0.8458689581718226,0.09999999800568692,0.09381740520344946,13,0.003926772017001045,0.30502905483043136,0.005643277598113526,0.29688222402649644,0.5096339492379962,398579.7664958725,0.30476271740599187
472,86.99684356922106,1.2324362622861615,0.7287389236890258,0.9,3.1468808160917785,15,0.0031494961307045916,0.432376596204223,0.0033798325582199,0.1996521498959071,0.036021826634409955,300973.8163074062,0.24505712209936326
473,1.6098694113598806,0.517851800252384,0.5581939948240178,0.04684085425209279,0.9374008156118012,19,0.004336909235578697,0.868649076780227,0.0020296332008368882,0.30067039501247383,0.15462889527145152,378190.2642488858,0.340606520540416
474,0.9088218069495279,0.8195981345518026,0.823132563270728,0.1824718840835318,0.6534442891322202,19,0.002437724974649656,0.6760472400478318,0.008901842868925295,0.2091033692540375,0.4681854588595422,135852.42743342667,0.39298726162074926
475,1.7580935231040087,0.6508179819324804,0.8877042290993928,0.33665477551727085,0.12931180872895084,12,0.0016872728558396664,0.5865823970769615,0.005737793860044245,0.42898336281124005,0.08690900296684045,282147.9009547101,0.17904891016791555
476,0.7098721716847601,0.785190417526005,0.6398510493413215,0.21043129387358897,0.5366653812463772,12,0.0013377282181577543,0.59794764918191,0.002748918608445923,0.2391022421945467,0.13693076363272397,131839.83646303532,0.052093006124168874
477,4.5523967271349015,1.3689734295402451,0.698714749219363,0.09999999999984724,0.503066225008002,15,0.0009198390524173683,0.06963592846903145,0.007291335543502424,0.3411505974700606,0.35215186411560634,196212.7488801372,0.5190558253517314
478,6.246117558509883,0.6502194185356872,0.5494444707473053,0.09959689263719823,1.2830687163456183,2,0.00031943010175600564,0.7968873299822802,0.005506915750992023,0.04239150928213328,0.048038842725328275,304223.017095899,0.5648580290294174
479,1.962593431471628,0.7362070378384884,0.5745316937600777,0.07206479984368384,0.1300408912030635,9,0.0032743359613789775,0.8026506195319391,0.0031282380028224864,0.14627636407814035,0.04995072083441199,324798.8390827506,0.24423738724849997
480,0.6927333634296369,1.254666001003587,0.5137142206495582,0.5505194609205003,0.6499399781988527,18,0.0033179139019513713,0.7813134948013837,0.003285753100731964,0.25379272810802556,0.07876626637611832,280473.8190803807,0.1776634152342725
481,93.83761437938682,0.9003604391336695,0.9653802869861822,0.8434389118298934,2.7997036907829402,10,0.003488265573096784,0.2004811439827553,0.005995962778423778,0.3265923356412981,0.1634486565673885,252986.9316455306,0.5852391118096558
482,41.13556799492169,1.0755754238397308,0.6486374374947184,0.8746411246702583,1.6716557912533894,8,0.0017361679166705728,0.5087179038156507,0.008056842274152208,0.23767434362097117,0.31407588261270447,260475.03575081198,0.38515217049124306
483,3.9132898122435753,0.5000831117554353,0.8913822987972263,0.9,0.4513697614137709,15,0.004239808468669162,0.3423021796624951,0.004718519654678061,0.03390904198029545,0.18214374934385338,163138.25406007178,0.2258121599495429
484,84.57572741745152,0.5082193396186998,0.7066089503692321,0.7432621527404869,3.834340756977527,1,0.0014649666037054377,0.24653308449128475,0.00012181895080738697,0.20561262196770577,0.28624024227087425,383026.4037977998,0.5540321534889912
485,33.1288328934113,0.6469425457972598,0.8538165699696212,0.9,1.5747635408923055,15,0.0019489214876310533,0.3716043512337175,0.002666653740690178,0.22845250989423554,0.23685124777210997,259377.39476467695,0.25292416274901935
486,1.859994800190204,1.226817446384818,0.8286273393816892,0.1,0.3896325805045202,18,0.001423741934939928,0.681487858311479,0.00809764605853542,0.22406482196122623,0.5459726420635709,324652.25410451664,0.1513414708137507
487,14.150138967582288,1.073203438593512,0.7965101186732073,0.8929047113050462,0.5810416214562597,7,0.0013610345851928947,0.5793407132342205,0.0019185049533129114,0.039115836706088286,0.17375717957477127,138370.2972808457,0.5135543938010464
488,1.5248314545452513,0.5920461397908857,0.6292136637867899,0.9,0.7341948655471227,15,0.00357612211308527,0.6680410098804047,0.0023664644546617566,0.10082133603781962,0.1115625588849154,251190.6409791252,0.039282922611628183
489,19.063256210796112,1.219516116742463,0.9790224541594877,0.9,0.9975401942983081,15,0.002318690493783545,0.722711007125501,0.0033359740380065122,0.42646676065599687,0.1869460111218333,189412.11323796038,0.3012119363854897
490,2.8590171748846345,0.5642462252741511,0.7256704527673854,0.037431539893326676,0.17766965782325816,11,0.0009613653684858007,0.7653083947492207,0.008181644703795725,0.4192784622753357,0.4653917464275141,97932.2702086057,0.5714699846222386
491,1.978666356250434,1.194102799724601,0.7126212522286016,0.09999999832812044,0.33456115348698734,17,0.0036882262532612667,0.07848374783473382,0.004635304621357184,0.3923681048613886,0.14937741630434045,325806.61467238073,0.08195731814960473
492,5.6065491606271,1.1132980880520678,0.6498124954803535,0.09999999983786788,0.6016956483161234,12,0.0016156544108202895,0.5847896160110945,0.0004697498601675741,0.4705878341071499,0.2836953269949091,394277.0724497965,0.3174720808337975
493,5.199307061059204,0.6788512686221598,0.9260093965009004,0.7447535226283596,0.13747539648386708,10,0.004318356499915127,0.23512001169683744,0.0011736381701965633,0.32746721397381995,0.38311200722521427,161060.07690722845,0.3173464892213307
494,2.4922651101935585,0.6076846328096648,0.8787890144935464,0.7686231546778929,0.1664967366396381,11,4.514481451876604e-05,0.0856943636679311,0.007845578640498046,0.2533772190179755,0.16566002630306867,133555.31405065153,0.20146295770175712
495,1.5020195208878238,0.6419286105776376,0.5438727451060222,0.9,0.685280224413265,15,0.0030934149697604873,0.841221466840833,0.009969882374686179,0.3238121951984212,0.05368794164980466,198847.57225703477,0.3617652475196514
496,1.8135955158601444,1.2123196199286914,0.5603971796793087,0.1,0.5003548586445888,18,0.0011637568169648898,0.8844243543192586,0.007896190166579392,0.3856478359046528,0.4207968840138017,286263.9669273339,0.04526732764955927
497,16.427299158626358,1.1203249822556378,0.671920398680207,0.2705418254269223,1.6080385908882002,12,0.0006740935027178808,0.8138635876295363,0.004878756224967006,0.2356250019575778,0.11577917943009508,220390.04739091115,0.48525997218608563
498,4.3566541126591325,0.6679640560541934,0.6668790459287675,0.9,0.533890474285664,15,0.003662145849408503,0.2840257934295577,0.008321928454241644,0.45980278092968163,0.11386550173179086,303052.0879986095,0.1838816119001292
499,8.104869264387029,0.7661053950896612,0.6264076490698074,0.8915715278256008,0.3024931321584394,1,0.0018358799786691953,0.050611854415612056,0.006398359321313198,0.20815047774329135,0.09301528684519618,102040.50667557101,0.3371669829979733
500,0.7098124480999857,1.198414911018145,0.6146175479436902,0.7850115794143719,0.620208819404511,17,0.0036051573116382745,0.6095460047728469,0.005412617389854378,0.21212069488494575,0.5140975730005287,85990.35410817766,0.11946523115731845
501,7.218528699151733,1.051735318115474,0.6548480191581411,0.8164741214088207,0.24178496446995618,8,0.0032046991969604736,0.1438945139334935,0.005255845364972693,0.06133952625524484,0.3308806843495287,239215.73106225513,0.31920116359816686
502,3.858109457262886,0.681871125819904,0.7329777378736138,0.09999999999066533,0.3513272406112749,13,0.0004942185564493372,0.5353603541514942,0.00837118028973459,0.3392229913939351,0.5240956665483434,121527.76522311874,0.5027640811599919
503,61.27142235681117,0.8297186180848666,0.790857739631576,0.8657378098042259,2.256352528674763,3,0.000354834367770135,0.8406793812876934,0.0021269440302603398,0.2609605856712888,0.15356311820038684,304420.486903908,0.3202346039425029
504,0.37807127120199135,0.5546301694574464,0.7678495469456104,0.2252685557410147,0.5510826139266162,2,0.004691250166570454,0.40356022230329014,0.003722233076041812,0.36296387894005333,0.48061196940653045,105586.17703451905,0.5349627218464452
505,10.972482027004494,0.5633493166492197,0.6458741834566666,0.8921762132531047,1.1171199443563316,10,0.004723045108295174,0.8664987336215562,0.0010163365390687424,0.3708308084203188,0.02439189136460571,165061.00303893286,0.4959493501036663
506,2.340270539902753,0.723886726148612,0.800156025698793,0.023613186185764218,0.013481844310497981,11,0.0008949000091987712,0.6868152042807666,0.004181086772484915,0.07959166549260319,0.31571521307621825,140627.33219413622,0.3236800203274588
507,4.640233842219995,1.0987181192961892,0.9237555292991485,0.5167205445508833,0.19762369600445934,15,0.0008344631898582855,0.20333705781005795,0.004045493877468207,0.18863104916393741,0.2752323554570246,194548.2770788492,0.38678833693394477
508,11.920182316960025,0.8170916677432989,0.6512743981483506,0.9,1.2417232771047724,15,0.004957319221595325,0.3259559923270785,0.0037486091487319443,0.3891666529150545,0.2658073019989727,399498.74305705004,0.10332410898060557
509,4.812482792010584,1.0068302325238556,0.6026855053009857,0.015941338194632185,0.7879863324431883,11,0.0038286582440616073,0.8372248842037588,0.00257818681547109,0.48197633454672717,0.3650480221542234,312277.6587568543,0.26404696291261487
510,13.469200606612123,1.3846608240606928,0.7859661567794172,0.9,0.7470664832490129,15,0.002588287989522226,0.8944002081213583,0.0030533244566273675,0.1711569620122416,0.43578796700237493,207068.97974060924,0.27402487550896715
511,66.14860596621551,1.239745930202403,0.831065208276525,0.9,3.569136879116247,15,0.0013801477051496567,0.5206136802925225,0.005585414700792346,0.4651835515995141,0.013020822874559723,353830.53616262594,0.14091315505463967
512,1.7858359348080295,0.624567374128769,0.6761997886525106,0.9,0.15773253686965544,15,0.0029109874539461704,0.24804502627109926,0.00812018865598745,0.07319540700412513,0.21339345197129442,92075.61602680634,0.10128172386906596
513,2.143900048098604,1.1512224740700634,0.8805940132708543,0.09999999999870937,0.2064114439804756,17,0.0008649260030361848,0.7518494577271526,0.006911471255446497,0.30082925703504804,0.4405595723265479,373722.17707022966,0.2458809666018807
514,93.97458705859385,1.1577104257606494,0.7766161741550426,0.8193957950563303,2.859787106038022,10,0.0003928477409163079,0.09753430249982149,0.007720469961517877,0.1935271972678786,0.18023595230596479,270473.98481906566,0.5455168288667857
515,5.617775176617742,1.282807862709098,0.6088244822538328,0.09999999999999602,1.027307781421869,14,0.0032640695262101745,0.5619563891690611,0.00016377209057790503,0.3953867505277022,0.5206986581707321,213286.9480377342,0.4921136030274599
516,41.735563657911136,0.9859367564948022,0.5717984092003046,0.9,1.8690342288426876,15,0.0025122568514309405,0.23767759859724236,0.0005526721507509838,0.3738419295755224,0.024709351298137915,177530.6857213577,0.2356673076893053
517,17.273126757330385,0.9542564115008313,0.6066011015126789,0.8999919339514969,0.982178243607168,13,0.0014492702542688572,0.385174043296356,0.0013652810014402367,0.06879620294013385,0.3570793147769042,222597.19551286742,0.24180079566623075
518,4.144657040624338,0.5765710887214118,0.7408750954907815,0.8555110400326136,0.0278568117340334,9,0.0038692387702130055,0.16081889866089802,0.0013919640990732519,0.2928692033373639,0.23951477972816512,95779.55138242818,0.3471499484012713
519,65.21607912647904,1.0543971538347816,0.8531205219897549,0.8999973398621592,2.3940044654182344,14,0.001231606079615312,0.11089738328992216,0.0077788803929772525,0.18200347134341927,0.11765958023593245,288719.500473334,0.29783804888455634
520,4.099947165428816,0.8811865421290761,0.6671877712863317,0.17121830728832807,0.46441516357331014,13,0.0016040314450819215,0.55479557668491,0.00029085796183592704,0.17326485834680475,0.4030485320698412,108670.28740055527,0.5552414677280989
521,14.65047286925971,0.8979890947108263,0.5699928680913332,0.09999999999998173,2.402493560790518,12,0.00022486531588140058,0.7454461321120422,0.00203686787537727,0.20569577145066759,0.594095509362799,277190.71822544106,0.5927146310086002
522,1.6494863150081729,0.5490842120255788,0.9554916392123787,0.09853591394004899,0.7851590942980797,19,0.0046336851106979805,0.7884394988982233,0.008210332866478463,0.03645464756591275,0.06742304447106255,352884.5264573441,0.45706293172990664
523,1.264027071994194,0.5204733036360818,0.6003245797396171,0.14734880845827053,0.7307299799708247,19,0.002690258286805977,0.2232311499451144,0.005256495520591986,0.15156926161003131,0.27003694238300757,115608.95754127036,0.41933918278310933
524,53.613074890717364,1.1288797088074274,0.5088264860270262,0.9,2.1630784468072526,15,0.0029152332141604157,0.6139990906996967,0.00048264597461961675,0.11005023411103876,0.08480845255436509,313575.54672313243,0.29498553490336815
525,2.1095711017650336,0.547776723790651,0.8142837784713858,0.09999999978803406,0.36767721832110006,15,4.216670915451384e-05,0.38034837515143227,0.0027495382718493583,0.43047898403591156,0.37077886583483866,332540.31824237504,0.17756798921831451
526,239.67186373032857,1.280669398569033,0.8117173494810697,0.8949516317065754,5.056335719329246,1,0.0011562275163790165,0.3735960225184207,0.009767288801904049,0.07681374456599255,0.011446994360516504,356570.3275391851,0.39945922026432523
527,7.043837070803309,0.6677756486757671,0.7403123949770618,0.099369231304119,1.2557495219568795,6,0.00229020231760783,0.8373974770724685,0.00026381015923273806,0.1462743056823831,0.31893638709792793,357367.2785689983,0.19611902189218003
528,12.01055334169281,0.6413047255317494,0.6664543533956218,0.18486598235070997,1.1409301037700768,8,0.0017598894547947717,0.5814463247133589,0.002400237418786767,0.4897748056049367,0.23603989069636483,186742.28308184823,0.32235506467452074
529,2.522728569665879,1.2908095467720444,0.9273930013178056,0.09999999999655124,0.04349216829718993,17,0.004074385759072846,0.0750460136869266,0.005571646548388215,0.16169110697525638,0.37547541822945785,339805.71523191856,0.3057383620945228
530,1.560549337282886,0.5790155154235712,0.6834594184901159,0.07599388758580491,0.7924318601301709,19,0.004803048164376136,0.5705811343475897,0.0062739697749235246,0.13689114940275748,0.3941590553697676,367096.10079013486,0.09950782665352392
531,1.8703813614142566,1.3187618542077542,0.6580566744178623,0.09999999999999999,0.3938274790422061,18,0.002711397639153859,0.22574368346185797,0.0014288364416454391,0.284436298619977,0.5823223038571302,128879.72933403251,0.15181287682063987
532,11.148008630583476,1.1346227490065905,0.7514266320808984,0.5641396129355741,0.6262255311332384,14,0.0006766948429726543,0.8963329301972074,0.009758980245232562,0.09822162559948057,0.18539903769730962,356028.0517056218,0.4820619849068152
533,169.69287852134357,1.001606268284212,0.9553287507990855,0.866548445400116,4.002479016959212,8,0.0005923772599405349,0.31995795081253436,0.00880239931008184,0.37172738063228994,0.19049772650516347,373475.8786154936,0.560487668389515
534,1.4155222469907585,0.8701265869514143,0.712642153783833,0.05434466422319471,0.7681725515285455,19,0.004668875737693769,0.8100105791637323,0.009335837802637213,0.15868419737681608,0.2484240932518073,361642.2080347443,0.4616066574158191
535,11.564844716634058,1.186202735359669,0.7937511668811315,0.8932644800060506,0.4438880567964274,1,0.0013346796337158958,0.5319866289981284,0.0023475679198934796,0.13912579110658774,0.11084789794474038,114166.85850988835,0.46967365213394774
536,3.949423451453305,0.9289419980397668,0.7411158019762214,0.9,0.08798219424775947,15,0.0030237564421339565,0.655216258780161,0.003770896041248485,0.43050083325882504,0.41288477083962966,194963.62705105642,0.415552952255233
537,12.030107994149066,0.5290065979043412,0.8669786499815526,0.8835597258264511,0.5503278050960166,3,7.556379512855923e-05,0.2793798972492541,0.004159788020807612,0.37891233098156274,0.1159558976871061,124004.0711493167,0.29995290226913746
538,232.5984791001011,1.3343928855600145,0.9731012670014567,0.8931579815701582,4.648639241665085,3,0.004335711448691697,0.466451463734234,0.003282711486700254,0.24504611683760466,0.03968179454093361,322488.5087122014,0.5930636163031444
539,20.57806677883355,1.1617986019096944,0.6825796010024581,0.9,1.3968729998305682,15,0.0015648310083117819,0.5697791434695442,0.00743755515434405,0.30908872665461085,0.025095765030070893,209557.3658376091,0.15560246610833595
540,2.616912326544336,0.9685841821013738,0.7167726044305578,0.09999999999993682,0.10940531421893786,15,0.00413513700324592,0.0860535286077331,0.009958571896664279,0.2737902467161305,0.47215191739132384,360250.5509951414,0.3198860137047048
541,2.3554383392097282,0.9645140147853186,0.8027113054845058,0.09999999999750465,0.18582481261129608,16,0.00024695259818178963,0.2975024578990101,0.004010496919972865,0.1731404494764521,0.33462056988804567,315254.4260960856,0.2434106060151761
542,42.48756237138594,1.051820851319503,0.5261824000714527,0.8593439876516937,1.634363818674995,10,0.0025850897665055574,0.17090367595882788,0.008307440369045065,0.242298101279938,0.25347730947026487,227631.09246846818,0.49829639448739294
543,2.356017928547095,1.3440582119293154,0.8341347880831018,0.09999999999994504,0.03709624924060743,17,0.0006769657176147177,0.4015254093329741,0.0045363142557283895,0.11407293210349932,0.46723868512562383,116214.9075979504,0.4363616069807715
544,0.6364233998196369,0.9092148868826158,0.6200395011570744,0.052376203451808996,0.32744473296349924,4,0.003458741282940342,0.8210880935545958,0.007975037913633439,0.3676361182677246,0.12115920282549457,308043.00521801686,0.35828613042089585
545,1.7549974750346726,0.8266490502415291,0.7514323069117514,0.09999999969778066,0.5431986275381104,15,0.0019207448276207279,0.7224066051014715,0.005141081192270827,0.4763843278970781,0.2696390508148331,116532.78042370488,0.08289108793290574
546,2.048254899768685,1.321027500939919,0.7714359576868012,0.1,0.266657343806148,18,0.003297821937839919,0.17757627433393502,0.008694744447908128,0.11406737939643627,0.460956194270633,201794.24296356697,0.23342039253342203
547,39.161369131414844,1.1917673801248483,0.7142039523915548,0.8633158124982174,1.5307029476292866,8,0.003132451021882816,0.14992088164210787,0.001359131766530253,0.12534030148133973,0.18571098326218907,214266.14119544553,0.4301080178489773
548,3.1288068894034162,1.2698699507771285,0.760880556610064,0.09999999999899584,0.14182477858272496,16,2.924986922082002e-05,0.8002974824566154,0.002416889622493794,0.3067652937766253,0.27518559469712195,160995.51203777257,0.37731059351253154
549,16.164792114267442,1.0400918938660302,0.617462322290544,0.8909813251360739,1.234887968158179,6,0.0027369343771109405,0.5768011330391475,0.005597609050275443,0.41786867721073084,0.04764295042104969,211248.43702763403,0.2906700739838608
550,1.7415774845395875,0.5330489466401709,0.9098380578724101,0.09999999783548091,0.47297865106811166,12,0.0033351492164595017,0.7623122704237152,0.003019493389089072,0.462580808186682,0.39196612692931215,127441.97381750091,0.038862091966387534
551,0.7568210821987734,1.1048814457352645,0.793323082903354,0.9,0.5723543246446153,15,0.0034577223335942936,0.5557236383590117,0.00788371041635918,0.11338705565152937,0.10694903505445368,213426.21563371463,0.03892850402179143
552,9.031290445139003,0.5838136590395926,0.6436613511663264,0.09999935673245411,2.2140756439112406,1,0.0018431628426626332,0.3720984488518911,0.0007232834443189036,0.23084220451381446,0.5588878916316034,265269.2135815349,0.27864931853195674
553,21.406067361755436,1.1251574946453209,0.631720900520832,0.8946054320416547,1.0004928957530577,1,0.0026355001406564017,0.4959492778656524,0.006973503498584457,0.3176652601163592,0.08072747344683062,173706.46827415665,0.3347779388599564
554,0.6969434435620345,1.3884703373827245,0.7321582319405345,0.6527021777217045,0.5704170530509781,19,0.0034434270641325987,0.8438079235699558,0.009863470501323909,0.16497803278800244,0.37738715944713325,313513.12632405746,0.07448831831743248
555,2.8956611053622368,1.395521902001796,0.6698496052996112,0.09999999999997425,0.038743507495158556,16,0.0006490008312027358,0.5282391870166165,0.005221072711835713,0.32697307552351296,0.3152347351989568,181276.3387195111,0.3692183180913388
556,2.4428767129951683,1.1377283607530537,0.9700436765917138,0.09999999987403978,0.016737283748762273,17,8.403795670543096e-06,0.0703887778904496,0.00627333438677705,0.08542509024299777,0.36564345463836917,137570.3141299812,0.3005776276939244
557,23.21660579059095,0.8726370255719347,0.6602202833282353,0.09999999998753385,4.102418850371383,7,0.002802297316836674,0.5918780120498481,0.0001624078163813962,0.12455795529714239,0.5993922043500785,335860.59240176197,0.5103611752564101
558,1.7024336630064474,0.9560206643864082,0.6554834429038736,0.5572996397697486,0.2275581142519781,13,3.11532465452465e-05,0.6329604203499143,0.003446547773038527,0.37046642212117553,0.18466352954633825,332862.5609107877,0.1761597549178178
559,0.3642313700229958,0.7974633488837091,0.6622096905313006,0.08103011936191155,0.21528731894733166,1,0.0033625285503514246,0.8287385951975389,0.007982681119097803,0.3334565437123501,0.10537745294279863,89317.5621796674,0.3734360723679257
560,23.71870159008067,0.9832707904751281,0.6608526341765049,0.8423563103591579,1.1203577830119906,6,0.003920053171526089,0.4018601055340579,0.007438717229347092,0.42249969590384073,0.5352349960739509,280704.1560664604,0.2940823586410128
561,1.2122638332820521,0.9822969281438483,0.5999659856941615,0.0300635510753689,0.7309785511535153,19,0.0034276237550819708,0.7296050334629303,0.00888589322170644,0.1961899039977798,0.18930170486201583,311988.5293917599,0.1866128105172228
562,45.41856634039166,1.3852568919786563,0.8007252068553203,0.8932511053008338,1.6213855377069348,1,0.004212107671791795,0.5353343949827233,0.003926184425237924,0.30974017750409966,0.018703898813511775,169747.20916924273,0.582071842537
563,2.1624019841414985,0.7830494585548045,0.5151815436059144,0.013258528518268947,0.8858899083621649,3,0.0020696409045267514,0.47249626923718613,0.0024145403504167236,0.24239597491804515,0.42315971042731165,320492.86677427625,0.5201102773963132
564,1.6158056682373763,0.6010081450402298,0.8767731119539559,0.09199292015335744,0.7900094066282388,19,0.003889063062108241,0.8263507692419998,0.004465552225222045,0.04171934407608118,0.18139097917830677,149164.7613646994,0.5709287823628704
565,38.84953959791168,1.3312730911010857,0.851571712042853,0.9,1.8090139841583959,15,0.0026183779935400066,0.70920322781978,0.0014757857271011162,0.4397455231560634,0.11412700715712855,240017.37869758075,0.29477128277662334
566,1.556388604933699,0.6194454408039778,0.847793903481552,0.05610735887774146,0.6976549388462361,19,0.0022971123688649182,0.6566257818422367,0.005247331488524139,0.03193163854003856,0.40603037324273733,380167.6309493699,0.4950617255981366
567,36.51163700744135,0.5783683024343905,0.7241004331917258,0.005444578302387898,2.9435573481384942,8,0.00023117578023644196,0.4924910552893068,0.0066068936524411245,0.17686597601000753,0.35657254847232295,299856.7458346463,0.5600790329722887
568,8.15987619402171,0.7887923328615721,0.5924219070192601,0.8412709683428631,0.8918298827745201,13,0.00138360936857099,0.3212773219262736,0.004439100446385773,0.085295894206669,0.5352813506566539,179885.7274981757,0.3507603023015808
569,11.585953041184954,1.0606504664097964,0.7467491177405428,0.9,0.9985308499783827,15,0.0010332836091769657,0.3477704172354997,0.003218924872927132,0.09653170953199691,0.009154030494234156,167563.80346884823,0.09809922645183386
570,13.658608578371934,0.5641185840982184,0.794366184087669,0.2552889088449867,1.2945084154277757,8,0.0016940250932024063,0.42710049259004923,0.0013442363205438642,0.25124572213401963,0.14689504431758063,170645.66272278532,0.4255686807212358
571,0.698200773055523,0.8838191706890246,0.5859118367600831,0.23911093888218557,0.6980817528553617,1,0.002980808751977487,0.5538427903134382,0.008369935317834785,0.3587017849798727,0.0322799254333358,113896.61403560553,0.40854260332710324
572,13.0698417143831,1.141608816255348,0.8220177274082892,0.8063382108346888,0.9372581604044605,1,0.002667657902011192,0.8776296055642246,0.007569642208934287,0.2488768206302894,0.49046518742209877,179981.00836833022,0.37362604923410964
573,0.7552048250749576,0.92144831484211,0.7186804019584359,0.4633379828221039,0.7040664399899426,19,0.00342254763503947,0.653683516767021,0.0046806958141321795,0.13889628041759644,0.551813425266442,340112.32567393896,0.08775921542063753
574,1.5621948093826223,1.3215754496090442,0.6881969208122005,0.9,0.23732159648343396,15,0.0034982232981016002,0.6154035257606115,0.007898348128161403,0.44472982840715125,0.3701652523490164,355550.80865788664,0.14203872781094748
575,1.5682341824957162,0.8162967386155342,0.7213960081783518,0.04721092053242082,0.35937030593828545,10,0.00085442232323919,0.702750287550115,0.006064180302754407,0.0898751809353854,0.28520061722198303,89684.5223077898,0.27743700994274745
576,1.8449475991993871,0.7932827554683004,0.8117366781386994,0.9,0.06232689545958565,15,0.0039622584822359645,0.5028337310390817,0.004038123924105113,0.22431769566335066,0.47805466401717644,341616.9255120113,0.07073000408228282
577,1.0670445276143439,0.8454348128993358,0.6635427959259921,0.10744711590560105,0.7130041181081562,19,0.004069671566605212,0.5523246691858487,0.007853924067341105,0.2346162427707706,0.584335038732177,255343.68552928037,0.3763161549253592
578,25.805611171352023,1.096351031233703,0.537389313242556,0.8681136855279543,1.7507959523482604,5,0.004654350863752426,0.5380600471886691,0.004891971549671236,0.30831667348858327,0.14169259148725324,254248.6016610459,0.4745227946482486
579,2.3039420871323175,0.658556601980568,0.9588240542619002,0.09999999969918472,0.17739491556424036,16,0.0003485033703297137,0.1424329387596426,0.00814996386382158,0.39253138806921906,0.4932138313884268,257628.06438840364,0.2831159762440106
580,1.6542234067168635,0.5814797043491198,0.8921761231622102,0.09876274246029076,0.8032335329485155,19,0.004436364052102335,0.8177676040063816,0.006379521559237701,0.03008664001395198,0.3960988554126719,238174.44716689372,0.23355749788262592
581,1.8989974887540229,0.850984394207708,0.777407079150056,0.0999999999992048,0.4852522748808991,17,0.0009787352675773616,0.6292892697886493,0.0032001472866711503,0.2980299116920152,0.31875349264518876,127749.25816768267,0.09656795889079582
582,3.7897079098784556,0.8912543300242133,0.9716385456864283,0.09999999944822613,0.5286500868022579,15,0.001721650999839985,0.12589429389922263,0.0001307865614766842,0.4936181747905851,0.5659999784976683,177456.04257226374,0.5487905164878052
583,3.1636517584592836,0.8323006042165169,0.7634648655697089,0.7631133374771176,0.07539950675619533,10,0.0002661099922263331,0.6478510057630071,0.008216495172217692,0.19884497636227463,0.17651079772000258,120817.82305837912,0.248476475478006
584,140.8176642974812,1.1319996940430066,0.6892487953610931,0.8915063989982118,3.5197549681969593,7,0.0015909774844386606,0.3753711726153474,0.0038465721985708246,0.28620583034509084,0.14114470227829584,357017.4837855929,0.518136225391205
585,68.24432483849878,0.8461355519219852,0.94375138053997,0.8852971313926757,2.2890471889170283,5,0.004199893452290214,0.1811271972596663,0.009974687627954185,0.3449310585037477,0.11293610284665931,231958.85214583602,0.4008676605843899
586,11.991111207191254,1.1492053091257795,0.7336166417286158,0.9,0.8526946689346916,15,0.0021839572112365637,0.8916849957064493,0.0008924012706826749,0.33185416280323676,0.00942467962501592,102958.7188920718,0.08922369440529956
587,2.1041533976839846,1.0439865614271158,0.7043380020496195,0.09999999999998478,0.3336812994469593,17,0.0008993969867992742,0.48300267726559915,0.005542897802291144,0.24152151063692504,0.47335705471958445,225929.169401127,0.25535472510375173
588,2.075004343684733,1.0201446507002507,0.9064658656033755,0.09999999998937939,0.31376390216211864,17,0.001184131461406454,0.47646948418664087,0.004137836245963843,0.2866981423712194,0.3627439543936997,139453.1307811066,0.2196312660216327
589,3.0292205795206137,1.1343942882993872,0.5543188974151687,0.09999999999339042,0.07139181118219567,12,0.0024079237770006645,0.6369226751331512,0.0014637704250614744,0.3737077960179134,0.3408897466209596,393034.70382181415,0.22651231489883739
590,102.79522176323222,0.9184426945839419,0.5375526089311484,0.479603810531154,4.202919753717394,9,0.00444963243378362,0.1251793981227771,0.004750893144869024,0.37859247201648616,0.4673218903515653,394773.8808407359,0.590311667896933
591,3.2714453907928247,1.2182884165768741,0.6499998662938086,0.09999999999998367,0.18004411108566784,16,0.00026434497356768373,0.34201424535198705,0.0077963449758089685,0.2503683408602799,0.3802125984692449,104986.2138845301,0.5766425177048378
592,2.7823661966408784,0.8789144964339068,0.96107902518902,0.09999999920524483,0.03704107494833326,14,0.003991216998423952,0.29582717673765074,0.00040149608973979155,0.4637463225490537,0.44028872846743755,230154.3654774792,0.3124712351305224
593,58.338306106696756,0.5552759868381175,0.7271170553379336,0.6917862491104789,2.7813350083007222,5,0.0008458116651513689,0.09387690207266727,0.009904130052424553,0.41018101644939653,0.33822376397450177,312630.94850783714,0.452160914833857
594,55.03373274560831,0.9550364983765485,0.9086937229052644,0.8920402099115682,1.9728299638507703,1,0.0013896050602728786,0.16265794838538836,0.002845670718240814,0.4331934405175536,0.0495061000890493,171781.00939931913,0.37834703323323926
595,1.0077324752488186,1.0325931129237302,0.5725450944631897,0.011442637330921351,0.5668834510972277,14,0.0022335425118070037,0.7366645876250376,0.002649463249639799,0.359364190109164,0.10476830859541066,115695.8093734301,0.018379775937223487
596,7.758643014203797,0.8085631958072221,0.5405127035403692,0.09999999994892983,1.0772602245302687,9,0.0007257787238204677,0.8438505764936298,0.0015837954702545805,0.26309568951873336,0.5172086568165891,335799.04205176554,0.29610192311314804
597,75.17683557409143,0.896166507552558,0.8060358399174806,0.6393172575385447,2.6153483367779624,13,0.001054678308933959,0.6742069442984319,0.0034835034086595587,0.3318627157380125,0.14276846346557417,326517.69252578495,0.5962154890868011
598,0.6264519367749519,0.858870322470432,0.6446562223777755,0.03190201144545923,0.5507164505912227,0,0.003730879651678985,0.6895636751062449,0.005348582282103076,0.20850637325085455,0.10056023805148118,117118.19661265181,0.45573551955463953
599,49.55407489349993,1.283249962264753,0.5056942592458447,0.8934089470573173,1.833707925983352,1,0.004636149019004007,0.4314975300781687,0.006801009382241232,0.4820284797193043,0.08708989857334845,231868.6658445004,0.42630860470340837
600,3.0594961704642136,1.0736817361298596,0.9589681548270199,0.8634493415377416,0.11656051874827841,11,0.0021592135001467358,0.8303357139546874,0.008590638948323402,0.18743468111048095,0.5506272846369148,93125.6368097408,0.4128970234391372
601,3.1038859945705712,0.8520383873209187,0.871112487346975,0.850432476479396,0.1347517266494427,10,0.003745580013341188,0.6741664373957095,0.00590780669649279,0.12161507177634229,0.3926059689410485,111448.57229076365,0.16758181127433963
602,28.01954133385073,0.992851299863459,0.8229448926751952,0.9,1.5823388250534016,15,0.004158531654374493,0.06016719936997775,0.0010221026567845003,0.07883642384547582,0.10794999143452863,300889.06524947844,0.20906989581773958
603,11.697658641670072,0.6737715783017694,0.511376226971378,0.8874379809053501,0.5939654333666564,4,0.00046016044224337553,0.8477296475694909,0.00658322490971514,0.4226657944314749,0.16997821145607275,150213.2242327944,0.2731058999701938
604,10.817686704433683,0.6079793988000433,0.9110915956664769,0.023319012701450134,1.7238830526561808,13,0.0006499713124007297,0.6079354345744781,0.009003977290516071,0.29605233801531805,0.4248450634977013,284186.52325103316,0.5707884859564686
605,1.4722639544910925,0.7280021649979931,0.7241386770980758,0.02165887428908618,0.7422467768712775,19,0.004680942208528765,0.5929634316669941,0.009230819138904745,0.1599002742141395,0.4173921801936462,366720.52171431796,0.5806276501641682
606,3.9173699306975047,0.7910637150079229,0.577743695190184,0.09999761596171954,0.4702806372222054,8,0.0003704483016714357,0.7105400577413237,0.003858850074309668,0.18634772634581123,0.46192830549233976,369085.2777184944,0.26192020534284916
607,2.0544221373868825,0.8965173494999008,0.7360264574745488,0.9,0.029248867610136075,15,0.004642967198012361,0.5687566022108441,0.0018254995921444708,0.2612669283968383,0.15879891147283975,385793.8237495443,0.04543460221857409
608,2.192062704081438,1.0790043502720053,0.9380524269637407,0.099999987790774,0.2718309959458794,17,0.003577143888595341,0.1377940485599023,0.0007755490586206512,0.2985319431271122,0.13103189891859718,325986.34345830337,0.09488483420739295
609,0.728948449634742,0.6339688478974908,0.8073609292538201,0.023489156227879088,0.06438965783056541,5,0.004664502170794898,0.6149149610244575,0.0027010429870970125,0.35902594368920104,0.5379074357347252,222682.25674334713,0.1578518466544891
610,52.676885966059295,1.3459199659071235,0.7355261378698567,0.8865198875471452,1.8378581672690355,10,0.0021805703084831073,0.7674417806312613,0.00782032351778554,0.3991294013928387,0.3092298017782225,263884.8805515856,0.5437243506378301
611,1.8940281911489911,1.2361789934474743,0.7313918439908158,0.8995699540006719,0.24467130495555584,5,0.002836435805616921,0.8447858593826083,0.0036212373496422555,0.35046279573685823,0.5724932075556872,81058.3552942845,0.3286759430412176
612,5.408850860540201,0.5816002773405599,0.7566206223488167,0.1947016850584297,0.6387081619650621,7,0.004804647147239326,0.1183882669732298,0.004623411569867343,0.39025880214780995,0.575294332118665,282327.208511867,0.24636273110333717
613,0.9362642489069686,0.8457473076482167,0.5916815172393454,0.09409311147731059,0.301214808454563,3,0.0034795634518960754,0.8119915931727947,0.0063246397216169805,0.19885272710514562,0.02359870955726333,136517.85744303575,0.3921976173657259
614,1.642531647147721,0.6259486565897499,0.5926845050765202,0.0919162039266366,0.8006111357623538,19,0.0035988353042075007,0.5540036142074493,0.004917863877253509,0.05960653649708188,0.44119450981675606,282493.2061147302,0.0600688659569349
615,2.591170271837874,1.25082526304275,0.7156674932238131,0.09999999999983507,0.08369914560377263,16,0.004979170223195726,0.08148627794081226,0.0006077418082229792,0.40025591000076854,0.32036402805873976,178473.88148232494,0.3289257078588791
616,1.7827546640020444,1.1005847764820431,0.7200177750829093,0.09999999999997856,0.6182864004237814,17,0.003390550078321733,0.7931170840269117,0.0015320886144299982,0.3022924847863857,0.4842622234844413,117819.87479133168,0.035260574737560973
617,14.198226338255411,1.0884483741011968,0.726185425187989,0.8819401715653149,0.570276028757726,11,0.004590136369604999,0.0889314394912136,0.007027903271134383,0.09135273476505013,0.08495428333682432,91800.85357537202,0.5556413289345782
618,0.973939684431784,1.2143273941245898,0.7189686046048136,0.3980088772792094,0.4035575651922121,18,0.0008538615947205058,0.5523861158964334,0.008187111768751072,0.0799756641213927,0.18440240094396118,95986.55916371904,0.11162691528551469
619,3.2418829227705106,1.224008177834578,0.7045815026903501,0.9,0.29433844497467476,15,0.004057699388184114,0.8848638398739631,0.006800058481097115,0.18239042227549213,0.13234351454575402,335736.071147033,0.3033146629559745
620,96.91685729354903,1.2527843830602103,0.880688801574344,0.893226627679544,2.7240331588198012,6,0.003821257297895178,0.5541224650847204,0.0033882620903034344,0.08675038008935658,0.08239764118905309,264309.4433447952,0.5857534289629172
621,1.883395113969263,0.998066956911277,0.7105573817860291,0.09999999999999538,0.4295647936074728,18,0.0046284148152220105,0.08459406020764444,0.0010446801142466827,0.42826235381611777,0.4177774714079231,212849.38375485144,0.09332971354540097
622,118.74675693296841,0.938270727341252,0.5030477977057362,0.9,3.401844034546648,15,0.0008974745743104943,0.12577005401797636,0.006534970128965516,0.4468501167249219,0.009378195760966523,328851.7240470735,0.3713404881351986
623,37.527355326500974,1.1231224977538226,0.5989569049230379,0.8998882411289932,1.6715134324942587,10,0.0031993086058096083,0.4946238345120568,0.004149711678777447,0.47090211690990624,0.4635376251161656,338371.77703914815,0.2555711229083469
624,4.404259844680572,0.9498988714132072,0.9561430707741541,0.8933584470294388,0.014299015487871075,1,0.0031361446743980404,0.7151955757738635,0.003511142990119155,0.03214791940244947,0.1080002801889125,92038.78783290854,0.37021741329198626
625,0.5261130673480523,0.5861154694633844,0.6737126262047209,0.15785334878991683,0.18770399936555157,3,0.0038057606320561262,0.5087644024298313,0.0022317975298982054,0.3920557030621036,0.31811941255684856,117602.50326777343,0.14902701432423807
626,28.75032484932367,1.2169516744784687,0.8289170021192372,0.8933493561937008,1.2054943344107691,1,0.004842884902145461,0.45325091386502686,0.0018044219828367816,0.34496703850966937,0.1162313958079179,168456.50685565238,0.39900302345144845
627,1.6040809394331386,0.8912044780421524,0.6604614220267033,0.09999999377314228,0.4590397988343316,13,0.004025865795954711,0.6946468177078328,0.0004810089524015031,0.37799593586217306,0.1710387120079536,286355.4677109553,0.0354382047942004
628,1.149455955010595,0.9365552564219634,0.5557112410218459,0.023412499300549672,0.7235600347290986,4,0.004475448334916543,0.6631926184750926,0.005947431289543432,0.18320698773086924,0.47129521084904025,136284.03462897683,0.5556681939739195
629,2.031408769615213,1.2010777510637012,0.6565434678594424,0.0999999999815659,0.3384707738903139,17,0.0004907716369403391,0.6770856861077706,0.008705368714329306,0.20650022230253826,0.19541097535221233,296592.8146800345,0.12726332337246224
630,1.3067551038546177,1.301439959498335,0.5695718105417436,0.9,0.3434176187680024,15,0.004639471638656132,0.4367422416906926,0.003903936523692135,0.09411016885293937,0.2906446295425565,230716.8831469828,0.14019102739827727
631,35.37045810051938,0.681989801692234,0.5610616470531031,0.5360114575860092,2.2637648095324803,4,0.0034612065422910815,0.10070396168912599,0.0014081899185146175,0.4302761422753417,0.5853335347907,282246.7574085955,0.4346945175122574
632,7.998633381825732,1.297768074763159,0.78974527176662,0.9,0.32975223058979175,15,0.003947840051628126,0.592299331798003,0.006134704499769971,0.10986967751172987,0.20614560493761397,134784.4213493814,0.2805615657325987
633,157.34306875033727,1.2712763873457305,0.734822431309935,0.8932515341874397,3.721504615645391,1,0.004978323854830897,0.5528437406008366,0.008378040811080418,0.16121031281960613,0.05188459938032688,353601.28695893835,0.5823801467279033
634,11.247199549933445,0.7945663525970565,0.7781441744175193,0.9,0.8093516166283671,15,0.004459167229368796,0.5530058872276135,0.0015322485327114123,0.29963936889304477,0.14799250624104485,315577.2349181139,0.44071047524053686
635,1.2665095334847554,0.9235873673865844,0.8689310676010239,0.40055342216138845,0.3055264033919685,15,0.00016858596172388907,0.5014534673480102,0.0048187299252054035,0.4050682318018909,0.024035207888216493,393658.8932138066,0.012995772931615928
636,1.5545424570430875,1.00263826979526,0.5059630359166616,0.0869222593653742,0.8174032845549591,3,0.003659065526357942,0.85744381126244,0.001370484417797152,0.16902150126069276,0.14430689550828119,224781.2378294111,0.49456187924608236
637,3.956708750433916,0.7743529420019876,0.8375861541960817,0.09999998671562278,0.6498940194177584,11,0.004289681595099112,0.6851936921187572,0.0002929140635981166,0.2437751749006472,0.28786977083549914,109033.44158155957,0.3921077170921972
638,100.68905759442464,1.2108728415101515,0.6778018210893069,0.8899299435061313,2.9146496911717805,8,0.0023217467890728886,0.5883919574406675,0.008610807377410568,0.06322833821843007,0.2432162233514148,359743.69216712686,0.46538265460571726
639,0.6380176461673612,0.8833120277345121,0.6294989026715337,0.8227988974813296,0.6899187318844285,1,0.004730504419898241,0.5110698404829573,0.007955063594960473,0.400215166746025,0.019628505244508255,186529.9642823227,0.5371263197626387
640,1.7098414843337164,0.5493305076901825,0.9537546702981141,0.09999998765830777,0.34601877441820494,10,0.0033734275064600306,0.8047812200622871,0.0011541171100765623,0.20182770370480302,0.44145647108067537,361871.1193458907,0.05776583452573844
641,32.44013012578188,1.0029114122270517,0.5321628387955124,0.8934427616731777,1.3706378284504277,1,0.003546831011194667,0.22400570413205723,0.009813453641403841,0.14215737151822372,0.10516044191199234,196982.76607139825,0.37528873573329935
642,1.8877769460939409,1.0221074468196796,0.960369790921844,0.09999999999067012,0.36153590114113554,18,0.0010493649810142133,0.6832642074432449,0.002293100401674322,0.19577448458990845,0.5634887594831458,233117.90880532278,0.07699903050759918
643,22.124718972217977,0.557032262053582,0.6657087592568778,0.21622555822879017,1.6668414143615775,2,0.0024313914122879488,0.49768020924274503,0.0012709588708589238,0.3636178857087724,0.1662872003963291,297672.55645496637,0.16774113287854137
644,41.48739756775023,1.058856141055608,0.8839538562535278,0.8555565192044677,1.8126565773169108,8,0.0047268539289926645,0.7374764951420707,0.009411715075650414,0.06084496787582469,0.17535861187567578,250513.7488828926,0.41020189223418846
645,116.43482582667272,1.3081512738833623,0.6384188900885218,0.8917584951363509,3.0848189514958375,6,0.004783156336115286,0.14296018250324782,0.002795630225275789,0.3576285921002804,0.04810224201090256,226519.7183783263,0.5362228958424001
646,68.00238242642308,1.0645485775204095,0.6407213321323513,0.8774081803046458,2.5459453495842683,4,0.004847888240409461,0.5102197143581751,0.0013636723195415276,0.19294911598757716,0.312412583613864,359997.8046518711,0.30283395363981913
647,4.089242860978679,0.5566545577334833,0.9184609763693419,0.06196143403006762,0.7507890800328317,8,0.0011620241535180815,0.8553314051902101,0.006464486710667459,0.2234951128958997,0.1749100782978266,286299.0212952668,0.27187743071651793
648,25.311434506634626,1.0340215295498802,0.8344945187455399,0.9,1.4647709261720419,15,0.004209618397992621,0.4284678581305297,0.003075619265766099,0.09201849842214957,0.19578384825355583,286736.3924666032,0.21224756238534073
649,20.25367314924453,0.9358188013338451,0.9659475432210431,0.793668087970942,0.9449359051151859,11,0.0038488638107563988,0.09022109602456974,0.003563552908819923,0.2442854724781253,0.15600447458080322,134955.8801395123,0.47571547449255025
650,19.477132414905753,0.7567219239775274,0.9671389228416418,0.9,1.679775277022503,15,0.004196738718518628,0.6389303786233401,0.006680241861603035,0.10213785607956134,0.4270873034089059,375722.1249599215,0.10815421279513707
651,1.752643137863394,0.6138261608540995,0.6249954546797472,0.8613824508269899,0.25162376057705943,5,0.0009228906671231554,0.5281141560603992,0.0003951564321089913,0.17896356932573468,0.18997550267513913,93168.46607630975,0.1503641413821371
652,1.4349598612502974,0.646337847264697,0.6447486893707157,0.02042803169358147,0.7308374334711165,19,0.004602209662721407,0.3938779815391345,0.005019198312586216,0.09833042670384683,0.32391995776652843,199332.7795229652,0.21286973891621147
653,34.914449455719776,1.1646454832816944,0.968288497355255,0.9,1.556573257454921,15,0.0016567375900774907,0.6496336530985186,0.004765411203093645,0.16621877585138833,0.002576583490446915,182469.7379018146,0.28024403428590783
654,0.8457336710990409,0.6323751272232723,0.7713111271686928,0.31862851058101227,0.7066310349074653,19,0.004534450499236579,0.4257897040835154,0.006907012465726885,0.37387104500175394,0.3442365497360575,393820.72924152785,0.566965620182122
655,2.3121534795743313,0.7772739806943836,0.6927823625237536,0.9,0.10253954435812382,15,0.004204464142555101,0.4290767874850669,0.0009701872564654528,0.05586580899231927,0.330575994179589,124615.45390607914,0.5411029367420653
656,72.40053731615701,1.342098569053304,0.633405041202482,0.8676175913302827,2.3858464299417874,5,0.00011323195746470915,0.5076504500361806,0.004482307915291046,0.3456321548676724,0.1332863142249734,266698.06129082164,0.38837446514620144
657,1.2545237116462413,0.7859820309494039,0.7904373544867843,0.02374405830848468,0.5957109924229165,6,0.004717039119427726,0.8221799076851564,0.0036425954480149,0.09953459103780217,0.11667002360730777,243772.00697523024,0.061552392883191274
658,9.295000553756921,0.7561853290381146,0.668650416045494,0.03294101077781336,1.9548072584965057,5,0.004887629379269908,0.7931564754015062,0.0009216063774836561,0.3720910777693114,0.22369869058813507,198281.58947494655,0.5137444012784055
659,46.632849415635285,0.7597706164971836,0.8867229368495965,0.8533560999608741,1.9342305490469018,4,0.0048518181856734245,0.410257368678709,0.008969466824242682,0.09559681283451925,0.4822113027088539,397631.0930624241,0.2720900136791268
660,10.564480855129645,0.9271518170054567,0.9164123935412205,0.872801836895887,0.4087787071091926,8,0.004933198417443156,0.1061984139917794,0.00960294821729701,0.3853736051664727,0.12467027442111582,107544.95178136654,0.35643623987422934
661,0.38285769824898247,0.8730626125440277,0.7667906455831048,0.17650836008684825,0.3783563685828101,7,0.0035513799103632396,0.6919571856233574,0.0014124240471617329,0.11742301651219537,0.5486462977826395,211027.40440083976,0.06218448440659885
662,71.36027676201746,1.243623474775207,0.9006008967824277,0.9,2.7758729621182376,15,0.0015199199392330303,0.5253888981705727,0.0046613457503466025,0.042614806904444004,0.025339748663302686,257237.41648336794,0.23524402425276686
663,1.6819511261846938,1.250818764216488,0.7268197612434992,0.09999999999989673,0.6028627196335135,19,0.0032692379545251602,0.8087835467944717,0.004200709883010047,0.26118665655100937,0.5736159576798463,164056.64753954264,0.011443538225249473
664,36.34429040987905,0.7494953307788461,0.9772798179529618,0.534506193831093,1.8203480905133056,8,0.00033409076952306294,0.6837307375482885,0.0058316044124278035,0.2958200571309939,0.07161279811584213,158320.08368597645,0.4158274797381732
665,41.74600606140646,1.1248205888007037,0.5574001683230478,0.8190971317379824,2.1647831053073623,2,0.0025628730840975035,0.5389741336175301,0.008460536677259168,0.10653819936050184,0.28562442797836096,280958.73519399844,0.5223240917337522
666,0.8661876009182055,0.621947654497973,0.5783882488711655,0.0925488509255171,0.5488506986426567,7,0.0013637154331217454,0.4065869043827806,0.009125440980894907,0.19731263185214995,0.5269903586504595,182297.9556585406,0.044521132455921916
667,1.946906625863951,0.9624798437538247,0.8678923700858233,0.09999999999928177,0.35951221369320235,18,0.0009166458633248845,0.1303323545228549,0.007538653639428335,0.2855447975667209,0.5617902118421794,249475.94556557303,0.1810151565975086
668,56.790155698936005,0.7709650780581911,0.8290129853414328,0.4355990765938833,2.7332339693120216,11,0.0034418890365617884,0.1314583983589505,0.005821464082589091,0.4169579639103057,0.4109802907699817,344583.0389141914,0.52474144933048
669,1.7788080557557435,0.9364091222792494,0.6633502838167216,0.0999999999850733,0.52829172794201,18,0.004553984498475225,0.13705517936643047,0.0015878214013476653,0.13392334581046972,0.2238085170632951,245814.6388087696,0.017609621664882946
670,1.2540371050671302,1.2482745636794395,0.7523133558490387,0.008796556906642258,0.5217167991689143,18,0.002660712220459278,0.518445904157498,0.0075752520992284555,0.0835643660735543,0.3680570156409717,367058.1544844036,0.12116590312952523
671,1.9554792607106257,1.3310687774095047,0.7301687503393051,0.0999999999999995,0.35017194477378005,18,0.00155821154250136,0.35818328088642565,0.008179535097608581,0.44817140112939036,0.4913068464304453,104448.10418263827,0.2816899015788613
672,75.70712407955989,1.1389053946302519,0.5138045778672464,0.8927723598716099,2.5135231306792534,1,0.004072963255002537,0.23900417059218365,0.008575311331508533,0.09690888809697451,0.20522707777711963,324348.6546757494,0.3626126972484697
673,5.544024309410925,0.5707444659048658,0.8315927055943859,0.9,0.29030963289208334,15,0.003920256600369178,0.11607500289369702,0.007758188465001703,0.3859469961575144,0.07813095143933398,120110.13796291589,0.1436789140953325
674,1.7955437399690517,0.9621312732536982,0.5284473137941921,0.1,0.5466024795527923,18,0.0005950516288853602,0.265060600539962,0.0007091612435979822,0.3437656190606059,0.4758331089904405,114501.56219671416,0.03508499507492099
675,7.132130334536493,0.6848610678973998,0.9325639362336078,0.09999999865328586,1.1968154895024337,13,0.0009243167319794587,0.3488036165004242,0.0009532541647426178,0.42755491555268355,0.5520588424881934,330358.6605162467,0.4551846601585829
676,74.25213921156615,0.6445016024233718,0.7403045193462447,0.8480507250333889,3.3532174570287467,3,0.003642906170274881,0.2555491438446405,0.005723841804116618,0.07657967176441591,0.2087019250640419,383613.3136266502,0.5656885379079851
677,1.6165345722762139,0.6723927681731985,0.6352912599030975,0.08900351721840628,0.7596620462761615,19,0.004508350627394112,0.5065575156635015,0.0097371200436147,0.07638228769890282,0.13019884548699093,84474.97970781026,0.35109887011583135
678,1.84234348744393,0.8298167230808706,0.7829026741449563,0.09999999931283253,0.4199838577551102,13,0.002198609313050596,0.864085575500323,0.001849442949560913,0.19676650212117675,0.42465365443251507,241342.48698066903,0.13626907797963567
679,6.5361553496616125,0.6015609307979679,0.9726141201768408,0.7747774975985382,0.252699199205599,8,0.0006185152046700976,0.14376873703128423,0.001402328080560038,0.38826862931093353,0.1365325275402276,148567.68015444517,0.23397288344960054
680,25.220031010199207,0.7953038665975742,0.5555468513421337,0.06620026847487642,2.238397833626515,8,0.001418415407143536,0.5603310821633657,0.003154468762398609,0.48880415220046325,0.024365137885129194,258282.27930578368,0.42579123996257806
681,9.201205475335122,1.2698291002598814,0.5906167931202904,0.8367571336094186,0.36451663437487497,7,0.00034851098020617513,0.7648995338534634,0.004782984128921225,0.3491916208915222,0.17435359501076778,257253.08515377573,0.27193396339763193
682,7.008535229739803,0.5946546961123703,0.7102680081939543,0.9,0.6802201142367543,15,0.0032929120422955983,0.1222550235788164,0.001476507238510057,0.21829341528316915,0.2949890241269565,399591.4642194722,0.11578539719837637
683,1.5946221059047332,1.3800679963219977,0.5310609973563313,0.09999999968343393,0.35597919481461626,17,0.004876049867215249,0.33783689938652484,0.0059698602579392,0.49561081975710275,0.5551741893250984,112551.09010084187,0.35842876707588733
684,1.8034723600984168,0.7506664990509696,0.8424770275329547,0.0999999999922068,0.5671886303013263,18,0.0029098021606687686,0.2820268719856254,0.007905452686323174,0.33260065371778436,0.43512030019958364,348194.92202926683,0.08242967894221155
685,2.742226790700432,0.8639992392716622,0.7325757724454922,0.09999999736786175,0.023608377361573802,11,0.0013948137206382812,0.7027996222409572,0.0011249648467882803,0.14782423436634576,0.3618992594635731,232264.41065472842,0.2461389620609388
686,7.204820595998086,0.5896430512072035,0.5253691619526594,0.07299514141426712,1.113086010081851,5,0.00034160925154332386,0.6263913245703023,0.009722121877461687,0.2098375018995586,0.0807650284307756,281078.72949219466,0.30339153145391384
687,1.6554747049257874,0.5867002657365374,0.5367282843390009,0.09876916401694869,0.8737023226698184,19,0.0037581729277035934,0.7024362923082663,0.007937677581510821,0.1249079245923055,0.3731800569142369,128875.72837532187,0.4107305736311076
688,55.47425598326723,0.8092540847400831,0.9126427097577893,0.7983031010415917,2.1543845003979345,9,0.00273332685904833,0.8596934206736846,0.000364405305740088,0.23229101064547195,0.15699916426437246,236880.1152820462,0.4006350076478752
689,39.62069268038048,0.838702906655524,0.7206349946355144,0.5968794245362229,1.8383457043436688,11,0.00016478255066839913,0.5231665679104579,0.008610588992050704,0.17243094865835534,0.1887355186918718,202761.56055954818,0.5498141035459124
690,50.162103726437216,1.1441508706671926,0.7339783648157517,0.6264693241189742,2.053645933544915,11,0.0005473552734180661,0.623770893119057,0.0066177819632749985,0.35212585854168543,0.08069294532742945,237273.4747664478,0.4265749302271388
691,0.49434070156505483,0.9560165438813224,0.6878647134186899,0.06104181366020429,0.34486049753631676,0,0.002473708306695745,0.8752401446635131,0.006188549779959421,0.19579897202731114,0.5126108817293239,232291.53767169808,0.34760403772587206
692,65.95973734666937,0.5406066068662573,0.9017283929577234,0.8884774039757546,2.219517730092917,1,0.0017447095005725497,0.6807485639778669,0.00031765343445301386,0.4489311585115038,0.016888191955373055,182554.49071269983,0.5868919372396033
693,4.1606048390960995,0.8216294726039218,0.668609245025334,0.9,0.05421940300385715,15,0.0033063694091105635,0.26047184131613943,0.006498424107621537,0.30848988339247263,0.20708581652616942,111152.01575314565,0.21134134944184343
694,0.37265270105219406,0.8038348313629725,0.5094617552939062,0.14323042127491806,0.5394410871765304,1,0.0016309211307791575,0.4417729784481421,0.008640516791892101,0.2969832202936493,0.18294747373970427,100960.07554278363,0.547129521041474
695,10.273436510954577,1.0291903102398872,0.9731670951241767,0.6199857103642605,0.5966208198719184,13,0.0018889990983529579,0.3817556718294185,0.005746759515794891,0.40991348713285136,0.41757508577272245,165318.04328060691,0.5418318086750198
696,1.578218928072058,0.9524916703277189,0.8671538722540887,0.09999993093833097,0.5093890815322822,18,0.0016980273544196247,0.572603692521101,0.0036651763382986647,0.23491583216806167,0.20158047749131047,296035.6145045955,0.06903344309039214
697,2.260544069877031,1.2563424398399952,0.7572003312614444,0.0999999999999903,0.1254182014466496,17,0.0014371341175186852,0.09040165694596039,0.009962465548936508,0.21895285552861848,0.4722897652178459,351146.91012884915,0.3032015097507244
698,38.31372060861161,1.2597681956021034,0.5454721352763103,0.9,2.4684435667062354,15,0.0016845218867897094,0.10717931003469264,0.008021797431141758,0.25337613255336705,0.05517470114398075,317724.16820035235,0.1432727264500979
699,1.9276374569263093,0.7716623131496874,0.8859808217283809,0.09999999788838948,0.4348653902062262,14,0.0021648359674994034,0.508955442282185,0.002040766005385121,0.2190814491964463,0.3909220881331218,334608.5597912349,0.13374610360649763
700,1.6474712456451992,0.6625407657981434,0.5089295946163318,0.096021092135818,0.859567285635994,19,0.0035168065626722755,0.7833033357453204,0.005789590787642271,0.1300878183586815,0.4580653289596549,225033.15370454846,0.3787286868249464
701,86.787209685285,1.343446633027,0.7557052808127408,0.8788623789267834,2.577088034285534,11,0.0030723042782056843,0.7037512903720919,0.0043655586242648025,0.2960747280829331,0.28037718803257916,317506.56351590867,0.5776490740187892
702,1.1120218279298022,0.6329693199421208,0.5722268739215142,0.20703889180742333,0.7300114389126281,19,0.0034266905303431128,0.30523432357239494,0.00438211840266056,0.17976699467217466,0.21856480149546273,247126.2674347115,0.37978749823071195
703,10.326196448680047,0.871194541754136,0.8953811381591961,0.8857298251125353,0.38635222085842075,10,0.0032303902467961704,0.26797963964809973,0.006032261083271292,0.22075699144666794,0.12213482489869137,100616.80944902296,0.49982648452797007
704,0.7965595511568947,1.2445059417149908,0.7227966564370955,0.5069097069559511,0.5165229127047382,18,0.0027993451401589057,0.42071297435996124,0.00648687440947647,0.04739175531965148,0.14735196589102487,141413.12367368737,0.07699956021068785
705,1.1835000643557883,1.2231843646615355,0.8161619420672873,0.09986254406121974,0.3420026936107596,18,0.0008803381168629745,0.7746428648821825,0.009639679560725513,0.258345723805203,0.1550381084814809,123657.80122075524,0.10402150825336617
706,0.8094074241104997,1.041439766199747,0.9162424542793572,0.6023516632535802,0.5120497585410827,18,0.00450292413742814,0.39595582382572625,0.0036661707400019246,0.33899238352692196,0.05035772463934762,355066.8809330594,0.02174615750195896
707,2.9411486926220904,0.6265041367146151,0.5537275346671583,0.9,0.5712352443529188,15,0.003672534795250688,0.8429951302896903,0.005243477710775736,0.41962134385702965,0.4345406718973082,381811.8854518186,0.06328071254617028
708,130.0396677450022,1.2961083760948768,0.614276890515642,0.5363118018036819,4.243394002154062,11,0.0006118230288518053,0.7356841587752013,0.0033263948141166936,0.304633323673167,0.1510848350664277,378097.80007662805,0.5703079552003618
709,5.078474592431968,0.8805820986345972,0.5692533961778188,0.06412186047978913,0.5350291266909568,9,0.0008761837000506826,0.8744349545491131,0.004422780356655543,0.14952378262253824,0.14156284750476517,319479.75336065044,0.2400708946246396
710,35.958543760766034,1.353839800519237,0.651915174290222,0.9,1.4990172113925302,15,0.002119194692041972,0.6303276804044446,0.009634987632657967,0.44333376421487647,0.22482299074359705,236914.74564902773,0.3577937571927606
711,21.409843715808208,1.2392288295727538,0.5101156210138711,0.7505144843758033,1.2861805270398787,8,0.00483404239411797,0.5649425229399504,0.00842265601685289,0.3412450141869665,0.429402737473276,196159.36392598573,0.5628136519007221
712,19.939291998054035,0.7157082462883337,0.7653093935895807,0.0667574164097498,2.7678343985230107,7,0.0015466878742048577,0.8647110700273832,0.0036604082292796152,0.4117576404814922,0.47328162642537913,301018.3856903488,0.5651004830915978
713,1.7332380558805558,0.8496239133706651,0.9366987679985093,0.09999999998802364,0.5566360940457212,18,0.0019651813533721357,0.8812939262407845,0.002592560215620973,0.07241765402310732,0.514588283489955,357424.9392423198,0.08201172356007472
714,21.321627465690735,1.3012220549896694,0.939627584596321,0.8932525219478948,0.8958488379374179,1,0.0031569478369300303,0.7975471603900983,0.007679071961060714,0.22095574349894506,0.12623189475871646,155347.34558444715,0.4953975581857121
715,1.7895159484602878,1.3464458781668742,0.7261238160262417,0.1,0.49859725306616426,18,0.0020651001120472164,0.7649889464140972,0.007187990878168804,0.44207777680245564,0.4939186682378799,357262.26825736655,0.02999019191921906
716,0.832101018928422,0.9557010625282711,0.6688910463602681,0.08673761068236127,0.681597086018873,1,0.003010778652081589,0.7414138411400361,0.0073909659300099685,0.24303302397391754,0.41908931252793996,343808.2770355781,0.4939423731657369
717,1.8919526919216418,1.0671407073666486,0.8796892725506977,0.09999999999941475,0.37120040394934883,18,0.0006808930701380777,0.390562572479725,0.006301547918768212,0.17744924724571698,0.3849555068481249,96671.62332862087,0.026137027066689043
718,1.5091201693234684,1.372698128155221,0.8986982631057998,0.09999993223764424,0.5475369987279773,19,0.003815931935104726,0.7699163653322585,0.006873246114571737,0.40254187860732193,0.30981953463061424,130503.1806221093,0.058516910339807215
719,0.5667214103630838,0.7346118916282887,0.8299840984094873,0.004986588519146212,0.08398218303357426,5,0.004133929662404495,0.7295993677491526,0.00202670401029117,0.22481331953981365,0.4411032652862808,233076.95358635386,0.19844548625036357
720,13.96256996227031,1.2959072873991093,0.607753824069743,0.9,1.8025161774746887,15,0.004740572031187556,0.8346454991009122,0.006488711558576161,0.3245148580334515,0.5668542929053859,360444.80413751607,0.11731465974570483
721,143.3974456774664,1.1311350387830121,0.5810028590552198,0.860881583878341,3.8251838785951295,9,0.0020054740380995814,0.4145678629005985,0.002638569910712908,0.07185879565980616,0.11895972160302021,391720.8229599592,0.5450384205020679
722,100.30237194894828,1.1467250814531291,0.7088761929512953,0.9,3.6461426350493387,15,0.004599985249977262,0.4356516853210987,0.006752419925233594,0.08570080403616614,0.07041031128517494,383117.9227047989,0.2270728909252025
723,2.4981239214450737,1.2039097490875612,0.6382217469684232,0.09999999999999983,0.11551867903168808,16,0.0024710937046310047,0.1606694315866552,0.008570560390172371,0.31203890965369563,0.5171620345715243,140974.13288605766,0.43100259005915936
724,11.171049954840962,0.8764978920097118,0.6960915689198859,0.08057464150658455,1.160836282026904,13,0.0007301412891510962,0.29666401728770836,0.002654904665746405,0.32030971282690046,0.40631319071067795,170549.51841046347,0.5971723954842422
725,24.709863066124022,0.9123477002767086,0.5049537162859974,0.5490100012361601,1.3954036521615,12,0.0006664580776488901,0.32475908270656534,0.006945584401530544,0.3528206511567704,0.4105602516855399,198284.07664991159,0.5453236586340338
726,44.98530744688304,0.7306030345391485,0.5457341225993632,0.42592861980065067,2.66444133011899,8,0.0002942321920658424,0.3329331594810256,0.0023866723245812766,0.4568664725610747,0.4416624632352409,306705.0133306764,0.4308682099451297
727,6.620693293161577,1.0384088593617777,0.8591560833806501,0.09999999997558524,1.1912247736255208,14,0.00022803660214544983,0.26560835040256897,0.006215595875608398,0.17217845715162317,0.5803259065847777,380583.0208558834,0.5980762676727841
728,1.941430356838654,1.0036043497697449,0.7786337167478998,0.09999999999985579,0.40202968440858866,17,0.0013018281149584617,0.4781847135641712,0.009306753064504328,0.44261147342622187,0.5808346862743464,198688.3881860691,0.2428711204681142
729,0.7239759153668183,0.6276161606190012,0.5560841869590387,0.6082538120553884,0.547183158725806,13,0.000221288726360304,0.15869077052421138,0.008723211613558577,0.42235789777390886,0.31825428053556226,181541.56377376453,0.0878325248725139
730,152.8852049389011,1.289242746955862,0.7942071539029687,0.8796055698887312,3.783876241951547,6,0.0038079388127335986,0.2741942494319884,0.003164452642842865,0.4495557506199359,0.16975530491527616,376395.85359117034,0.4512157869543835
731,6.172784287164995,0.6361382715412023,0.9094561574084263,0.05989324844601707,1.7635113316153141,4,0.003287268678642382,0.7284871557652292,0.0005795607732963075,0.09985177930926206,0.45820524819217934,398260.82108324714,0.19617032248342667
732,0.981935470789667,1.1353665763170984,0.7094863359309103,0.008766893998274392,0.21974948994283622,10,0.004976011115919265,0.8381253899684113,0.0004558774999761641,0.19756445463556593,0.15613437815109618,91475.91941415673,0.14561772188584043
733,4.058956948643888,1.2612545158549215,0.9161020641853346,0.09999999998861735,0.3616266768672841,15,0.0006187093430522581,0.12954119647423656,0.008688322440735688,0.11490783313235801,0.29579313000660035,235263.8446277611,0.42832719393748164
734,8.54329841968343,1.3018050700189463,0.7811251528706413,0.9,0.8392978772508219,15,0.0029179451812172217,0.8758832514547322,0.005283853295669957,0.298270271233226,0.16367493225595675,242796.08445780695,0.10929405095027847
735,2.160714314824714,1.1092176644867262,0.9259364950489679,0.099999999979451,0.16099371237910717,17,0.00013029786194685143,0.6291154931048624,0.006822362123905195,0.21525980730036198,0.46095205619086665,104587.34809436183,0.2556872049200817
736,2.7564520155979912,0.6383979218154181,0.5389103536375756,0.04243116758504214,0.5100541057030443,9,0.004153580778249945,0.6106084246775272,0.004567852375672381,0.47894471955731255,0.5021863251486643,384390.3520251987,0.35829971371738295
737,1.9733178132987392,1.0905554813156155,0.9564300648680997,0.1,0.32232573163178063,18,0.0016249148837709298,0.6718134347338076,0.007356479617382881,0.47997930619571894,0.5818623082809761,81857.71543843011,0.36058051301705624
738,36.137883377389024,1.0792796265680984,0.6551220064096939,0.8944151423764553,1.4646128824931202,1,0.0002781473524170222,0.11011547569247174,0.009521406876987224,0.20925373705848285,0.029209349162390638,147637.39553279598,0.3458034771405079
739,1.9270503356858126,1.278963959656846,0.5428103876847459,0.1,0.4051559064141907,18,0.004261802993301374,0.18849958129396632,0.007805950824199934,0.16391986782974718,0.579029585886944,136963.45624942807,0.2453265132050715
740,87.5521531630441,0.9417605878486512,0.7075320413204048,0.8931082277350293,2.6868033137051075,1,0.004031862802993791,0.31358611112962753,0.006865371321551206,0.09170473418199121,0.07236119046157594,289300.57562383334,0.45400955411132526
741,76.91955368037937,0.9406607322461766,0.924998258548103,0.8822228158222667,2.493631144609967,6,0.0023824602133055237,0.5285985153935077,0.004259552275372388,0.385550602440477,0.3075919353956189,346256.91978325084,0.4026569747679366
742,18.744415375165588,0.8834153889391773,0.5194102830171876,0.14718955553193214,2.396979338808689,9,0.0017090533645590569,0.44399614427219347,0.0022810906126627738,0.3525311718539049,0.26046355350622347,276437.69070233306,0.4884866721723918
743,1.0601876790532376,0.9722100054887912,0.6395374517496317,0.01642088727288306,0.5341386574557617,4,0.002187058916895658,0.8211265543946101,0.004802233083463556,0.09984507316773779,0.37773574880015276,238503.12120265653,0.10149112350563622
744,1.8564162452384037,0.9707828513157264,0.6418311842746819,0.09999999999999988,0.45216117037077513,18,0.0002391175078503498,0.11505264177699917,0.0004986942914014641,0.08058712057773948,0.5049227725654252,368929.1579733101,0.08539595152247856
745,2.0416961123891846,1.011630389329361,0.6216225589112913,0.09999999999999598,0.38595479510084085,16,0.0012746735916513699,0.11950412730388155,0.005059273446067224,0.08354968076976085,0.3965131523623019,110234.99599613306,0.260698977512728
746,7.698219186582826,0.8536616037840608,0.5399794712647852,0.8710944806219498,0.49598386046913684,1,0.004383838358003948,0.3030003884200334,0.005892723462393448,0.24384912987020985,0.10932488073219275,137456.7026762416,0.40033121081515083
747,58.340143229797405,1.3700476640932315,0.918245512759707,0.8664595703172849,2.0408825957752845,5,0.0009363650731350205,0.20732428220277604,0.007482941726764683,0.3139048504969426,0.15904463384151923,279619.3261333324,0.4054533212294374
748,2.4389723481709846,0.5052623626250062,0.5560055649756357,0.9,0.21503939718454465,15,0.0008590908883413445,0.45555189282550335,0.0069334719883699806,0.43832684486454,0.32062560178897626,114025.81079911927,0.5242533189603028
749,63.257387094261155,1.0566494370387436,0.9674825082424097,0.8646249127008189,2.122234182991516,11,0.001803963551062838,0.6227326714893457,0.00691841887583783,0.21564870169893757,0.2920334963625668,272603.98084142536,0.5798242464594962
750,1.4877299015158552,0.600721252220656,0.5076249183274475,0.9,0.8837525268125822,15,0.004852616558119739,0.7801602257251218,0.002131833329328269,0.3348529142008905,0.00832555081308819,120028.63677767263,0.1885674286015684
751,24.024008714598803,1.2110103829557022,0.5916389373043545,0.8793922615934594,1.0485413653533313,8,0.0015049388889686827,0.44391172212318175,0.004766191420686977,0.04025390926551554,0.3756354906776071,219452.31161615776,0.3933464973617369
752,1.7991214635064963,1.3674801836650232,0.726314815353016,0.09999999999981665,0.5232889415876859,18,0.004299052328980391,0.547442328976357,0.002053317279246244,0.2976323170203109,0.4215588634249535,128775.11677451411,0.10800224097389763
753,4.587842035682472,1.067368892303605,0.8422845510189102,0.8688974633417336,0.08064218044090943,10,0.004897444946219933,0.7713238218527118,0.007383929218036529,0.310044588771514,0.0047245685875275,96295.09767019762,0.5019647343540392
754,11.669723994902768,0.9374908645601581,0.7836988522694618,0.8397997182508943,0.8505404835243559,1,0.0030576707183266965,0.6268677295693171,0.008176057907812001,0.2593137029483595,0.2924979078755395,173047.85022024444,0.3370396698968526
755,0.9318923346048709,0.784265135213212,0.5304850730938275,0.22044576363285215,0.7269449893219886,19,0.004464439542078803,0.40456683938033505,0.004759712816875877,0.262550736164059,0.25320272852362696,249058.81886248506,0.43143129397791447
756,7.604259830145249,0.5187262322396046,0.6382451750977366,0.15493394776966304,1.0697658754991248,5,0.0009614103868564034,0.3422702813326871,0.002359425975762141,0.13326010216921264,0.4185086642335206,190964.516278089,0.5639890408608771
757,4.796684641854812,1.2582204211032333,0.8153399055068515,0.09999999999506039,0.6635908015330607,15,0.0006562272561894758,0.2993849356811177,0.007128282600150955,0.48110758309010193,0.36126007968241175,188528.95956453224,0.5463513909588359
758,44.79363779131816,1.2163753973327007,0.8838824283037483,0.8176650537584426,1.7556561683081207,11,0.004222734154306708,0.5785660216668792,0.0028604492919328847,0.38214952186130124,0.44075077933187284,295394.3339645867,0.5015176400192545
759,1.2376579492265238,1.0451741065306004,0.548433788276252,0.06563936781715933,0.20913821855728268,5,0.002080213817516729,0.8947021500741416,0.003071336339305737,0.12843348243616776,0.11969053368112782,121310.8972866323,0.4035633068897199
760,0.9935227636353235,0.8213394873532285,0.5761306232501797,0.09999807666448784,0.34303450329204466,4,0.0041398294677241045,0.810288850053825,0.00036810157729547154,0.05992282553565002,0.528543664190805,85801.79061600387,0.037759108316631
761,66.24117239534307,0.7016860748658237,0.6237546276819568,0.9,2.539637294421334,15,0.0017019509078341467,0.35195483009493206,0.0005144297656598995,0.44252541416734825,0.07241281969240951,277620.13489410933,0.26406607290537565
762,0.7646121287898493,0.963848698465977,0.8213532272725416,0.292269821560888,0.6763697053262627,19,0.0035321713841303063,0.8376372836852638,0.004406375729292031,0.24485375070902804,0.41408134940428587,128377.07961418186,0.16781982897838532
763,7.730400631180957,1.0495152894309927,0.8754350037278678,0.8891116805236381,0.2923973986576579,10,0.004736943777973125,0.7500686938174214,0.000467595900205463,0.07954320936286269,0.06353511563682135,115497.87038483561,0.5065422147207033
764,1.5055869960868078,0.6413292926215703,0.6402190341049314,0.03686123386392262,0.7480076294681185,19,0.002207868791434485,0.48001212420785677,0.0073388913464650695,0.07666829230277979,0.5465914623214532,358678.2317289978,0.38165640853088356
765,26.98837841399531,1.263735582543174,0.7107720612393736,0.8940418964505028,1.1472509444062893,1,0.0020790413186752192,0.7036781892597633,0.0024908948429405164,0.4102982513801885,0.08266347850702757,187074.40810003463,0.3917848528519628
766,32.64104805909699,0.8351927216625196,0.8623257020056555,0.6289529528445791,1.7219411676562082,3,0.001803536710455174,0.6152459666776179,0.0015585315845489667,0.3841483703921409,0.05114031701989003,241607.2730332894,0.21137884117057465
767,0.7282677531140783,0.8720684768722806,0.6964684733083197,0.04532326528250649,0.4977985255219162,1,0.0022940359430479017,0.7745319075042904,0.007956343096404347,0.20003395373789903,0.48106120718489365,153018.24125765398,0.2588161035214162
768,3.214434363758677,1.2256221791030004,0.9529485633477491,0.9,0.06908338311410567,15,0.0004243486835498287,0.31758388609739563,0.009820351997651963,0.10723260040591633,0.005969228078241895,126586.97788751568,0.02756012693883051
769,1.9882834326203935,1.077319178997404,0.9332053431554697,0.09999999998259236,0.26853543919963124,18,0.00028952024281528587,0.5868664278316499,0.007148026694363013,0.3403699669363518,0.39610570336514195,322941.5632178634,0.04626631380637805
770,16.00284946068479,1.112783591678078,0.7657330055482854,0.9,0.7787182747575504,15,0.0015219629533543765,0.6812928767252039,0.009096846989351256,0.03371404974677913,0.2412016908188887,174631.81595636677,0.31666923428975097
771,1.9036961277411297,1.130265557494344,0.7141707443376041,0.09999999999999917,0.40097508585584424,18,0.0010260652901303395,0.5127614973538049,0.007893998710818329,0.3364574310765236,0.5522703549870631,248893.3553943659,0.17507063941004147
772,44.78882628460147,0.8640551350851379,0.5947019620453405,0.5232968434918573,2.2243321663455298,9,0.0015080062959705479,0.08142464650287082,0.003378204601112274,0.370796380697741,0.4689378558788761,364055.96688230295,0.42150786968840553
773,1.4744432048108846,0.7555350735214431,0.5445533925712285,0.029038247613562662,0.7579141057766359,19,0.0027591533638805592,0.4931354853481243,0.007582610926591387,0.10521284990763824,0.5951543817257443,120321.80671803879,0.4466308111632363
774,0.2813244997969663,0.7172058012262439,0.8715957378290012,0.06696542813314146,0.4356532836468404,2,0.0036326829773747774,0.8889114952048912,0.001148896967122423,0.058174497153939395,0.3555021610499479,334911.5837572399,0.026455822924438162
775,33.62707110931626,0.542959585643589,0.8124619612980235,0.8876774000433737,1.8473293555728345,7,0.0006241866520789267,0.30326694575376795,0.007381744023053894,0.24297916545957873,0.21268400754248953,280636.6503417477,0.23005753214103208
776,55.4612049478986,1.0090375039218544,0.9292826709897735,0.4102067308159224,2.850512893934675,12,0.003138907886902019,0.5032953580306574,0.0059757117005190775,0.19465845346916283,0.5934000473391733,337724.0198749496,0.5899408318795071
777,1.9682122922091603,1.1051904218343966,0.8428884698545899,0.09999999999984324,0.3864364524909686,18,0.002598573403903789,0.260488331611774,0.003312077282657442,0.30371345155314333,0.42891268092140133,331132.56410379225,0.1778759420177653
778,108.34878857104835,1.1404763786727408,0.8976500621273027,0.885669733878075,2.9669573892422862,7,0.0004101948435917266,0.10286462166274868,0.008890667503655926,0.2538389436226239,0.058792699038475366,195605.61050012012,0.49547720655310307
779,5.455307440724544,1.029415512107846,0.7490935997205664,0.9,0.12251845050387172,15,0.0019742149846303314,0.2741396531213686,0.00501333169179252,0.22900843164593376,0.3157533618930892,198174.14921956643,0.2732368113552249
780,2.514090063807323,1.375945234859214,0.8954296785456279,0.09999999999973112,0.04022412618252245,17,0.0007221587336411813,0.15805538119412763,0.007125948148252385,0.09081103835236239,0.2937246400045616,377931.3944526196,0.26964717340857186
781,5.945299730023178,0.6913782850644673,0.7272106696341302,0.8138576448785589,1.2120112613151133,14,0.003732608282037974,0.8524591268984428,0.0037248539933628488,0.4773562238053981,0.0708348946026148,356246.93043027184,0.42566956402942113
782,30.90758123856585,1.0145882789837681,0.5193354279617458,0.8941720191090282,1.3492659052240912,1,0.0007669459012236609,0.36574725105751965,0.009910650006129404,0.1725322388721347,0.07251985685342234,210758.35492691078,0.36494412610581145
783,5.588612755926326,1.0306618197231088,0.5233525023585104,0.022049663764605598,1.1755718523531529,8,0.004471317515460157,0.8056986253035066,0.0021950354842217076,0.4149887825372841,0.08528388343956692,333185.18434254976,0.2966960689165211
784,6.558776952987547,1.2833838823453652,0.7004360740703693,0.9,0.20730692271517867,15,0.0028655089294005527,0.5308993796595801,0.009007858515242795,0.39723419396082793,0.2091893661062324,119144.92976078342,0.29838825718485257
785,18.04530557039576,1.1857561083485935,0.7422866534106503,0.8999933471672603,0.9331467686664098,14,0.002304950354769923,0.432439982646239,0.0045182936514346055,0.4371824097044479,0.3634258261299562,310410.7185213171,0.2903842535788669
786,0.6215801308354032,0.8686654943861931,0.6117546960124174,0.5395581269154085,0.6623188168371484,18,0.0019772879474373155,0.5098452831726279,0.009582890946201355,0.4483202876020611,0.398701387451244,335939.7187823544,0.20187760906439894
787,43.843387922704295,1.1364877635413682,0.7745575009469123,0.6890871548059857,2.1802568675774685,9,0.0039808958277895296,0.6512890216896002,0.005632391332979044,0.08817735733568417,0.51957214399702,286693.28949100943,0.44418854872622565
788,6.904837038181199,1.0191700248558346,0.5253797052763443,0.8598553173893215,0.2168479472414046,9,0.0028514367939532406,0.2109864919481783,0.004784565136963546,0.4515262117145368,0.3712224328897938,141576.554668351,0.3400181657093741
789,0.9389030336800819,0.5170762251873781,0.877643382093209,0.005909747062078585,0.40781850564585365,5,0.0012268108286040867,0.6497750469526635,0.008882175495971366,0.23878785058695473,0.10784604085554224,379578.17919697624,0.08096707409896027
790,62.325457270268636,0.5404852795774171,0.913747681142743,0.6765490335952423,2.5032430549143347,9,0.00011680461014518724,0.42146480682068915,0.004178617413635301,0.43403475290621685,0.2410787191490517,274193.542767599,0.4860834042339837
791,13.104662096806546,0.5894002697438101,0.5807148764801683,0.9,0.8308047307413389,15,0.0007205992475319898,0.2672213465203269,0.0009418042066288162,0.17419328263042436,0.06878677448534717,162296.89381366989,0.19725563686628997
792,2.6498970257981793,0.7927616265662911,0.5130421723603033,0.6952292804968969,0.093333367247844,10,0.00029297966037670245,0.38144875454852417,0.003234412565212566,0.2240267216392992,0.3686852572610527,134141.13535622053,0.25029309623225815
793,1.0766260758736015,0.6088696371517353,0.5972285398469792,0.06642049111647297,0.018857590293199757,6,0.003760792627991919,0.548124715320896,0.004955145436978203,0.3836232899656742,0.4966448391951688,200164.21065706614,0.20128849657014927
794,8.533601279662081,0.9183411799207997,0.695396702523678,0.9,0.3577172714939731,15,0.002421115464035554,0.3963697212823487,0.0023757175348078025,0.44649327113295145,0.036379186742021626,116826.03900262719,0.2371787209817816
795,25.42421458932064,0.7216844863197241,0.7662595760281714,0.9,1.5576000580171667,15,0.00392617832615818,0.3089209156707584,0.004097121918108488,0.06943692712299965,0.4050584574111226,388311.9001058881,0.16880424564260543
796,5.606979029707762,0.8359746984123868,0.972948183422762,0.707706462056291,0.20651988248256994,12,0.003910227301494664,0.5069052853414471,0.0042663369433243075,0.45840158396155795,0.5807469076322035,145106.21019096748,0.38512140672843975
797,2.177051812048423,1.2464346063036986,0.6388397383203226,0.09999999999999894,0.26183209557463605,17,0.00486042297926042,0.050461491950964665,0.009338392819628243,0.2566275421414701,0.278791232233261,80320.33875618865,0.27652778070164713
798,58.03032926129199,0.8162761282786339,0.8034593315580635,0.6788471787545902,2.4556551141479903,9,0.0029260032527186025,0.4837791583621099,0.000502573066622705,0.3774159844295827,0.22809210866350765,348636.07091903157,0.36274197338539715
799,0.4446995045304096,0.6106792684454343,0.567032128781344,0.1414550760930878,0.301730649185395,3,0.0027826171679728243,0.2875395536164745,0.00434802619887858,0.3169092954491489,0.23718294068468793,176204.27153042576,0.34221813098536263
800,13.056294513324636,0.8083717306826479,0.6254530560242189,0.776219140413419,0.7293292921190313,9,0.0037635936585323263,0.434810368955591,0.0024969864356492186,0.4920203151641038,0.40926059758100714,181857.26138098622,0.5748761324823898
801,2.384323354024372,0.5142871545450122,0.832085628987762,0.6567262305721134,0.10070187689205151,8,0.00323239323795086,0.051740386467194074,0.004791463053171176,0.4536791471727337,0.3597082003733094,227135.78929660958,0.21156158480247925
802,20.11538677361022,1.1329697075492071,0.8659833159188906,0.8506279539846614,0.9249273789651157,10,0.00269088820278051,0.7192094497025925,0.0065085178973533315,0.06643586466584489,0.537160906328961,212212.1704954878,0.4068967784373928
803,0.8100865107016954,1.105021321856037,0.6694374715281928,0.9,0.4394649547536629,15,0.004063999845979318,0.7533468098276425,0.0036117591176045892,0.11327771935163823,0.4029678468935643,346266.8366815009,0.028259037111830608
804,218.28521669378185,0.9164232785510462,0.9493989677178533,0.8010233469889922,5.017281886445085,6,0.002223165994951962,0.23829264999682287,0.0002468276131621662,0.16213320739463374,0.005058825573759651,303049.64300106885,0.46309984817358196
805,49.47231019446144,1.0520984378659195,0.6455256955924552,0.8927807439500566,1.7505075610163006,5,0.0035891887440355707,0.24911925221309994,0.004963396282304825,0.20060961400936644,0.053979911578956895,194502.7260577957,0.5536252269031605
806,1.2164012254736896,0.6881776892127235,0.5941216611299402,0.13309462422081078,0.7313121706815873,19,0.004105706791526536,0.3866732526146214,0.008705666513440074,0.2974780487653095,0.42418080392193924,369442.42883693625,0.17564625122230007
807,2.4109748280160552,1.009136343039259,0.827544128667018,0.09999999999995907,0.15302432443997255,16,0.0028259185986411308,0.10555653125002903,0.0013260516291293183,0.06057318106213602,0.3959030527121491,256571.25996058044,0.3014666796518973
808,19.279649996655177,0.9707719635666084,0.8754813001429842,0.9,1.5157383094232535,15,0.000959661812803984,0.6262819094184777,0.009919915968549377,0.355703333232814,0.13677910513134187,262369.053019235,0.16317844361664655
809,3.5007868432024076,0.9085335113239248,0.9501873770729821,0.09999999892552464,0.32032734152036924,14,0.0032050109484058793,0.851613090206128,0.0005660348355465009,0.4712168847904328,0.3360695863504794,160934.7431199082,0.3244354952315194
810,80.1186625340584,1.112156127888454,0.7239616292556812,0.9,3.1108346742466155,15,0.0018076784795934401,0.695168457455523,0.008843834294573529,0.13553765685911018,0.1644213577585713,398434.07251090027,0.26520342125118906
811,14.747809794038805,0.5046433557024076,0.5934119069625348,0.7967986561087687,1.1654159112874396,5,0.00040950360269883417,0.5360466743746547,0.00030245079176972184,0.3765987641069677,0.26931689820993826,214419.86210920877,0.1739804881203992
812,36.53837451502978,0.7249857453792476,0.57895115612468,0.6387491666655958,1.9340567981420695,6,0.0015543738853200464,0.5820954839251973,0.0010124246688733532,0.25558421748143434,0.04466422014085298,215622.48219913407,0.5870764105531118
813,48.19803085169926,0.8008722823594274,0.6201965460079439,0.8132070100201426,1.9083079351844086,11,0.0005396493462335004,0.25260533068315877,0.0034409795808311495,0.055583444283663325,0.37577826500711203,269609.84658532357,0.4867548537565311
814,0.9090648779380825,1.1981745246050375,0.7973919466919761,0.46248661600906626,0.4676141226676874,16,0.0038206108030327105,0.5815464439204913,0.005810397969126868,0.07020130856355293,0.5661285463254637,334115.5582350341,0.2068171884611865
815,1.8769324330354205,1.2629229301514275,0.5312135450219377,0.09999999999999379,0.4528779388465323,18,0.0006381151854394386,0.8312484195979613,0.004447088113018489,0.17169140478258696,0.18796766053177594,90669.97618054181,0.04580529772387056
816,1.6313226006620465,1.0033322464449914,0.6415600497124051,0.4195814490366512,0.22171663078986953,15,0.0019075866924838313,0.13145571369459239,0.007532035409216022,0.1395626324888608,0.4065386744847444,101052.88291413206,0.3794492749481276
817,52.32328598483128,0.8455280223324013,0.8816790453008618,0.8952434455931136,2.271442853629681,1,0.004399750868337179,0.5763459711230265,0.003429183925141902,0.4706648805559781,0.006363927364697619,291111.690101643,0.3637497534201304
818,24.765232393916794,0.6732331856877053,0.5492910337887593,0.8542398173395075,1.5168802700946131,0,0.0029760779507841196,0.10741280133987605,0.007904693416250911,0.1209988346327386,0.19691620135819918,225304.5642786333,0.47192819115015505
819,67.01208467458943,0.8789063031469238,0.8478190575391682,0.8919096074023204,2.3388660878267475,1,0.0022233992558794028,0.2566796061919763,0.007980404560927334,0.05843085594482684,0.15377166132058742,283956.395408864,0.3481951583499398
820,13.918018108950179,1.178936271533141,0.6493703553092453,0.8721868320571441,0.8445426411809062,3,0.004426166939235835,0.7091713147147073,0.0015167201729250057,0.17507697480592768,0.5758448108361883,219471.40100747522,0.19388344626775497
821,61.53616801162274,1.0277959212057972,0.8255841796801104,0.5337317156141684,2.996747622425685,0,0.00028705957180871094,0.4810416873269246,0.008359990551445831,0.4335900365983354,0.004849105407359833,198025.59845512162,0.2123111862072924
822,12.199006489450436,1.3176501965607337,0.8769266274037495,0.9,0.6388173465350323,15,0.0017080888424007832,0.6176811181334131,0.006963076688973739,0.4915039302384787,0.12022314208993964,142530.281487729,0.25901607284584266
823,2.6194540281717296,1.3667584002174022,0.7957295058952507,0.09999999999961162,0.056313846739174334,16,0.0020937670941794735,0.18793798863232664,0.0045703058348391164,0.40091995185580265,0.3470464493308823,185966.53903009574,0.3638597589621258
824,1.1040479590867154,0.7007225798360892,0.610531524896157,0.9,0.29306496387325315,15,0.0031197881278849098,0.2531661838936378,0.0073591324664284774,0.4777164676255491,0.0022182433550076873,150209.88206852338,0.03489336842744869
825,32.45715338223256,0.6658200609942964,0.9751414609195901,0.9,1.8037141462905146,15,0.0018144043212157156,0.11267148333939656,0.00034867500751600714,0.08413896752095909,0.12318981617828856,316826.0440252109,0.20559391465999236
826,2.011978773451464,1.1889794612222784,0.5210743164133165,0.1,0.3608721892859519,17,0.00014891302357997557,0.21815124520276297,0.0017827587610371636,0.4461296478892822,0.35141183545906285,142209.1022284855,0.1814399670797645
827,9.021595759775389,0.6606872877209544,0.5103161734679129,0.757583153599236,1.2470542967432519,12,0.004214485662864984,0.8240516076684868,0.00025888791660133717,0.34840261812883955,0.33270297309442276,188741.59776576562,0.43411363760253685
828,61.86391618769964,1.3425026937515558,0.6464347414596212,0.9,2.68965484928567,15,0.0012011295894013229,0.7380646047480234,0.00662604171637468,0.4723460251663294,0.06658140572182807,331972.5057721413,0.2335644271699549
829,18.071772653955865,1.2905490528035752,0.5313812093204021,0.5022832036760679,1.07893684675369,14,0.0007225890129333301,0.8355321471480688,0.007959236259288557,0.12009020731077126,0.5289982770400556,399262.37254906597,0.5864900891588887
830,2.1795875471603843,1.3792833862642095,0.6173838266885767,0.09999999999999984,0.19674374900452923,17,0.00023145286420382793,0.5736238066049442,0.0019315665349485913,0.2816701207925818,0.3597294975647635,199761.69661987212,0.23313536233953236
831,27.30138269472792,1.2160507280533461,0.9189687161199755,0.8932958162470711,1.163587661360253,1,0.004257587440539846,0.8731266613786659,0.008864051163311727,0.12834165954463417,0.03195538504179922,184857.7934436122,0.47585679574053347
832,0.7161523979515536,0.5583857368729277,0.7441346265844673,0.0724758301527229,0.27186087371763484,3,0.0037566645357546896,0.5983108296131031,0.005116127246424165,0.26433625477462563,0.39810131914117836,230613.5339522295,0.05803054409438726
833,6.9538952040689255,1.1250587063652824,0.8435119388905234,0.9,0.2261844660556561,15,0.0024742127306912384,0.2780851397216967,0.004039413401850689,0.4629570551335327,0.22432723280255049,182983.40252038685,0.2839176937610591
834,5.1336109611854654,0.6827004470443133,0.9143207665719435,0.8922341370475289,0.0725786788345383,3,0.001979801927204127,0.3100991808717654,0.008892653848990616,0.2985440817765026,0.13171576959588208,91713.43614387415,0.3545497466873003
835,1.04472554571646,0.6208972839747404,0.5403335116924572,0.2286689304007005,0.38254615346751064,9,0.0022228043244134203,0.34883870888986385,0.005860424136067718,0.24866896220120172,0.33033118434887637,199714.3536914092,0.5619443551230031
836,25.996557284103474,0.8680574978199656,0.8861621433408609,0.8803707877842777,1.1464361427128353,5,0.0015854436185096267,0.3750152876303379,0.0018366790234655179,0.13988148782285814,0.2805305932425215,216352.74994647788,0.3764642336849916
837,30.355033821231267,1.258343050268206,0.7461396749495931,0.8937579028214033,1.2976749787427706,1,0.003218450168812692,0.7179923015457481,0.009269728896141267,0.07625228155952918,0.04945110661320901,194909.73925942386,0.3907593630609973
838,0.767309547134024,0.6769816905826076,0.6580358204246413,0.055981713650910245,0.5836306620764288,4,0.0015139265558956868,0.7432300627470794,0.006851216331587805,0.158998341557398,0.12018395811509117,92250.04326349747,0.052095719594804656
839,2.609019757974912,1.1771450209957868,0.8551140828482828,0.09999999999816912,0.08976481399439595,17,0.00456195645939221,0.05725379664126537,0.0030297678128209738,0.4164851622500807,0.599043058700856,399358.62574068335,0.4263291562078899
840,33.332791147728614,1.0219584024103392,0.8145480835863019,0.8854508765917722,1.325847924764151,9,0.002360283966978104,0.4857499270952003,0.007623547345528857,0.1001621372757038,0.24345509032247056,209219.5652623534,0.47204566991431246
841,0.8163627083764896,0.9269944266256009,0.7475961682331692,0.36016734230887937,0.70581625284921,19,0.00392998025388494,0.6939781043561367,0.007238977995911667,0.2468585345157235,0.449482245191373,152616.41674837083,0.24452811818026982
842,38.19162701868128,1.193117959407991,0.8350118091738982,0.8931128492928267,1.4633278154553397,5,0.0010483189751407853,0.43247614521535116,0.005606545832377192,0.20610907864053993,0.11270793123003676,180183.94671869674,0.4772297841360178
843,4.05973957455911,0.5087130386368944,0.888992664786034,0.7754708518783283,0.2794619868240817,7,0.004171577258312216,0.33884890557577485,0.00422051579233935,0.3523085187653773,0.566012400706731,121070.60505288107,0.3507299846821474
844,11.674020860308277,0.7934715630729465,0.5111551233562616,0.08019690141502282,2.797067375546547,2,0.003926896375078923,0.8338225619365612,0.0015792278328804004,0.4777396464891803,0.3225624038262838,329165.88947896624,0.2479875431215504
845,2.0915305218490388,1.0470535443461748,0.9161334826620312,0.09999999999862266,0.3071634774443494,17,0.004900870491068081,0.2235739257662651,0.003936829658105276,0.28121057295519036,0.3618016715962537,281548.5782602925,0.2048478116484926
846,1.9673667144812832,0.9063817938797396,0.9294770215915875,0.09999999999741016,0.3593038498639416,18,0.0004666609122569307,0.1386662008140437,0.005551422414313846,0.04506780243250104,0.34170900715263847,114764.27395067539,0.12111982010393452
847,51.42099751074899,0.5625419320181815,0.9622373868914631,0.8896449898784511,1.9103947249519424,5,0.0014194461942863357,0.2480835120934225,0.006612720437480041,0.06289033333727664,0.11201526313572556,236356.26322469354,0.41652448435116335
848,1.70148139942846,1.2737366126390635,0.6972133924642989,0.09901403810197845,0.37768618464352083,18,0.0007855987574233173,0.14413235604589444,0.005387707541236365,0.2547780369168303,0.10309543010639577,245930.13766061564,0.043897376563436015
849,0.08343704029429806,0.6169390550509405,0.5987249623886007,0.17271321779378215,0.23210812049766683,1,0.002161287281342384,0.6532208719482552,0.004774061241595994,0.3137434408835541,0.5194196963599906,385630.9650029838,0.05057016454268847
850,40.13285998931386,1.116352336205995,0.6322116692127087,0.47385795068969605,2.084834476957412,12,3.771282216481878e-05,0.17128818987959507,0.0006865019273355386,0.21764134983926145,0.3014850126956643,267997.4250864335,0.5641010102859519
851,30.846472192689678,1.2913154523213413,0.7208981888152198,0.8402384376434696,1.3376534767061068,9,0.0028808756950863034,0.6766971042561328,0.002914722260688814,0.4440672145178992,0.5461815233643162,248274.08153746475,0.4864638411673581
852,10.160609159590487,0.7677038546799222,0.7942532056215867,0.7784167976325795,0.5197998925120221,6,0.0040500188317581605,0.19885734433527918,0.00252889143479468,0.4529833715434086,0.42698876019871285,304101.29271182884,0.27922090816945794
853,11.990034912550227,0.6650998870184259,0.7729353276331454,0.03703749392684835,1.7605799626286922,10,0.0019680598123026968,0.8538342571788639,0.002434967812978782,0.4391536081897329,0.5464998572725654,226505.00866094822,0.4426139322290211
854,1.5373668424433624,1.324666700214665,0.8350611164326825,0.0996554510215929,0.24772517596361723,17,0.003612185741228778,0.23466663861592113,0.004960201393382381,0.4964231692856146,0.17513375431294856,280986.6250461043,0.17152800344458177
855,79.60964558784379,0.5947021048810731,0.8679387585384033,0.8975158265512476,3.0729822814430436,9,0.0016304026733582862,0.43329558588648764,0.0025650278509658,0.26785034873320557,0.04592018167106893,398501.24208624853,0.3361660978311752
856,3.3567892111401827,1.1747625270166513,0.6829546726119198,0.8334870166578826,0.07610946179319784,3,0.0037299142070450595,0.7774071731809008,0.003996909561945928,0.03504655985373776,0.4166914284629616,103422.55744663863,0.28267881718101756
857,2.101584305802554,1.1738084250526204,0.7326844339180839,0.099999999999888,0.3060079491366434,17,0.00034165173737482597,0.5161642593031317,0.0024608214098970314,0.47650865931607866,0.19626621754599616,373483.83220787183,0.07766280299699871
858,0.7120298528731026,0.653530186076807,0.5086717412721701,0.03507254975592859,0.35699623112921813,8,0.0005030253476991832,0.30002295565253995,0.005369805639068726,0.21369926601032227,0.5049375198544556,342536.5406969592,0.09275089850846494
859,1.777540692180437,0.6381468295797124,0.6718817550347098,0.09999999999988973,0.5957936226478358,17,0.0010837538301587417,0.07927811860132619,0.006766689101207056,0.13159825479810924,0.40642988505923267,324348.4950332894,0.055775326908538966
860,24.23286071861314,1.0769109703323687,0.8438770079375758,0.6839676653920161,1.2427621761303462,10,0.0044851008956426006,0.38202563067372663,0.0031178262965207365,0.05463517040875934,0.4869070955643406,347680.3651685486,0.4210779945416454
861,1.875718219905203,1.3359384970719352,0.6798294576719631,0.09999999999999971,0.37120408426379,18,0.0011930823452310894,0.12767846557224294,0.004245743168726894,0.4949665937337516,0.4602685430723639,327171.1024699104,0.012752782320321846
862,0.1485279433239682,0.6985110667561794,0.9234973076460475,0.011503531948683407,0.29519942644566255,1,0.003984722363691834,0.7558830664641593,0.0017204347301566182,0.10851220988248196,0.40136967329608564,141488.58232488518,0.20889881904505683
863,5.179593478940991,1.0058487055011673,0.5909828172612429,0.9,0.15803900024128903,15,0.0010359930172090953,0.5104472554162467,0.009392286118547685,0.08677786185765135,0.19628487969642683,114458.82514864046,0.255251205879264
864,6.634242425154933,0.8619255407794824,0.6517953062485982,0.9,0.36312221431005487,15,0.0019462387044223643,0.4399595419845116,0.000706862026428572,0.41308989905472904,0.10417293465880108,194104.4242939182,0.1361301921492244
865,8.664119851180624,0.6967047696559663,0.6447364393504087,0.05147270708147181,1.7196542429733357,4,0.002994546047874766,0.8856371189795669,0.0010630452192551233,0.2820053192369051,0.040398761118024804,198073.58752236114,0.3934675473578761
866,151.7383707840158,1.3631312339400508,0.7879362296736989,0.8932499917713013,3.608247875467831,2,0.0049070887663405695,0.6418680610528635,0.0067951101977326445,0.48701242083729057,0.10287546628090805,352148.810790074,0.5944134596296556
867,15.104812876476243,1.2955703289722098,0.6526241480518157,0.8715449805749538,0.6569661884335152,10,0.004257845285236983,0.45981082213957947,0.003384296920341294,0.31601066141343503,0.381212071009202,186254.89515145074,0.4192952389898117
868,18.8095960385645,0.7091829296430798,0.7819849027560799,0.7933342399927172,0.9776414718323626,9,0.004941910131375877,0.2477150188239765,0.006182669312145287,0.45148633039225927,0.3843551728508498,202358.84788280993,0.3551717795048492
869,7.390104865472054,1.0577896056432325,0.528763047948678,0.9,0.47467283558959317,15,0.0018729308806537317,0.3021225208171458,0.0015591223246506746,0.1260611051452032,0.45434744615947775,316132.2508537718,0.19222069091702867
870,1.8916007784874522,1.3512888476204394,0.8548427052879282,0.09999999999994541,0.3692840766131616,18,0.0016437849144098752,0.28640747681191453,0.006453840612473787,0.3874321246789061,0.35884511316665124,375490.9246571265,0.03236496217889888
871,0.24672369000074088,0.7596095940135108,0.5113727995002628,0.24678465763091115,0.3219741522533083,1,0.004234750760294491,0.33157973171263294,0.0024603773880592246,0.28347652349930086,0.38882785504777967,392821.6014263472,0.31731498716138345
872,108.67524149355721,1.11861485486217,0.845361065467992,0.8845531547972558,2.9726174574604456,9,0.003040511956789289,0.3742630324754948,0.0032502880612483433,0.23790961836276783,0.14900282979660542,292801.9261083037,0.5449129140483596
873,0.7880521884915713,0.6732189025498642,0.8044961404514761,0.4350238133715467,0.4922899879506263,14,0.0007080892883457501,0.2235870108509574,0.0009630059546088756,0.308536406069682,0.0419909519865864,358357.35676680156,0.013565169260829357
874,1.6827653006213603,0.5703480622441756,0.847994770289925,0.05040448127524577,0.13334728006305754,9,0.0015576591175698637,0.6634227008961575,0.00248700333438044,0.11292468730174064,0.1417860769067312,378180.0608739217,0.5004203183888459
875,1.748992996092771,1.0720433949028023,0.6304931766835171,0.09982537357527749,0.4105331174780653,17,0.003906553982627488,0.11801357610792816,0.009726924244521859,0.2171749023908914,0.2689627154218814,171312.9248056932,0.1568919639947222
876,2.015345025484951,1.1614352940774517,0.8649557429166261,0.0999999999549702,0.4112622841913799,15,0.004098109237494399,0.7245248109825001,0.00024712021746632775,0.2092670764839405,0.30317553256181273,221240.34267114935,0.1089819624850225
877,52.02000361980971,1.0356650254389488,0.5733433802825885,0.48367558220041984,2.6791879763335067,10,0.0036333778515823837,0.26869796382920963,0.004663329785266372,0.2431934597575374,0.5529194994281152,322834.66316808946,0.5138849040799393
878,69.36202882863132,0.6229907143367606,0.7252440709914532,0.9,2.7714276186306916,15,0.0007740449164971827,0.21118194239998955,0.00017770100886723702,0.26532891007716397,0.043163789808306686,273928.11413012585,0.23133666211116188
879,2.414234889299665,1.346256486737614,0.9658364656288408,0.09999999999999301,0.12305080064608803,17,0.0018660379160493248,0.4661184471967756,0.006428434782667789,0.30650523255378115,0.5554146427623338,237265.18965853512,0.43795377180585343
880,1.9747412693021893,0.8463434103050573,0.7714921241844739,0.09999999999976036,0.383983846820414,17,0.0009715438875919043,0.42085325355479375,0.0025898212483088682,0.45915041776926346,0.5529619490704425,92424.60725896944,0.25118467511348236
881,28.161176332601748,1.1196404556286519,0.8342985977806018,0.8317902417322935,1.6640023689690417,1,0.003254706220373311,0.8375409428807667,0.007369858845737417,0.14390584852197028,0.29317310587307693,243074.67629701723,0.4361247231488035
882,1.8400107064213664,1.108783038895059,0.834786282774242,0.09999999999997794,0.45663377801339333,18,0.00322684501858687,0.27213109370038124,0.004581934163312904,0.35010124764787165,0.3785716282124472,340200.45128205844,0.03035946751882463
883,11.152705007695564,1.257364309916531,0.5059219459893607,0.9,0.7579762372398231,15,0.003854975441530219,0.5977377821122709,0.009172984388278871,0.21690345311055176,0.5710669472632021,272687.78462014627,0.16002994035165558
884,52.52921925588988,0.6699409267932589,0.703013532754744,0.8037940444621836,3.060548589256537,7,0.004148832950350969,0.2649405500893389,0.003057084681327908,0.48481121257397986,0.31112222631252917,368318.60799872474,0.35583465289135197
885,29.99466491735597,0.8704480929465295,0.9206722256814976,0.8301133528457647,1.2955828344204359,8,0.003638396570881122,0.1255424234485846,0.006379993474092233,0.39504482399553764,0.184787319901288,202492.35531349125,0.39850677537265433
886,3.977134559402987,1.3370151793469578,0.6910257054531895,0.9,0.11826493654571008,15,0.0015408476638205223,0.8889716691757655,0.008173074312080789,0.03074193146474071,0.4492380434700498,125668.31414466222,0.21319175929125048
887,1.8934439190427026,1.0890690726005006,0.8518602732334718,0.09999999999998989,0.3942202347375856,18,0.0008535859635093677,0.3684536804142596,0.007055269606311649,0.12306964858354245,0.3149771932520374,302821.3463254919,0.051206482026791136
888,2.020573084152087,1.2329334094473423,0.5891062600646287,0.09999999999999988,0.3649947444125661,18,0.0002953808337018171,0.20531998938174417,0.007603688615256951,0.15189540074754612,0.27039647057842664,383514.65966758307,0.1173707555721857
889,17.05087113389099,1.061979310201674,0.9168137561193714,0.8057839598891151,0.7896672567698831,3,0.0008310475999639116,0.29915674755611266,0.0038083989496572445,0.16007823534461366,0.3761024277492079,210813.56868918048,0.5423412404526261
890,2.2699160475199043,1.105524133030178,0.548388388190889,0.09999999999990875,0.2799230018407502,15,0.0003057518062313695,0.6890288920099412,0.00012190525062349907,0.3037493608216,0.28673827120003553,267406.8480367187,0.21186963146554919
891,1.4304111480393673,0.5065357613421918,0.7894327384951381,0.00318782570687344,0.565616070263698,10,0.00493449076375595,0.6971593746987017,0.009324677389748135,0.25241893809846394,0.31340072657966556,110989.39230696761,0.5926951121143774
892,14.48360674311173,1.3011369765458234,0.9797336649247066,0.9,0.8954909939425086,15,0.004084327536634097,0.849842389725365,0.006667528938984795,0.20786477816909743,0.22247107333776348,217425.15882623242,0.20884768125846395
893,1.6194134959552409,0.5901596263257876,0.7193212444920831,0.09135003157719958,0.8070868865090725,19,0.003491692194330252,0.6664371591814456,0.00888530698533445,0.0952656228249505,0.19815315219582705,193929.3548418937,0.04377251092664883
894,102.01321409062372,1.1293381592355352,0.891224844152466,0.9,3.0828983209539085,15,0.0018424652607132823,0.5755989412461009,0.006605817246474609,0.2533437309563873,0.16768051811037332,358081.69014603936,0.3651264140941781
895,2.203512852178493,1.3617924284021847,0.8900571429330715,0.09999999999607735,0.05808577664108772,18,8.364320540479991e-05,0.3561747703136452,0.0005052551202289443,0.409552171571792,0.5917088432821925,140139.1792371967,0.2537446897442248
896,2.126353956843343,0.8601486717558218,0.7940443258069529,0.09999999999838743,0.3134060465438865,16,0.00040730547166612456,0.41372883840070684,0.00931826052120106,0.467496916977892,0.3640578097903854,222177.9709662405,0.20205986767991152
897,16.385061686133685,1.1608499686894764,0.6410542271393793,0.09999999999995633,2.231848473894247,12,0.0009757872375164471,0.17168722815349627,0.005224541567031504,0.2987895337409162,0.5431216572245465,354272.00007319386,0.5922541634620726
898,57.41277160176868,1.2171386843799121,0.6446471863950042,0.8932559571467374,1.979214875619408,1,0.0033654742718378125,0.516434661218052,0.008754118480493801,0.10898484014952203,0.0767168126907574,241483.71704040945,0.5155135401549392
899,1.1664197090023558,0.7168114522026507,0.6015875941649663,0.15256130215014138,0.5528503737606274,2,0.003766385977447609,0.6107833370188076,0.0009398465655701105,0.23439990123271856,0.3975852662652786,117017.16537992607,0.2733091531953232
900,2.339482830445676,1.3123836669708848,0.8678282354367656,0.09999999999858754,0.015475949571269156,17,0.0011022699868270408,0.2689842612746564,0.004789208063240823,0.45183011535691164,0.5573804154686665,131275.28888941638,0.4323014420810405
901,0.8332530270784281,1.152872965803466,0.5434120421250122,0.1844523143739065,0.6986591085626457,19,0.0034590768490198195,0.7911495159583932,0.009321210553727465,0.3901785717473054,0.32072598174310407,123442.05837902112,0.08262788498871815
902,53.756112795567134,1.1456984607031273,0.8532811941803506,0.9,2.0246730900317176,15,0.001908561699105585,0.5957868722626537,0.005640904451639708,0.432386275495382,0.22620619346276125,286075.6929951329,0.36440085804576827
903,1.6574621057440002,0.5789123065787871,0.5427869248637123,0.09996656793046545,0.8856723787827405,19,0.003703035803591507,0.8466290530557402,0.007458946635372761,0.0845699252131159,0.06941397916217071,151536.26742146956,0.48698401434486205
904,2.037272996865226,1.0192251575233495,0.5008056759028396,0.1,0.3686041890023235,16,0.0003098937406130421,0.5052625843240247,0.008478830036610723,0.4905292641307286,0.5724411713191647,353065.69889395783,0.22696484532338604
905,1.9891716959978225,1.2169087723916516,0.7494806635275224,0.09999999999999834,0.3716910588791978,18,0.0030082873846708578,0.23882032365052425,0.003983358219202054,0.2829976833657186,0.40758130222823535,196807.6295793489,0.19858936358284748
906,2.0326448898476728,1.2534949891046718,0.7399196792125019,0.09999999999998103,0.32588186359088167,17,0.0022791947604645273,0.5612456015563302,0.0015014134510103335,0.34271483100272637,0.565733945206509,126304.25170933711,0.2817556343704199
907,8.482660355492657,0.7780022841106369,0.9753608537504672,0.06298947237788544,1.1383330786506267,13,0.000617758331459954,0.8973213137724911,0.007079896565236306,0.25479289104496106,0.3593281849628956,304949.37904916727,0.4827621354786549
908,22.91725652208039,0.8390377644667872,0.9709485416777497,0.8700600917112797,1.4601752020031755,10,0.0016660561611908289,0.7537019901666892,0.0021456002025924317,0.3743493082313497,0.4224842859796987,238408.16805719162,0.49892550958146137
909,121.71711824071475,1.278888706106207,0.5859297115449147,0.8933323931807522,3.259561165406972,1,0.002437779505682093,0.38303668427643556,0.00984467594444283,0.33984764612329665,0.031539782538225536,304130.3723710193,0.48814700478905676
910,0.7302657317320419,0.8036691328897603,0.8253913693669614,0.2638809013316731,0.7051918870789823,0,0.004951576342715782,0.6940570572961741,0.003941077792008526,0.2780868841825027,0.3287657457245241,397140.22879973846,0.5106257652038634
911,3.6646386633767256,1.270626997897096,0.6890107778214916,0.599199540646662,0.017219136979471514,10,0.0006549379668007132,0.6894265079690951,0.005824817613625985,0.4083837396311607,0.11705530599255262,302840.4210163683,0.17699352328922452
912,1.483969787747103,0.6473250211733703,0.5660292605467453,0.4986178317064719,0.16929581332866467,9,0.0034799296520014655,0.2974193339246166,0.001490987677776628,0.13252414232528556,0.27451950008258513,307068.0101014948,0.5113877351686321
913,64.92301443146117,1.1533617606053288,0.7763274065325778,0.8870068196810571,2.2513483405522368,3,0.003391749871180233,0.8902115596805971,0.0015186743192131078,0.4766871325810943,0.005479508767541219,315302.04689797875,0.4515456854212022
914,2.216700015292716,0.5864429587127675,0.9675962047834721,0.09999999971659994,0.26893300279148896,16,0.0008985745804819719,0.0946012981216968,0.009803753760297447,0.3355459682575489,0.555591202034048,349331.2291341374,0.26199552804881854
915,5.846732531407834,0.8635945962406761,0.5163165573554129,0.12510300378840405,0.8841129410990887,11,0.0012046566777939023,0.46533200969760236,0.006895441853864095,0.4786410209616191,0.37618352795787335,390312.63148443296,0.3601015102561909
916,21.095690248466855,1.2157926887546648,0.8160890487060946,0.8709327777594698,0.9596955147479771,10,0.003888765190177687,0.7851614210416815,0.0065205938175462485,0.15935153892037826,0.41507690991981605,200118.92503702594,0.39515021048238974
917,34.223452626067385,0.5743732915062189,0.7348248516610002,0.8454042139210723,1.8069310096029565,3,0.003344126653082207,0.48328622312243863,0.00027911627508075737,0.2993014971468909,0.07200023137015536,197543.37790394406,0.39538532959386546
918,12.63128121913883,1.2149093429266742,0.5869263650797363,0.8996863111446657,0.5556773121608048,6,0.002421215290753327,0.5979071516344431,0.004364881962677205,0.29856885670767075,0.4472155768925841,167591.93824225865,0.34785203362184786
919,1.8531473417245496,1.215702344356179,0.5887471273136038,0.1,0.40652894447148863,18,0.004064433252244138,0.06678443018143664,0.005582798629878127,0.28211589119011937,0.5453283139864079,100319.45637170825,0.0686703404924653
920,21.933241877539405,1.0262493855139883,0.8425995796400103,0.589567316412158,1.2296805255967567,11,0.003950443428584765,0.15547592930854842,0.007542232500495496,0.4838700905407497,0.3113406695595857,236340.24396880067,0.48919579262101437
921,11.48567241229388,0.6619438007830947,0.7662664489051088,0.6894216592218122,0.6973766575042469,12,0.004002664602691853,0.15458850773626331,0.0013317191054825197,0.12692805310145788,0.3594615639532322,137812.5354337774,0.5395853559614895
922,1.2040495320843885,0.5315047515641844,0.9703656487156764,0.9,0.3239369863466411,15,0.002530988479545268,0.35902569458883055,0.005467050145249454,0.2288341238292936,0.5108700636911484,259998.78706159705,0.10511405454437688
923,4.549605296046135,1.3515931543053323,0.7493326744006378,0.8915468554986167,0.02132379316881619,12,0.003914117719157319,0.6102839414327371,0.004476956861403269,0.30122359052679026,0.18035998663082534,80027.38058170574,0.5676848059767039
924,5.367305246376218,0.8169054131623723,0.7583405536791933,0.09999999999966169,0.6265143741185782,12,0.0010495926083088484,0.13415776165742005,0.008206644792073359,0.1414371671323847,0.5916117131566874,247253.20317931924,0.4201098817186971
925,1.9604670636041852,1.361680635219717,0.7890293057634972,0.09999999999995117,0.2816947847626543,18,0.0010805918173947917,0.3552053878887471,0.0013284965433522223,0.32248698903878814,0.4995766828144174,175906.9534685258,0.12096345412421017
926,2.017572261264519,1.3132939401789563,0.6920285002806226,0.09999999999999563,0.3143605856746067,18,0.00041672875360570854,0.2660524843264134,0.004282166472114497,0.35642222432289006,0.22906938783721148,161589.55874603853,0.053872199091394804
927,2.1762930151510593,1.3958233421281565,0.834465408249752,0.09999999999976077,0.1570574430431603,17,0.000963540788209942,0.36632092057984933,0.006590314627403933,0.4156388578591562,0.4396049392345533,102578.57472793624,0.32618354857131915
928,72.14603835083102,1.3932040923014704,0.7081410230837174,0.8806339067150356,2.366601808512763,4,0.00013003636078988344,0.5630661596385615,0.0008213697399031073,0.08857197522961331,0.09209484599393751,214299.67122451734,0.3669173684476719
929,6.543008407187071,1.076159740090942,0.6741533526512815,0.9,0.6425745426576827,15,0.0016679199843404123,0.2822650520084812,0.008695110937141395,0.1361097703025787,0.03957561550747233,255478.0111474544,0.074894178163616
930,1.7446588098715052,0.8407691162571651,0.5504013101437102,0.1,0.6335927158949002,18,0.004628216483521876,0.19937166644263504,0.007296857778812524,0.17407829014024667,0.5812640915314505,200689.9141776209,0.015819366259788296
931,39.14630543017435,1.1304099821667541,0.9153912077498318,0.86777659959311,1.5145866627502285,10,0.002757935388733702,0.5663469026551115,0.008970873920822402,0.11025128580226227,0.3173760712842652,236677.95204053057,0.49459251698859713
932,42.69034630167058,1.1671674244853159,0.9646401362016703,0.8788568872688184,1.567485025213813,11,0.0026586448478555873,0.555424431709334,0.008503818660276979,0.2541250783084762,0.20710373285152758,204660.265876466,0.5684410803288595
933,0.6931573985655566,0.6399421542272465,0.5606568127012377,0.18143909589110405,0.45136649222861874,10,0.001894313922669888,0.675109018588546,0.0005760030231512659,0.37094705820397234,0.30813925138066406,83039.19002213082,0.08526759984229507
934,23.731440719170106,1.0478326914937748,0.8392576460520742,0.7505381747343096,1.0341723556445208,15,0.000915931076720957,0.8883093342252165,0.0079947655425461,0.26604774545733056,0.14946697657502542,306400.7729948238,0.5849549095957645
935,1.8642371610545396,1.2932489390032793,0.8907311602667478,0.1,0.35844042101951973,18,0.0015262845625010014,0.7792332531802426,0.00947717375264564,0.22106194870301965,0.5650062056711322,216884.82647083915,0.17273555488916956
936,14.344428281096782,1.156957727045067,0.9535361352931271,0.9,0.7109288477786307,15,0.0008259830712251054,0.09879979395789912,0.007446924096675337,0.290455094180307,0.047684920176982316,108844.98985928697,0.1945147783211984
937,48.59475494475311,0.8815852612952124,0.744167533871322,0.6101196276349214,2.832560798230955,3,0.0036541214329382306,0.45770755539189584,0.005174364296100753,0.4990385801202346,0.5772997987943739,359792.94779466314,0.3007818145820847
938,77.02658077079768,1.054657946312171,0.9372254747083095,0.8505796479368122,2.540915091073422,10,0.003729713344875333,0.6570360620411639,0.007040787552047758,0.3823439376963562,0.24328287101045362,303322.2249142923,0.5339675149628632
939,1.8454694492805133,1.2410270541850559,0.9225593100009252,0.1,0.45071910952581073,18,0.0026407930353809037,0.5678145672083094,0.006093366786942539,0.483384270364122,0.5705210339447511,316474.60856717615,0.15409348574721027
940,1.397512075060869,0.7025617201427576,0.5360587395443354,0.2804744007414669,0.748015108458345,11,0.004197124971080775,0.4866318114124074,0.009527211842361988,0.2286794663435868,0.31410984949975584,362217.7809803735,0.40796807936436946
941,22.494551008686113,1.3226406575080518,0.6198873072805157,0.9,1.2128841181136327,15,0.0026958285526369505,0.7014518244500103,0.001222760736839057,0.17061365669271794,0.06794010551851357,199450.7836573801,0.23366591185767605
942,1.6265215938116397,1.0119577501286514,0.6043823334803213,0.09999999990413921,0.4755024587486482,16,0.0015244465872576865,0.8431447272394947,0.006447587672840906,0.41809187211026544,0.44281543328393896,148181.10228117538,0.18319157329352914
943,1.6191551064050715,0.9394398149233092,0.6707571506710927,0.09896583008018393,0.6049418211201291,18,0.0030778434770557224,0.32926903108952976,0.003571232806639987,0.032422573226460756,0.3706492149011125,228178.2338440273,0.03090318494956553
944,15.856189982751694,0.5912040009179966,0.7361821372421185,0.7981522712938344,0.831890399479745,11,0.0004241765249574054,0.4871708096096922,0.0015794211304683578,0.08820604480178118,0.21271939430622935,139570.46604649563,0.5352158032077239
945,3.104998412328381,0.7034857096048355,0.6897722364937405,0.09999999979964844,0.15815634322071143,12,0.0014967751205958147,0.4140902493772236,0.0018627113013524742,0.41142561142635636,0.3939800675964419,129801.72817575358,0.2975731712883499
946,1.0336534464201548,0.6456508705458563,0.6697941329971233,0.1236857115437538,0.7119718692076559,19,0.0021700837934020773,0.3553512342351661,0.008711614999597769,0.12327837044010198,0.5036144767970892,220343.06205816183,0.07413004579937348
947,2.1110950663854875,1.1695315882421444,0.9324789489445919,0.09999999996770313,0.26584833230941574,17,0.0008019823491960089,0.21914313551872566,0.004818985103063311,0.34266416081768636,0.23672760317201508,92882.01840801317,0.12184457062252503
948,3.240052802467608,1.2198380769309611,0.8428740601328635,0.9,0.1426400842174093,15,0.0016247760487725883,0.6997338031477247,0.008823576982161152,0.26587353379441375,0.33007420373961743,214750.50327555614,0.16682177588408778
949,71.30171022778545,0.5987595056139732,0.551782200787233,0.8212004606429563,3.132535305828945,0,0.00010625045742135365,0.18221069047229338,0.005025009267671458,0.39067092717949825,0.23330910413600947,349780.13235483004,0.5549011379310264
950,2.055451528341943,1.3787946741087596,0.8539671469021877,0.09999999781114417,0.30285741584334175,17,0.0021719254104176533,0.2960466346881528,0.004884995976627008,0.3876229516536549,0.20528459890037049,297059.3019243139,0.1495379117183648
951,1.9033504150435971,0.7245201077537606,0.8680292503178835,0.012495623905231984,0.31294252427464436,4,0.004320901944704516,0.8951185013786882,0.0025111759899555737,0.41568642565388003,0.30674390131321655,128798.63197624343,0.15617090653174936
952,1.9096353046176888,1.1310304586396445,0.741120292941691,0.0999999999999936,0.3865273876823685,18,0.0009063506533931984,0.8936689181375588,0.0059324021798195965,0.3282042801372801,0.48597148106872234,306067.4876754687,0.12706335089800333
953,12.306795848439128,1.3913589162600013,0.9459671991331904,0.9,0.79267152834395,15,0.002131801733700915,0.5739972544438912,0.0009548075325808197,0.05394902176235425,0.02301985892889633,122334.66005631247,0.14533667341673445
954,0.921847662207239,0.708284883943183,0.6613653686979145,0.15971893162918374,0.6914873890204902,4,0.002396236590465292,0.4833841388151936,0.006456537897243888,0.1730162952968912,0.3799859850710228,178062.70289458954,0.2503053423742428
955,1.1619979688371358,0.8762667799165231,0.6535236247602924,0.23367499879455347,0.33736974346135684,15,0.00023825819281613267,0.08475575968962559,0.0005686998383796656,0.38003471099712405,0.21061470826678988,169777.90103673632,0.16885519262038115
956,1.5620765000079115,0.5906855299161133,0.588723201461779,0.04911654787635106,0.7538905974669087,19,0.00474166676471521,0.359044056267588,0.0030783491157718723,0.07553699384931728,0.545089184969016,231058.61253776393,0.1350667551035956
957,1.7197084095469908,0.7980905601718413,0.8558202093006441,0.09999999998585425,0.6122475395586479,18,0.001807244125338559,0.7119870614303232,0.005312177533037233,0.20464837396128874,0.517184562073535,256565.8325444785,0.01806033419778414
958,10.878954780394606,1.2984744198302103,0.5626329945190858,0.8710730496379722,0.4274118927115042,9,0.0037130658900281395,0.15230119515123286,0.005886286488062779,0.4587231108955997,0.23042961398019413,147210.65660554694,0.39364652255780025
959,4.957286172907737,1.3329505755660955,0.5359422085588622,0.8487693135174084,0.045957709742356384,12,0.002733121824724543,0.34146327343773053,0.00726723905852642,0.49513296907890114,0.4227960323353251,140938.75215751526,0.3960695441236451
960,3.801884917729671,0.6725360548227377,0.7642379273591153,0.050696401878488506,0.8204499272591341,6,0.0012630012752263805,0.7955140411514928,0.008541711028058646,0.4562029783678251,0.026286663686477852,310646.22915666667,0.1291794789940041
961,118.59091546248779,1.1455932870930883,0.93720760620639,0.8354463849170894,3.4308621233663614,4,0.00033900862513379506,0.4061535369247074,0.00931675665435806,0.26681863100615166,0.2690893320584206,366372.16893675807,0.585324432812112
962,1.41555176158958,0.616040812884947,0.5218137083857164,0.9,0.3635847313667295,15,0.002831090754437719,0.7252318231508351,0.0069533431749224635,0.378136142513385,0.41802373662957665,271729.1719297138,0.022906190071193266
963,1.9915156370061462,1.3743845758399886,0.5794487456241069,0.1,0.40267869115419047,17,0.003753763593145737,0.37652785687240803,0.007804753126077031,0.21839901093686098,0.522153431982492,299102.1693526979,0.2445213585500812
964,0.7127154243768384,0.6960269498296192,0.8344264388401317,0.021817325967367365,0.3458068120775181,5,0.004395835507010461,0.7220498456498706,0.004581637819953163,0.3626443900069013,0.09600183325364277,138901.22891330847,0.17018157148424914
965,22.870906111744596,1.1374292339508472,0.7650324420420053,0.8999937885475587,1.0092677863187292,14,0.0008559599298725672,0.08877059596427472,0.0024202569097566667,0.048372617443049035,0.1322017966048286,177091.25483626145,0.3197931894117029
966,1.8185392460160315,0.7433913699242811,0.8794982327873229,0.09999999999990106,0.5406173261240126,18,0.0032122444149041795,0.26165686317612097,0.008242932153785416,0.2812596143380319,0.556348774431518,362752.7911132729,0.09740229104315587
967,1.0738428886424853,0.8321991457947021,0.5399581549635929,0.08173724225368403,0.7332578695423981,4,0.0035274558555296806,0.5168838115366731,0.00723469193003651,0.22192115464968834,0.3630957214782474,191187.80763788908,0.010825977271056468
968,79.80201366086635,1.234329940448458,0.8954872573214167,0.5110266336878807,3.239335211172128,6,0.0010967883237601676,0.8704433447698976,0.0018085156295230434,0.48665421133749254,0.034358058687844716,183883.24495616264,0.37077439996591394
969,43.34866061297259,1.202461867965274,0.5510925116155225,0.8707464825643175,1.7510811313402304,4,0.0037289760600122284,0.37468383091544993,0.006555555951301637,0.43891212056821527,0.46691159578718344,393203.96391864284,0.3270593298809034
970,1.5825122168471588,0.6985751337694877,0.629020881190009,0.9,0.6640628505607273,15,0.0029085281656398504,0.7365730168632278,0.007541332091650821,0.1031514942619672,0.49010821778558883,256280.89715518712,0.38424026933730837
971,0.9766199703657608,1.311951329045789,0.5449717098330062,0.3155869355263421,0.4108913990715822,17,0.0009079769625754716,0.2072738192473224,0.008630404105054588,0.11876416308983602,0.22118400401622432,312411.559662589,0.1467166541560666
972,1.144410159239645,0.5189425735111848,0.5782009514042844,0.2484828424003672,0.7242018912969196,19,0.0008890824795260073,0.38506773475007555,0.006097829665013312,0.06264343624901403,0.3885385630222153,313433.59751798306,0.29940584612324445
973,1.5929355046695157,1.3733469185401042,0.5481122233544835,0.09999999999982019,0.5816100190687695,19,0.0026341293606190965,0.6677499312004266,0.008089527630189774,0.3135479527478894,0.5454786329498235,158481.22705226933,0.05250872687677344
974,2.03835734005448,1.1871011804600462,0.8093514142084517,0.09999999999982513,0.23603245194982592,18,0.00021917834267265424,0.26109150279015286,0.0008817756836353387,0.09703873471275894,0.4959373489628079,86629.09295567396,0.2329463265579523
975,1.9913610700782274,1.361855921987404,0.5510426934088594,0.1,0.38923626383282317,17,0.003680789485617486,0.3376314295441819,0.0070891847613856465,0.12509117182670637,0.5798164576712079,84319.00928592782,0.38015678214867366
976,34.83935505263618,0.6468299975741393,0.6592430334528985,0.8774977485825544,1.5347724544635317,3,0.0007729893615053769,0.09749418058989542,0.006935809919321489,0.32491835091634136,0.26659571892975975,260112.3950299985,0.29345100401495644
977,7.94803983280749,0.767064642103832,0.7455403598062641,0.9,0.8480240865052422,15,0.004182498682221142,0.1705597724842194,0.009126061273976502,0.04128040884835507,0.06168918704081516,343975.9684670588,0.08261455396199717
978,1.4915594802981171,0.703295953046693,0.9219152498880057,0.04100584539739027,0.6086801209304679,18,0.001924026664927513,0.801590326485213,0.008236709457792831,0.08283207558956496,0.39321875849446447,127160.48324897265,0.26200990555715564
979,3.0800767986775934,1.3602641616287294,0.6715077939377663,0.9,0.09614373878521248,15,0.003078675991460361,0.15059832488312924,0.009237030093750261,0.4623405935604723,0.06104175279945052,115243.40921526542,0.11003984626049657
980,115.78879797189376,0.9774325765770647,0.7878135127354817,0.8829739540686768,3.1091580853869965,8,0.0033973268418946126,0.17768703035376904,0.006689370180571445,0.1717349703880875,0.10684066606444895,273442.0422341894,0.5383960296628969
981,35.784833984340715,1.3246109198728626,0.817631223329708,0.8932693891750605,1.3992587647660426,1,0.00466444272958392,0.7391115026245784,0.007127501488081375,0.0658936615345059,0.062353537698506996,191483.41864443343,0.49236190154651754
982,0.6866758447470332,1.0902687097484631,0.6537228816072231,0.646281354147744,0.594000676955028,19,0.001953302572695565,0.6631419440904492,0.007866183635328526,0.25486304620567996,0.08918576886259333,378590.3834773288,0.011285471233809269
983,0.8243601539148763,0.7506285282239396,0.5434145688642982,0.37512186424413696,0.6496084991343485,16,0.004973861027539633,0.20459148587588288,0.0038809231065843786,0.18007841655818405,0.575751188665812,264909.7214399651,0.04971504447435419
984,43.834158793319055,1.2141514314185362,0.6600632696326539,0.9,1.926153679388605,15,0.004010803571475143,0.6058610888821198,0.0024967858103118303,0.2267700268193293,0.2483666074353893,301894.66708385677,0.26006092126637875
985,17.25950585892931,1.2392637782328058,0.6846210816512741,0.8999974059879166,0.851157557077177,14,0.002905029204552977,0.4085646468989852,0.005799870573186099,0.355944507802332,0.31948465944623594,250806.6069903407,0.303290353699482
986,120.6790769277783,0.5025794951837635,0.9770745498559299,0.8226088045822401,3.4445210113104303,7,8.626468067475374e-05,0.5246182978364631,0.009578276925379388,0.46282492735813163,0.14111584139634414,304989.86026585154,0.45148726477777246
987,1.9221114877117247,1.2800952576159101,0.8931250171876524,0.0999999999992799,0.29778947119344373,18,0.001473839091999171,0.1725192059573865,0.008540456448774254,0.48675521267749833,0.509250899475794,191791.21103491433,0.04515066003578552
988,1.657124751441596,0.5502790992878066,0.566144630136141,0.0999533602164893,0.8595834094801086,19,0.00481027890091431,0.648368427690976,0.003805734793053278,0.042383034729790596,0.4966930846478962,157599.1707104143,0.5486428062501207
989,19.883205649935427,1.0964725883561846,0.5354097419148441,0.22755613854324427,2.07420730825617,9,0.004187267254105443,0.7899054306331814,0.0003503480170780591,0.2016647825866969,0.42084105807249167,198938.95400544006,0.5792987836195391
990,1.8517844384654687,1.2323401330027384,0.5718642679408229,0.1,0.46220717806361894,18,0.0009125313454202469,0.6820242477140988,0.00749366588702893,0.3583250450038903,0.3415098927813827,104660.8949005072,0.05660604256821438
991,1.951063538252914,1.2032572171119036,0.8337185717101434,0.08690186625978752,0.2536816839267108,17,0.0014342019682659036,0.18250423558801915,0.008817513565290125,0.04509598042042244,0.20240219433891907,211687.19463958123,0.18670954061604178
992,83.72193538237742,1.2494120849762758,0.8263537011679719,0.8934668536260699,2.5898013524618886,1,0.004379944580396677,0.5210325330845694,0.008303706395384972,0.462000608137776,0.006520545764523788,241054.53529441069,0.45316842818567393
993,4.56842414164905,0.6411205734658602,0.9670987180183047,0.8161462196723204,0.4712573753913486,14,0.002607744473286812,0.8812373411537117,0.0012950768924816745,0.12957619442186602,0.25420215695254605,306992.90091351233,0.3061047381204369
994,13.689251491513378,1.1713961636900057,0.7684612581911685,0.8934937115298478,0.6429773419275443,1,0.0042086440909468205,0.7440750102591709,0.004710939152168421,0.1771991403905226,0.11021626363324352,150050.05214760528,0.37523581864713224
995,187.83426677960526,1.2230053345436627,0.8103906539352723,0.8556175249174552,4.422894353514858,4,0.0009740555812788221,0.14214074975803528,0.0008241953366166441,0.3134993785324298,0.09889461571576437,344721.17753140937,0.3887155922428438
996,1.5435427609159091,0.9874111234830176,0.5313532002398131,0.5127582418382615,0.1492108702579922,12,0.002985755223738995,0.6930432243141083,0.0031257451200340006,0.2892949472726224,0.16932415885967192,88975.63514597394,0.5094994719917199
997,4.34399760018467,1.3789968320214039,0.7711024703200144,0.48787060770265334,0.20614259998554452,12,0.002818914740465407,0.7216918476763065,0.0005045220962024223,0.17785273733592877,0.1615008074866504,90357.37333377636,0.38664948700539115
998,3.176939993326596,0.7541619618450486,0.6911054664857963,0.40793683599490227,0.07850581933033944,14,0.0009748210907891762,0.6890659301135325,0.007270596842397608,0.4877098491852949,0.2139894861803029,82713.19384704021,0.5666703934377197
999,7.002725395318783,1.1673062075169425,0.5484813839275018,0.8702312114112903,0.19264075511725182,11,0.004037567918836425,0.17765865936974073,0.005892396317578028,0.20959251392012776,0.24437193675269708,111161.54749707744,0.42456751821983596
