trial,score,deer.birth,deer.surv,predation.predAtk,predation.predCap,predation.predEff,predators.mort,vegetation.browse,vegetation.capMax,vegetation.vegRate
0,3.0590239132885495,0.7339264428892937,0.8577649249574043,0.0006770227879354884,0.5406987622376649,0.0005260002798841392,0.15548045492131762,0.05500586367382385,63001.29062672003,0.17788535969157676
1,0.7332284612321042,0.6159215818103182,0.669593177740327,0.0006502345533417438,0.34971781433176913,0.0011801590479994138,0.19731642096897717,0.10107105762067248,86236.5569764324,0.05595944388761407
2,1.0934823423200615,1.0188836369929362,0.7190876807812971,0.00015632402031196977,0.5764671897137297,0.0017493132710518712,0.07318646084503698,0.16116385036656158,60779.851161367325,0.21188609133556535
3,1.834295105700607,1.0842769639646281,0.8554061253428362,0.0005366918633632461,0.5852136701886538,0.001954818448320932,0.18801015781830677,0.12074520627337822,161699.3239616952,0.06934327536669281
4,1.588833522108168,0.9464112871540572,0.8466001426752232,4.677855927200655e-05,0.17534405160835076,0.0015180010216503251,0.06994799423090688,0.17234138006215546,134222.37028370955,0.215880932850599
5,1.6192294346756753,0.9814106665586401,0.7276912626395294,0.00037081078614976585,0.1652288669243182,0.0014081913280406554,0.2841636469281235,0.05559472062201842,72120.17152916749,0.09655817727220604
6,20.134290295755186,1.0374760787702095,0.6571908728166749,0.0003800759863158902,0.5942378428501274,0.0032359988232850546,0.18923743594366155,0.0342277296396194,133095.72068003856,0.17960707704931872
7,7.214828829049898,0.7374288431784626,0.6112350853664132,0.0003161375950110229,0.1972574817866365,0.0011338159335729998,0.2857274285837636,0.15519998230924897,161142.23042277715,0.18692285019797494
8,2.012450320625015,0.8373791406363985,0.9200916564091901,0.00045939300073481146,0.19568409157392885,0.001308474787700519,0.19034203354078771,0.131087733058976,97761.34569581735,0.22527352529453376
9,0.7728038584913699,0.8396403030842383,0.6767622657050492,0.0009975400688886152,0.3302394615220554,0.0005454561196515901,0.061779093856183645,0.17956457672049542,130150.31882682486,0.10254832170458705
10,0.9956076011805697,0.8532959800798103,0.622234697153185,0.00038223766722003026,0.5978667591320532,0.002692660290985771,0.29276959440340455,0.15841587287259284,135293.5250043708,0.07192982607013183
11,1.1911798716279622,1.009026221415945,0.7879396156430782,0.0002675583647625903,0.4025289892188944,0.0006466056506197946,0.15869131266727626,0.14414436387203894,61377.72263313836,0.22215594044689962
12,1.0259543263326116,0.7580334304506544,0.7752051395676044,0.00017947322864960124,0.5519453116396512,0.004365540992200158,0.12461119786215823,0.17517058807563882,174457.91130252962,0.1407447412658413
13,26.555090970908648,1.0575064800450908,0.788782660541869,0.0007788478521519277,0.34169451970734754,0.00010280229102692318,0.13103901425116826,0.030567853709926963,133076.42537258068,0.17778989897320102
14,1.8649083746583084,1.0989993176167077,0.7076299438909315,5.886724132769337e-05,0.5329052795622222,0.004740052281960171,0.0714133630169697,0.17574437556463685,171491.83395175403,0.05389534847716646
15,1.0974288229305464,1.0595006575841925,0.644937012574917,0.00047580709572063267,0.3523919764222191,0.0013987774818062897,0.26810826027131435,0.15212043305144632,68305.50221620603,0.14719809266332276
16,1.1581305704724993,1.0379586414539856,0.6704028721863935,0.0003124045750095941,0.5973321461634921,0.0032844024824333217,0.15952502097862603,0.10785921775589168,85415.78465304985,0.13462758804017738
17,4.357777863232957,0.8028513372884731,0.8059080514600316,0.00023088461786398043,0.17111956144835772,0.0004478661214442594,0.20777573931752474,0.044939467406311474,74520.50350419189,0.15351516820711814
18,0.9255322200112093,0.6425144099331921,0.6833016220291483,0.0006693088005179844,0.16783024405374122,0.0007483280587526225,0.28387856014516777,0.1719270800507493,168650.40156073536,0.09578835676223088
19,1.1934005703837978,1.084498198659986,0.6666434700266571,9.783388341459451e-05,0.2870781503235076,0.0021755352527976115,0.16675616700916873,0.15692388485815068,116720.5231574153,0.1642086186650569
20,2.9973932204320652,0.6590507226911753,0.740917448735794,0.00033996330278956825,0.523919894994035,0.0013184160362093996,0.09755222711020288,0.19683304227319323,140803.74567519617,0.19581516989197012
21,5.812232088272538,0.7498838687292603,0.9231429597466044,0.0004436876143084036,0.5237420076190068,0.002796594031004255,0.06264708238122031,0.0557090289333881,110625.7967801285,0.13972270956662639
22,2.6344350140913715,1.1558201898048766,0.8970435070450069,0.0001671447994933101,0.3171026189978951,0.0011473617660759901,0.15026007313736317,0.19379925145695026,160323.31020959423,0.2498564936825453
23,1.842222959720019,0.7591218349032911,0.8744247106819992,0.00045555335897180425,0.28265411729458956,0.004790856440212399,0.29885567237317845,0.1970617687559452,105476.77427722994,0.06172707999443579
24,13.814724124390235,0.7780246952967385,0.9390482777392055,0.00057960111052544,0.3482073607558508,0.003765080245857414,0.06429131822687077,0.030959365054812827,146208.99303555914,0.16115366468112363
25,1.496865101073076,0.6944596367636899,0.9362726161460576,8.103135377534629e-05,0.15220372853939776,0.0030156720216051353,0.21880313840102256,0.17054397840965707,120342.04595034162,0.16683551889179427
26,1.3000589022313822,0.7477292086731748,0.8080817037367044,0.0006197621288217711,0.2805737034347298,0.002959994217527001,0.1806956788829897,0.17805746282588752,74386.39367365491,0.09704077900018625
27,2.760989942291822,0.7432115715695076,0.738525046376939,0.0006720185327370114,0.21499839388931918,0.0016492682617320847,0.23796612310360055,0.14323836015788297,84511.10393082438,0.23694125154728546
28,1.8417551220865258,1.1976578687130566,0.6256412523848716,0.00021394115795477338,0.19586022811272075,0.0046729709521691745,0.2702160434216099,0.19969088817088848,114994.26271423034,0.06450862289863146
29,8.863911314804257,1.1002469727838842,0.8462389737805798,0.0006120660879602243,0.5929781849973274,0.0033044839567825893,0.05195577678803949,0.0315493664714464,104343.25064866607,0.22585404849690854
30,1.9079224009634093,1.1633580023562624,0.6470018900376787,0.00011631324174868312,0.10886978774017969,0.0028107958403355976,0.11808705307870408,0.13267774299321547,95925.45026399735,0.21342082702309234
31,9.927067469020786,0.9805427753310478,0.6923943655706433,0.0004890433202972272,0.5479350700936277,0.0042459081951447914,0.07307461692818336,0.04071946246549059,146113.46245665575,0.1709659654060448
32,22.458038690325168,1.0626715338117763,0.8229896820554828,0.00026269330717191387,0.4576769995913619,0.002803234063519317,0.15692172974516982,0.00070913781755646,93201.6268766702,0.1347151545127453
33,1.8215237238482211,1.1423571429359358,0.7909566012219328,0.0008347604248661308,0.37038026156938664,0.000825659549280665,0.0818613798205347,0.1766212786600286,69029.26320885205,0.051933939921668
34,2.208907809564065,1.1164215492005416,0.9146236227842661,0.0002108664618014143,0.18724135657260843,0.0006036887461917496,0.24502906046786066,0.15922446097760834,167877.7786491108,0.11165166998602674
35,4.719524791563024,0.6927320029993228,0.925458355492786,0.0008647410905237441,0.5869133181120295,0.004072781427707945,0.2703540511658311,0.12413230203014257,108765.28677985401,0.22682694029020178
36,1.451193478794875,1.1584895316289954,0.8807822986279985,0.0008641999643469043,0.4959121241159139,0.001407347977012913,0.24684362728386777,0.06643709358928573,148387.73661060986,0.054957272379637746
37,1.5646580240790822,0.7334602305273986,0.8858053119589251,0.0004608429314442632,0.2178549770362303,0.0039971929458490225,0.10689887185194259,0.17171865026755634,164660.01394873078,0.07161912528059143
38,1.7408656306005557,1.1186117652181717,0.9384111864169263,0.0002798458677291496,0.40281495623419517,0.002058424083364298,0.295287421799565,0.06565239023954131,83175.57459932505,0.054732886940290305
39,39.33257073210158,1.1822403666133368,0.6624987356603622,0.000962571781445794,0.1960064993876327,0.0006311724813520844,0.1586409396411611,0.02306835037028552,172708.45683896588,0.1572431464957444
40,3.5018266595397898,0.9068538358016869,0.7348184016706545,0.0005770114554531031,0.19009737837622004,0.0035730478907874358,0.05042281955465737,0.12124177066122865,97641.27770339896,0.19570901213054087
41,2.0738802480502168,1.045170046703686,0.8347199765515498,0.000364857250309483,0.0884855961194706,0.0033547646560652344,0.13255000901064912,0.1438859998289691,124614.23965113502,0.23511503309981657
42,1.0553140547553246,0.7801933609267585,0.7082496317730286,0.0004089845157105977,0.2713202128817485,0.0015487104923771404,0.08182194976478831,0.14395085260279003,161761.83354076027,0.11278312901167194
43,1.8021398462467506,1.1416833274395497,0.8154302205829831,0.00030164892469099983,0.35136546722463396,0.00010198910451670889,0.1217284292172318,0.13546358905454658,172843.64048762195,0.13408926675458166
44,1.148036916285691,0.8789929141482085,0.7547559297566826,0.0002144876995881112,0.3102524022501294,0.004515786046558445,0.24900619003169505,0.13094112474061434,129598.17374348184,0.13597762999796692
45,0.8100843519629018,0.9797645134594775,0.7173158893934303,0.0008186050410721277,0.46312597564740265,0.003396698785730118,0.10616016649932207,0.1030904019830433,70175.4644070146,0.08393827923961095
46,1.5243401732459723,0.8850818065312831,0.8974081931186562,7.375540095538454e-05,0.2779425560487456,0.0031858503656147967,0.09860880918492733,0.04896850881567003,62931.04652721916,0.08982598654531533
47,12.788791124721007,0.9936348066670704,0.6019406863483111,0.0007512135121418545,0.4735254037157137,0.0006222777531613408,0.15628654848568352,0.04879688791568777,119325.26028125244,0.18927085009810102
48,2.4327701978783476,0.6301310310843845,0.6872193978809901,0.0008484880110043082,0.3010540040085949,0.004026941348439096,0.2168944331465883,0.10359155008874817,174955.9250735448,0.08517733634130634
49,1.4446010668066767,1.1348555554862623,0.814428312966617,0.0007195546873146912,0.327627990653421,0.004169788931634934,0.1869679876527071,0.1900079216886312,131454.27821633036,0.24757849061328963
50,14.411476652357736,0.7555149290790115,0.6865339081283808,0.0006380237753393802,0.4711975263634409,0.002654369082857112,0.2066871092454453,0.09493488736461067,149238.6530591502,0.22944162064665247
51,1.7181772671597706,0.7630290642493107,0.7118983489465668,0.000540612070295938,0.12610573383388562,0.0012331812506681152,0.2234874530747631,0.0571456301726305,69298.0024637683,0.10491948938350766
52,2.5177155583132307,0.9255666843023491,0.7455209819361046,0.00020762755512489586,0.2810789347753841,0.004533708543866867,0.19601985355105628,0.08151987393331735,67707.46208566536,0.19128382833891044
53,6.352259765018107,0.8282286173566269,0.6020636292543976,0.00035240704386915294,0.4644113187826622,0.004281894957788613,0.2883575846175266,0.1531189152236139,162807.8438764721,0.1891045972995936
54,2.0075123112995366,0.9619515533647447,0.6771885430133366,0.00022020221298681475,0.28970978682565013,0.00024222161773890466,0.1340323859245956,0.10922646194676783,149701.8802773661,0.1338042565259644
55,11.528284080858933,0.8804340895393861,0.6446697290484062,0.0006226347040130907,0.06483154854782573,0.002030699256064553,0.19109799575619352,0.03300894624070177,108518.00029651646,0.18582837700566995
56,2.8264010511006252,0.877019066430907,0.6175996217210196,0.0003797247603239515,0.16641315631631481,0.001701544443918412,0.24030742697350677,0.02713989744611285,137129.95776112028,0.05542040926806249
57,1.3520998935807043,0.7513629190694283,0.6286671814665749,2.036390376296068e-05,0.34668047635739346,0.004999548359695126,0.13749008593004597,0.16638485703105454,150241.17882657418,0.12582524311282728
58,2.0096148901765867,1.0525399224357157,0.9323641064505961,0.0002001613216801704,0.06120900952618279,0.0008466734943454728,0.08155524371855156,0.1303509310487779,153747.9659533074,0.180028818649975
59,19.3087130172029,1.0196789827476904,0.8684143344246842,0.00016862135422443446,0.3839861216400124,0.0037648356945809004,0.07863321784472442,0.04359290818130073,127676.34983160229,0.18389176892398212
60,27.36824910528273,0.6154070552984796,0.7091850355381433,0.0006776699395635585,0.5769950610132427,0.0020436067634314737,0.2287536762623671,0.021619749931521316,175766.49276409054,0.213860234862217
61,1.1197793601314527,0.6611407832675859,0.8703683097329284,0.0008504429458497076,0.38022638814926424,0.0006931698188298441,0.2959610878786678,0.1254484791202089,142873.72991195763,0.065199295568612
62,5.922090529431501,0.8223425257308337,0.7770862763869772,0.000341889943686422,0.5172665948497674,0.004129421498641285,0.07638471766099965,0.0856756026469489,101664.45183701388,0.20652706927220393
63,2.360344722784069,1.0243851862236462,0.752420500752687,0.0007340615087093786,0.5810105521809427,0.001423403742298264,0.252049804701689,0.16574146220049166,136270.2127321735,0.24215751344291575
64,3.9035168726865663,1.0386157285830733,0.6939384383172289,0.0008518614468593127,0.5069020603898319,0.0005246482004728045,0.270407796000693,0.08711489860077887,118019.70046598354,0.15763458128965116
65,1.080534301050457,0.8273935824769584,0.6100449992195314,0.0008511018834761468,0.15001192143673048,0.001139387265880721,0.24945808920702411,0.12206634084610413,115765.01599238781,0.09877268783819121
66,3.484564432765243,0.7657611454537109,0.603552890053537,0.0009481145151992543,0.0970871290769117,0.003628365854110552,0.17214446171219683,0.14023675006644032,165638.39757098706,0.11806776863285673
67,2.2286077137569116,0.8944928010471517,0.8775265038463111,9.396029720411702e-05,0.17187802025989157,0.0034897570609464888,0.1265515075325221,0.12918057994819046,142873.12073358276,0.2016329306964933
68,2.2322292825299432,0.8553022876231289,0.8610774028497633,0.00033146050589873426,0.43657021820217284,0.001427490492183362,0.11285091905023538,0.10618438622915356,116791.25865114297,0.16631111706647345
69,3.9086550385522236,0.9215183792302499,0.866766363319436,0.00018596469259522433,0.1690115519332331,0.0024725730773422724,0.2311462502732629,0.023910948251010568,83110.1152141821,0.07413117695046118
70,12.24057150957007,0.6603156648544745,0.6679411523318757,0.00022825568031907217,0.14869284902697183,0.0001693269995547128,0.1835337723169158,0.05659974065499101,122956.42429303293,0.2453214045766114
71,1.6670121354239862,1.0184504357461166,0.6441978225354431,0.0008685927360656812,0.31998328198807835,0.004376326701492819,0.19351605490658308,0.11067179335972166,176915.39173232854,0.10486226535665347
72,9.350356157241611,0.6308260303101467,0.9293722588688361,0.0004782514580784221,0.5021636049146867,0.0020634664670345047,0.06852054256390995,0.03687273407801635,112856.25577632122,0.14387938898610203
73,3.7750071750329357,0.9377037582507385,0.7063424291447796,0.0009939242045875099,0.11514835921630387,0.0038457728820983513,0.2015794128107407,0.029839516894731036,66433.08891510397,0.17588914139039968
74,3.4231104611270586,0.8703086789332526,0.7549523514067649,0.000860306499160354,0.5945171932567388,0.001596363197164866,0.20525683026803715,0.10451450702604358,87082.45644780416,0.2081481659686839
75,3.2241409904726095,0.7246727434941308,0.6738588183568875,0.0006607677090548447,0.1363814013594824,0.0009516863867995289,0.06876621722529198,0.1895180400650756,148810.7166581454,0.17192618244902608
76,0.8349066296640424,0.7747555734186166,0.681016682094609,0.0007072488740491543,0.4366431569515444,0.0023247534993945116,0.22184623001781067,0.11876223902391266,114060.44455412429,0.05053514452057715
77,3.1409919513348745,0.9967098257120206,0.9267839604559296,0.0004257138271381075,0.3495093082908182,0.0032734101446721554,0.27710286130315154,0.12501160143284437,154539.36319760774,0.23478220889650975
78,6.566580860357754,0.7845670875685395,0.862135202724368,0.0005696378422697734,0.20873582356821296,0.0007093329250560703,0.22216949780302342,0.03318455784414494,68569.1804226977,0.21532623193001194
79,12.71247467330061,0.8962771316070506,0.6281546481647553,4.082092339942944e-05,0.28761576528842486,0.00167937575845567,0.11259197560300098,0.10009443542358512,173121.14888928487,0.18994673699514347
80,1.7070489605924506,0.9451194655319582,0.9327751972322234,0.000999572844460574,0.4197548713667815,0.001420604027238564,0.06005791828615405,0.16719172278123628,175429.33226314042,0.06826537732619704
81,3.03220557797038,1.1496436727560604,0.663521201528094,0.0005857442956525766,0.3991315956997477,0.0025094564307359653,0.0728106015734568,0.13030189788673727,116460.09879019603,0.20125376608251144
82,1.2184852829884063,1.1146398566402116,0.7154312822526379,0.0006939800003094492,0.20851978744880068,0.004731448343859732,0.25339150868449317,0.1340267019042371,99997.00723981104,0.1195922112589301
83,6.9464114588237935,0.7939642717655968,0.939564654383002,0.00040477088194374497,0.3330279387810078,0.004941784152430595,0.21441509662078223,0.06290343143403358,114579.10903220753,0.16001932179435657
84,12.257872201985657,0.8170676154910052,0.8647551039194508,0.000625783333402864,0.46799479483355927,0.001097435367916342,0.1873049097713329,0.03751650827890543,109589.70849591857,0.158518718871439
85,3.4287199478438963,0.6728556500175719,0.940601385537593,0.0006092627954148831,0.18161360428020767,0.0008760530026456388,0.1877097517506675,0.13965000582443446,112573.9314086854,0.23553455216888958
86,1.984354895898267,1.1477579270905007,0.7615067629625741,0.000118348682940468,0.5076787455728956,0.0025420399730652567,0.2291508314979478,0.19845142787904393,71185.10415378271,0.1604502818107466
87,1.3975987134800918,1.1881467795620253,0.6853058171262985,0.0005517138118035893,0.2609723072859324,0.0046171539346646535,0.17706022289822348,0.1669447891153389,92810.9876055929,0.15177440301390235
88,21.74597751766929,1.0740037092018682,0.7452298482429708,0.0009343141452888377,0.329255721695311,0.004120692418609334,0.12070974582070666,0.0552494805644082,163683.2321314306,0.22586525102929522
89,1.129410527673321,0.8937842079934206,0.6520083964339761,0.0005390419971261699,0.23981816793115412,0.0028043953436469736,0.18585751573966824,0.19978046664586777,130432.52668969933,0.10971116995435344
90,8.693230123533324,1.0184990565723429,0.8001291746947153,0.00023432888361183524,0.4765494613045923,0.0003138717655767794,0.23617628789129896,0.037730474741421084,98613.2820274845,0.14106892337330024
91,11.192755233069432,0.9982132976907208,0.8872616430983442,0.0009808373205211253,0.3224307572890329,0.0002813960955933233,0.17557278753324146,0.07721575049819647,157369.0683077852,0.1910455762050005
92,1.2116488006758972,0.8641837258624063,0.7840828803826465,0.00045747114639976805,0.44734410516385337,0.0021088952367571854,0.21369533160693344,0.17483807481086167,164364.03760346584,0.16803608586191343
93,1.7302547110421331,0.8031367404308589,0.8424466095054086,0.0006501868159266934,0.5184709107928802,0.004276472549172876,0.26483554604206666,0.19384072611484346,116338.87211816784,0.08087224375430978
94,2.1643258198764284,1.0556410856006182,0.9053340560894876,3.686320073784889e-05,0.0876314109498533,0.0031926889825877386,0.28023227469507417,0.1437434850445966,97999.33847200796,0.126001879504531
95,13.564621266261852,0.6590658758299187,0.821811740073277,0.0008727066533744838,0.2940232034139382,0.0035006056976868488,0.2758560155126215,0.08679429438462515,149611.96400855124,0.24948518459124308
96,1.5617691492897812,0.8249046538651889,0.6509494284947894,0.0005316351518306114,0.3612604340537652,0.003983345422016671,0.09249591226702435,0.058673555193041765,155537.2158194654,0.05919819373544255
97,1.5788392984353252,0.7444978751137878,0.9194901556082442,0.00014397460240838115,0.3036324523452486,0.0013444889631263571,0.11383167703978851,0.12394207370748307,164500.75183738256,0.06579367013199894
98,1.6234782607866243,1.0065665314194476,0.6552914677251254,0.0004422880538202107,0.24006109344369492,0.0029791013551194647,0.20973467559000303,0.18024188471977662,156555.96923701756,0.05187948629097421
99,0.8764914094072073,0.7195301994653354,0.7346426371385709,0.00048372485299815696,0.180463136060166,0.0029024211925186205,0.19370298254466128,0.16906078502851973,90011.78692892415,0.13486178769217955
100,2.09691952011916,0.9949378895572083,0.6960681330623797,0.0005663630879387434,0.4271897210037066,0.003748877321710093,0.06226106269399999,0.19558889691537254,95427.69046599232,0.24853840872537952
101,1.2735477694837918,0.7717164908755166,0.8796010418276595,0.0006074579331661017,0.2437765257094241,0.00321942760222887,0.20522279078257605,0.1808310581787451,119607.27438286445,0.1712812986152949
102,1.6637366528984803,1.1030022701775097,0.8198868362904144,0.000903500300368895,0.4054873348897875,0.0016137711313679167,0.1602057975407029,0.13183630806335075,146511.40520048508,0.18555289172467188
103,32.127150152110055,0.7770662709774931,0.86161830272843,0.00017646443037386234,0.12268788876073095,0.002743098019023663,0.292872395302835,0.018026675149243786,147883.17215270858,0.16591476107368056
104,1.1516134776012696,0.7541820507379573,0.8886414343898426,0.0004823659820438675,0.49356867158657153,0.0037581408185135205,0.13467881345047156,0.16609452391347948,169618.43693780364,0.156170474740557
105,4.826419191374705,1.1799001256776513,0.9010492089145876,0.0007244924953634427,0.5889682335300469,0.004839621761770159,0.25114691100514047,0.028151403001176536,175547.1951442653,0.07303394148995189
106,24.213762545662323,0.9219433849614354,0.7591751097068561,0.00067315555349188,0.41978743854305717,0.0029643444490956134,0.2556043253066936,0.0027837310201802357,154881.8362306725,0.12315500988111328
107,5.530759037858467,0.6150147897878894,0.9094821958251982,0.0005618459748676291,0.5533907498087377,0.001184699280362551,0.06580426029004886,0.046764380442316636,73001.53226390768,0.23805837835591087
108,17.960076844194848,0.8449775134772476,0.6489219543775273,0.0009463152713490644,0.21740052139580285,0.0025138606329932083,0.0742979996554554,0.06043803490585005,169126.51661134703,0.21477107027808956
109,3.488805056722545,1.0022917313101027,0.86009904253311,0.0009460281116936528,0.28051971437809753,0.003737118172350047,0.08863072560245876,0.09072875137777853,76279.68584476039,0.22745186170570048
110,1.3144534998145492,0.8448695314186203,0.9330325338833707,3.368357056819186e-05,0.25379147730393947,0.0022725771216974377,0.28763879246285673,0.09786940755792291,71882.59616526341,0.1329769054873614
111,1.4289581427656335,0.926679516889287,0.9422448853082164,0.00035931516737110566,0.26897680350940517,0.0010300619545892899,0.08053992977181594,0.13713605309625707,71922.55495273563,0.22109003866119092
112,2.205222125249508,0.9850226803399305,0.8090010858318407,2.233609728163426e-05,0.48273702475003916,0.0012934875961037157,0.08148097132701072,0.1325537476123956,114566.08422846206,0.2196066376927362
113,1.0559015536689407,0.724294422207995,0.6755829731715361,0.0008698257313427753,0.23070775438772673,0.0008230154817130742,0.27513275890793953,0.1530314751777169,68233.21833892271,0.16291559518159265
114,2.4571471482268903,0.677995278866062,0.6877289688548434,0.00017532262378049208,0.4135817034285242,0.00022632273395237196,0.053715081807677215,0.028937596064101602,163008.73516562115,0.050567110296003276
115,3.492450858143485,0.7045477208437063,0.6183396562514117,0.0007419763388971954,0.33934703962882684,0.0037537598476665786,0.16906149135581255,0.06475429239240449,88551.79273085557,0.2079969328469508
116,34.41346883077907,0.9023032138714928,0.9308954750395372,4.4321671862272534e-05,0.4807748477892087,0.004348206448023207,0.180362803678271,0.021810802000769104,121588.554913103,0.20560340786284054
117,17.08620362297784,0.887389146599018,0.7405660390793961,0.0006864113985661706,0.31964786977932386,0.004557534062664624,0.06837267894161263,0.012165081498901165,175683.14197464345,0.14160850441953643
118,5.160438141074371,0.7650095997347719,0.8215768535053554,0.0005488080776143122,0.22885199382526733,0.004973676003718525,0.18263920935783112,0.013136446664022784,132995.6908360128,0.0661580954821584
119,11.929111296054945,1.0210676511276398,0.8984774580534511,0.0006512657482164242,0.47292950155760616,0.0036321155916222356,0.10375576658187423,0.019835692335808397,132651.21498423757,0.14074308351509435
120,3.106744781834917,0.8720993417444683,0.7455963775915233,9.599075343635524e-05,0.2847202034435269,0.003359028528995513,0.1435752558588842,0.06778632376703504,87419.22892375012,0.1403109831930563
121,13.87900857253153,1.0990631330849125,0.6326305355962871,9.746786813321985e-05,0.4563377991687936,0.0040776694978592225,0.18909268390383754,0.01342666162732955,170758.20428812614,0.08052778495374475
122,6.935133673156734,0.6733387712127356,0.7237593278718186,0.0006656751794829126,0.462656337638313,0.004353651529458418,0.23026516968653737,0.06592919628324101,127390.36967904869,0.1672930165478954
123,17.221180459886938,0.9467511110339129,0.6744585819852021,0.000657079566685164,0.17333467800916105,0.0006302700714436065,0.26134335465033626,0.0703292371386298,132049.21094696125,0.2436797250622949
124,1.3386652833121484,1.0843328226914066,0.8958043064649253,0.0009745720555235826,0.5001347727473683,0.003106509074623777,0.21067479095745784,0.11482000086629254,151512.67583242198,0.12351221012307004
125,0.76961195459325,0.7604686350924663,0.663145625186299,0.0007029960740927392,0.21994157885645055,0.0017651408182085661,0.051526447350914675,0.1658921579919326,171490.11491939236,0.05525076629071668
126,12.421867766903853,0.6851247924907612,0.8216102044294298,3.1626441282525005e-05,0.46036146910313863,0.0011541511121642037,0.1549581234411258,0.08015686879990312,127958.53137136516,0.22397254130728766
127,1.7923582206297257,1.0661013719800445,0.798657744815039,8.587208293720212e-05,0.07893485453403698,0.0008713084958250504,0.20445954548150763,0.14431919354853465,104406.37109724047,0.11817919635386656
128,1.5714165434688028,0.8913970229345978,0.7547154653442226,0.00027389367752040473,0.4652187290176038,0.0006577057897399886,0.15747840834947258,0.13238773856165226,92652.34122554628,0.18479374212262262
129,1.5561365953241313,1.0002795352418097,0.6158960769115496,0.00039586813269154136,0.37962872631944766,0.0001376667209094261,0.1253548405046092,0.09732655067285018,141418.35057121597,0.10664929401608987
130,1.8345366331768718,0.7968734135627047,0.6027054672992591,0.0007472671093063381,0.14663214103171324,0.0019630164840046573,0.2259178158456659,0.05110390080429186,76468.17663087924,0.09224679584406247
131,1.1625866734890744,0.6432452979552947,0.901617526707906,4.325995930122859e-05,0.06030784512210514,0.004613695929061821,0.2655275034030166,0.1612400373133528,160002.5042903854,0.15005246931124264
132,2.507241712505275,0.8506163759060883,0.6403106804323293,2.1835702465724065e-05,0.2286224986950326,0.004026478556121216,0.20453131582606005,0.14189979231378685,128807.96170630117,0.16515183214736623
133,34.552570535391006,1.1066906158888181,0.6851607661879567,0.000589282417014609,0.33817939865034735,0.0020392568146107314,0.12756864045896532,0.017625976259576938,170372.37020896614,0.21640518261434144
134,6.045208705570631,0.9062899707252889,0.6399093239434934,0.0005104421102606491,0.5482575023690277,0.0018119388008146634,0.23184477641847606,0.03362654160913732,99968.23469917584,0.11790265622969279
135,5.132173604208809,0.6878665309666167,0.6690451309883941,0.0006027965862878928,0.46811841255079056,0.003311994151541821,0.09428653223680729,0.04725376978934486,157804.4406900017,0.2137897203049704
136,1.9017291074253169,1.055926289764649,0.7571168399482721,0.0009242301041272738,0.36047048087153954,0.0032129617633969076,0.20613044486047372,0.15088916504939717,119294.04300208663,0.20456961784951205
137,19.196592379839196,0.6409717550974536,0.7547728223426997,0.00030351761470387396,0.20107051711738755,0.0003752433890440824,0.17683422132244453,0.03019148027861538,135266.08882797262,0.22284937496628326
138,6.320691837657308,1.099017978997873,0.6268558504107092,0.000864385783891314,0.5204113543008496,0.00311354110323631,0.17676695433348877,0.011378010166790476,114229.66364408185,0.11208157012126219
139,1.5308913573572718,1.1375260593340815,0.7574067962778172,0.0008100061017802733,0.4085106000567354,0.0016754811381140989,0.16890725698576736,0.1583635594530717,126517.96456059648,0.14254233178545445
140,3.618082849526209,1.139476100373464,0.7202032215433937,0.0007146012336182953,0.3275019508255265,0.0009455386660381881,0.11193593089957106,0.020700375454078324,67424.84401213209,0.08017221533912772
141,2.762432526328908,0.6952477247889248,0.7304981937354644,0.00028361068503580353,0.27482316848602617,0.0017579990195229558,0.19947146559574735,0.10454960705310912,112730.61501151492,0.13755165486184662
142,27.707465637472097,0.6567035685090565,0.8374327706940283,0.00028486282690423566,0.4480535102513539,0.0033171640234113415,0.2765856742909193,0.013182370855943494,137676.64283631684,0.20784538631273297
143,5.093084556731834,0.6848570283505907,0.7224372756375455,0.000967728811185052,0.43416397954653446,0.0020205941232432655,0.1987603070378937,0.11654790291728392,100003.4443272668,0.2246559324121078
144,7.8321637082116276,1.074997174718126,0.8846146743351804,0.0006704462835947279,0.5059274350919555,0.0037199958934344655,0.22135361006939408,0.07533586121126004,97149.82648991531,0.23760043991315216
145,6.4201255343141375,0.8170968578080707,0.7269091841437155,0.00018108265995396783,0.1678059636648952,0.004743574510918299,0.17156773021818184,0.08468127326442075,137522.97848801856,0.15527866794683481
146,2.2122367214494614,1.10665703321153,0.635399267283763,0.000771103845642738,0.5093159046490058,0.004430042610913552,0.059436873089390316,0.015433016860175265,76507.84238124952,0.09530860930677745
147,3.3042436371772608,0.8260319224935148,0.6567865242309576,0.0008315137116324364,0.47410379755204357,0.0040643142262325755,0.09138479143601468,0.026209808285901606,151956.91253366898,0.11735287439285631
148,1.241413696208704,0.742518120868155,0.7554695484318464,0.00028564300463079496,0.4616950849524899,0.0022997470188633675,0.18350278742456527,0.1352725844377066,109303.03337958401,0.13753468102766936
149,1.785331825096329,1.1010680356354245,0.7287443353787615,0.000947183040073879,0.5914418864423675,0.002362231894360847,0.12044293317594386,0.09380312100645055,157034.86453089438,0.11189357931255793
150,2.1145951960818197,1.090134743748744,0.8804407284530416,0.0001392601360688278,0.18750176637395388,0.0032417772774017907,0.26852923626305925,0.19325363064118947,123295.17461537792,0.12637448683814212
151,0.8918072099151607,1.1106996288508673,0.6997720549207649,0.0007633537134613993,0.2000352147752461,0.004536000423993382,0.08683716399790108,0.1691784553466877,72310.76780980913,0.16090814908488627
152,16.803157967309694,0.8706767941324254,0.722354777348527,2.7643520612135595e-05,0.07929128794409096,0.0025598348619968532,0.10894451846585816,0.04440760138139613,173569.59156141127,0.13749451203899615
153,45.39902031751712,1.158495542849972,0.893711700664062,0.0006503107236098876,0.48525935061519676,0.0007742379798567711,0.12171984932831705,0.005637509105630012,104989.52081013212,0.24890507024765823
154,37.30686092410847,1.0233217051734482,0.7570105158937863,6.245947107312314e-06,0.0935741741988967,0.001354027249341519,0.25874077482059527,0.027758538363637245,143528.63862911804,0.21595231663056452
155,6.994218181350321,0.6667121161945431,0.7008355523137306,0.0003018500433916338,0.07626219564036821,0.002157145164391871,0.24847477715985955,0.10555430117734486,147268.1742389918,0.1597608490887671
156,0.9472079247708097,0.9580434256913681,0.605752373272063,0.0005158603544791968,0.18306597393154633,0.0008035265172066742,0.15730972327583342,0.18102937713239972,73302.9474348018,0.14142272332728972
157,3.5913822028487963,0.9986227810452054,0.6299648842455416,0.0009746798364612696,0.08722362759986532,0.0026776912820786355,0.17683192414494664,0.08331351904170797,88867.70865678522,0.17296191655519014
158,15.375224156098309,0.8820810468950915,0.8224847770140205,0.0009810583831290087,0.189507643588067,0.00017958693243384338,0.24713000406987884,0.07809074651201282,126498.23429018346,0.2476662971192935
159,1.796150186881853,1.0629008244659155,0.857315444684309,0.00033318608976361296,0.0743846285623645,0.0027754673515176884,0.25337721638902205,0.1256513924951313,147952.922574077,0.11896049863267827
160,1.0681360983475097,1.0172335511976383,0.8211075467154182,0.0008116861841657589,0.08470529536772353,0.003903332958546766,0.1644198943618383,0.09292457994940756,153497.11121739377,0.0850178254103417
161,2.4060266144844626,0.6251435651582292,0.9266798429826391,0.0005158682056652443,0.5940174862628679,0.0027608504185055107,0.11332844130065435,0.03989396674303767,65256.75307909477,0.10868851423500625
162,4.247093169194047,1.068504940187055,0.9030293969773201,0.0003325927616949633,0.11846125453441086,0.0019032939541418978,0.27237162925307035,0.07139483520707268,82932.4116880693,0.20065818376377298
163,13.382258501327339,1.1842341505891854,0.7736711292879579,0.0004980258691011338,0.5583707566448299,0.0026444516823212155,0.25028702185044344,0.07732895365213843,167356.4993946064,0.19866154110392426
164,1.2824957078417882,1.093404767723932,0.7909160390706229,0.0003218902167863795,0.09403790109124738,0.0033385041851448694,0.1266239640226881,0.12049065976604545,69471.24072665615,0.19541626486852715
165,4.024982242671367,0.8109281902631953,0.6148243069975453,0.0008701671378813358,0.24390762066966526,0.00499093792908794,0.1186388400187144,0.13795296168909726,111133.92874596544,0.17052432554611996
166,23.338832446508015,0.9825075227299789,0.7271588957278438,0.0008012948795866079,0.42367583429807937,0.004768668041770078,0.08569486709063744,0.015008232997631855,173748.52543237037,0.24600545583885586
167,33.33755677899668,0.6403400178372652,0.8724803807274029,0.0003669621446340415,0.2605699209288277,0.0028794987444481853,0.20127370721369636,0.006959793159708405,153757.43636921598,0.17151458066417108
168,14.51602701513761,1.0578506830791476,0.8008726224168634,0.0005299304216547534,0.26891872527384747,0.003282847609859554,0.11240291327334949,0.07440267569413675,173858.8235118668,0.185812411382679
169,1.0483748982813308,0.8321924280235581,0.7965854487658764,0.00026251489991090837,0.19315937412694684,0.002286738250787519,0.2990912780386902,0.09980879205129337,148280.98313753132,0.07268972251700362
170,1.68133824623206,0.6735824531423825,0.898489201634513,0.00045259064256015206,0.5442734669324266,0.0022810448444380294,0.07194768527618277,0.09824003905084483,169977.46914502577,0.1071153755396316
171,13.496253168966874,0.8084551768431387,0.6227286774106249,0.0005426291898643368,0.5402324252946389,0.004271674048690317,0.22795227600180318,0.06391755441999403,161462.54627696393,0.18638585205012742
172,5.811419665775028,0.9052534471045804,0.6424768592774599,0.00020177939080650808,0.12638227962110116,0.0039728279979579706,0.056571006702066426,0.15873927676900057,136524.00270768197,0.23546489134463555
173,1.4852515966834954,0.9309881603558565,0.8141819269171823,8.712926617028079e-05,0.22010989464065417,0.004998015715278496,0.2297174149726799,0.1607323452577173,104269.33986014649,0.16080428745191902
174,1.1184118793987758,0.6442504277467433,0.940332906029818,0.000642696250796995,0.2974859726146478,0.0034325340541829464,0.13612869517567494,0.16466787990167814,152299.74604496377,0.15513913096606002
175,6.486711280075387,0.7091778819312824,0.9381926148769373,0.00043318566819549296,0.550891749020788,0.0003715229650871076,0.08104028015975305,0.12795878587333262,153631.55146059702,0.22559203033008235
176,1.1669008849084679,1.0255992795175475,0.7211080788196556,0.0009409631508766033,0.5422092542516184,0.004245075160163742,0.11265132724549977,0.06453215023091112,79758.8495868149,0.08060309336204013
177,13.629965998513212,0.7816947636653256,0.7867173104189331,0.0005030705715965215,0.14274974596123874,0.00471387424055612,0.0885485667198908,0.025034059025380542,126100.96985797676,0.17701141827754918
178,1.8151127380244187,1.1055180024680333,0.7972663120509536,0.0008254110310593055,0.06560541834438269,0.0003227628361275757,0.21036343345609004,0.1210277815723711,146475.93221247278,0.18174657467675087
179,1.263710040221264,0.8499520701979477,0.8236469172731047,0.00049854002207598,0.39494020566394633,0.0015193911183278683,0.28916254248860124,0.15339180018326223,138135.59729827198,0.16535424629547582
180,3.595344746497701,0.7784603228578454,0.625540558926871,6.085311990173432e-05,0.291783024956226,0.0024728305375260598,0.10100575339084968,0.13699816823913533,156562.57850588797,0.1465889636350839
181,1.592119523587256,1.040519852882728,0.9012720780140138,0.0009753987537869655,0.12192138335381256,0.0019156469704464272,0.1904128039370923,0.1436725770224875,97509.89990963196,0.17133205256412726
182,4.799381263433838,0.7487513295153273,0.6338840783962,0.00029092179296493165,0.2612824084258833,0.003115349476403446,0.11206757009529665,0.053494334890836485,115976.70804487637,0.11382317728063146
183,5.211680164973682,0.9466122227361577,0.7094502223017956,0.00076335825376349,0.3240460481329498,0.002622151712234274,0.17468992709941356,0.06548716416023899,79163.95945561932,0.22306150034414357
184,2.0021388090861745,0.9032666778142628,0.9383403206933664,0.00021592927810371487,0.24409229887099543,0.00034764798267667026,0.1737235508812941,0.18904656081384746,62781.155785962124,0.11170809641088586
185,9.455525498795815,0.9220144495733562,0.8965103278877138,0.00043149684157819306,0.535350652005226,0.00366478951046102,0.24096419104049738,0.09411737067363915,138511.20442675403,0.22646789527364025
186,1.2691565254349662,0.7167931811326314,0.7936280243174031,7.445821799309899e-05,0.32734054101776255,0.003845580162065474,0.1199301694059955,0.11405632877620586,108069.79452177079,0.1231874705035126
187,29.06700677480658,1.1850496892482703,0.7378662994550125,0.0007951023311525649,0.2364969149739109,0.00470084797808134,0.23874129307319847,0.02376220394471791,141647.8368142633,0.24781814012414455
188,1.838470008861775,0.6271820114802448,0.6479627307486321,0.0003337076646474145,0.31055928271735445,0.002339243940486082,0.20156513060095105,0.10001558071412878,121094.70194702185,0.08981157631049
189,1.2457626970320586,0.6975012275261636,0.9467155081463989,0.0007395800412130306,0.21457888839057504,0.001748229915543224,0.25707234648934396,0.1226136242129356,99355.90171638314,0.15310114642945077
190,11.000004956567436,1.0894492999462946,0.7289252334530193,0.0006741325860805436,0.588943917148539,0.0029601404950590528,0.2491887034825368,0.059958112947482746,145048.77677225255,0.15646796597517526
191,21.72886922364361,0.8847541284510363,0.9384747436602178,0.0007831210874399902,0.4768891138446396,0.0029304085397344956,0.23035002807407667,0.005329430992766638,142565.2381443326,0.1950648425103711
192,1.5708745528620502,0.9718414833006537,0.8944084937353924,0.0001486279325920315,0.42439979227787333,0.00025469551537628694,0.2870512926960753,0.12580504822907274,80461.44740959912,0.166704655409528
193,0.9523261468807331,0.6908587548716072,0.8416750913214839,0.0004109670319133824,0.47623476599389997,0.0046105526544963325,0.2682044272280801,0.06273849668917104,62272.48410079351,0.07197910426673937
194,3.6945519527612065,0.7244050229827468,0.7137673370491191,0.0006625645729146348,0.3390124332700194,0.001637387733815304,0.09329560596433194,0.027616497157042043,67473.75432173183,0.19716745425373627
195,7.4168054078129275,1.0631938704892443,0.8523235964645524,0.0006436657908994621,0.4313223205164014,0.0030893752423858823,0.09806604228417835,0.07085739772896256,101079.24212182153,0.2324248321848021
196,4.477326756098772,1.1837463765543412,0.7041650978469177,0.00028971513326612146,0.16400278717005212,0.0035544424727269636,0.129260186254612,0.044973407598563345,126970.3980968885,0.09930382710547209
197,1.6457570695317534,0.7640745220532538,0.6426559370064503,0.0006769456235367632,0.2588318019559103,0.004902786632874675,0.2545943650326406,0.15908107120046672,172044.04497249605,0.11976063484026132
198,29.594987063999916,0.772578204968484,0.8499494506244383,0.00034701715058152097,0.29330686152565943,0.0013565754798200622,0.1697698157541208,0.058090530398587116,156553.90007478843,0.2409217726782923
199,1.488308431785499,1.0177027803880936,0.648045534180323,0.0006160613573800779,0.37275677421394826,0.0012880443882104054,0.21745849122327598,0.18660478675666156,124629.35084503834,0.0904136014401193
200,32.43966828128617,0.8479808196289551,0.8510753196875852,0.00010144435987257056,0.47392133195405345,0.00012538908739493715,0.18758814144490416,0.010498221367892559,136553.3488090365,0.15620829794655983
201,1.6985659915934048,1.1270397729085369,0.7671069821543137,0.0002002565186929341,0.5801527213900146,0.0016737217403839167,0.21147447947256748,0.18700641971923032,108828.894185626,0.2358199360339956
202,1.950400617694396,0.9210913661361628,0.8530911873848481,0.0009367327103708755,0.5522763491184188,0.0009578173998567193,0.2705612432912083,0.11482667063507467,70735.28646138195,0.2315873917471245
203,1.428360070566162,0.8381967445669798,0.7733843640626152,0.0009366721360329852,0.5791722590458384,0.004637594519692571,0.26918579197948084,0.199434360617702,170356.1774221121,0.08515774150777251
204,3.6860031415083148,1.1897963330226038,0.6995965783225162,0.0009891103706186346,0.34881526595633616,0.0025201708596749137,0.2846401254352181,0.021460138154707598,128155.42423973944,0.05185343369601996
205,10.900485625045377,0.6675880566120926,0.6568729918889085,0.00045945555656132887,0.19149568412623547,0.0010123754387275318,0.23415447387306426,0.03856227965476196,116162.49228075481,0.22021194771559932
206,5.478792614183797,0.7052969483030788,0.8996512764957101,0.0008971457190221913,0.5048444039019703,0.002624875228903,0.07168444246208898,0.15145655005151226,128133.74669051272,0.20815353288505117
207,6.499427950332766,0.7941610020510497,0.6868164792835008,0.0002615244917883785,0.17953668904084363,0.003793407593729139,0.28850870566372816,0.02812237512685969,82173.7441256808,0.18385117068199086
208,37.51604761522822,0.9922100202421191,0.8424690066479585,6.306220746873558e-05,0.11502366629218491,0.001603351075817737,0.15135415324209933,0.002287146838833598,146745.9034081197,0.11038916793832294
209,7.324353701552433,0.7865867690307962,0.6410955110456716,0.0009162142554647848,0.21227068008593575,0.00311166469590486,0.10478215023383598,0.1407114070204512,167414.20437795052,0.1505040942476779
210,1.506519909464557,0.9634433688534416,0.7455459654009287,0.0005496852743095465,0.30895544228362126,0.002733836669696684,0.21602360983491598,0.14954696743017132,78382.26776270151,0.07671375643936083
211,1.4027660541048235,1.1238810350926398,0.6286546072656461,0.0004473012295189869,0.43707136883572983,0.0004827033385224569,0.1910421805683687,0.1509479099449731,89695.85151702932,0.09368232453146519
212,0.9012159174915425,0.9436210045367188,0.652448333483845,0.00032878952010446434,0.33618784765163284,0.0006695761087048548,0.10135037138484039,0.10109741121851917,125717.90984531178,0.06235160951133676
213,1.3266338139272538,1.0852152499063423,0.7587013050629237,0.0005137345953584399,0.3012391616415318,0.0003829102265693713,0.1655945764347309,0.10207507080656691,70912.99733420255,0.16662953568820352
214,13.089800861820143,1.0898719355598783,0.8610315689911354,0.0005787329537939764,0.07490939150030583,0.0017881914461544593,0.0659399780280208,0.0791897419906515,146793.60957900027,0.2113830705108785
215,52.96861637748018,1.1602653375509584,0.6111072048580777,0.0004094580688834291,0.47293463442091543,0.003852555646326187,0.29458332123102526,0.01380382923206276,172149.93586619355,0.24882473209538403
216,1.446896241061116,0.8294877713108232,0.9043670998587479,0.0009068605442130481,0.25660504359109315,0.0034453787350975525,0.21544813453136702,0.1985713197161758,110443.43266587934,0.17917616361943273
217,9.418170120847316,0.707084177402467,0.7880404702393005,0.0005293136970044653,0.4503219774983704,0.0011911820582347057,0.05086832373622695,0.06955397742783005,138424.09181024425,0.15786005278377205
218,1.3619735754224702,0.9266672034150125,0.7861767629738655,0.0008235370769384087,0.18613162117707654,0.0017961827014393711,0.11891243194878183,0.1346999715553134,95803.55864435782,0.05454706546439332
219,47.19876879573452,1.0856869101235165,0.7467342094721132,0.0007662874140463896,0.536066142014956,0.00017666440218139289,0.10152040546255355,0.022568927753295467,147002.8735090702,0.2374820722270134
220,0.9558683190081712,1.0219717601189573,0.6170367124353122,0.0007408005374013819,0.27124594294599846,0.001248262464589052,0.10431730254438835,0.11955697934631054,64029.1530905137,0.07017934261850141
221,2.274984121836905,0.7735580708123513,0.8855251898671608,0.0007317859656329024,0.22539703300305558,0.0030297966039585854,0.21813297535922843,0.1007791697881869,66773.28420293532,0.2227460485340113
222,6.789176109549712,0.9961274542864459,0.6773649591561114,0.00030120045280366224,0.08352670040871918,0.004747749249630935,0.26992847274097076,0.028652086832665735,96211.7322173044,0.11413302307859663
223,11.503235546061473,0.8973724724958125,0.94030158237029,0.00094164482342208,0.41923838861014723,0.003950442520304538,0.12968361432907805,0.0854401164589087,135119.1765177996,0.2323155331241089
224,1.7760896724570492,1.052649658342875,0.7657315871442769,0.0008494915913277805,0.21540503033733127,0.0035671263076910635,0.2514440399837217,0.07529203770142641,77906.11293901964,0.13326492668428894
225,2.294200980529462,0.9343720549195638,0.6469324628706773,0.0002436156575734962,0.1618352031830299,0.0032688586725849286,0.28055652612780557,0.19355723770932534,127486.31395042909,0.2329482347631811
226,1.6606877076909892,0.7142889710584429,0.6939615557492433,0.000673998248713944,0.38160712474399167,0.004380740246598744,0.09704082348318883,0.14491694246144038,71095.67958322364,0.2194266771839224
227,3.7234184874631873,0.8876365238825488,0.9043158480335882,0.0003336313465080025,0.5763608682896703,0.0001751351605196149,0.2842899408005619,0.11177009525450546,146916.6287822579,0.202339283507442
228,1.17814007169302,0.8873525258054195,0.6849076136460095,0.0006047971325447024,0.1624822286378415,0.004584119652008427,0.18801982313695365,0.19991440140356234,74077.94393320013,0.2424155112228918
229,5.157003055491562,0.8155557333309454,0.6915465695848734,0.0005133037234837498,0.3235025112055408,0.0005831803346708522,0.29532961421164416,0.10673002548325261,105679.40932475071,0.20510277641275404
230,1.0031677497944818,0.822422952858755,0.7448755597025185,0.0005629622027368901,0.17170075407392388,0.000815021294202488,0.1151935274774424,0.18286609977949783,160767.74178764218,0.14389808440451168
231,12.450462757111794,0.6914468461104859,0.7154528500922509,0.0003804599349664131,0.5083494934078417,0.00254657726360968,0.2136519915302555,0.08351561471103473,129497.15112448805,0.2369516500592707
232,1.6231313836314556,1.179904960350206,0.8245930590395475,0.0004911049869982017,0.14252850527334754,0.003995380020332807,0.09231642771504543,0.16431838793847128,90879.21091618593,0.18696932246918124
233,1.6086443828477304,0.9252821132108131,0.8246333121138283,5.967331952914941e-05,0.0686030664405798,0.00424881717759534,0.28629702780022454,0.18337987793887336,118597.95855049588,0.19406270615241877
234,10.578971208834007,1.105526830095209,0.6810016872271059,0.0007074623941397565,0.05502780392986398,0.002578091306496019,0.14330017317170296,0.08247844448311854,151720.6612286423,0.1836431086786306
235,2.4473846491223434,0.889922492173095,0.7707490344010749,7.605744635166738e-06,0.3534039585011912,0.00015806974382667294,0.18235441171041267,0.12330387221686759,140010.56754640077,0.1735670471753606
236,42.12141883788069,1.0878943325483459,0.8359115332417235,0.0008063615312484816,0.5503753512993214,0.0006243805006030152,0.07407847256285212,0.0034285195204854404,177297.5217879014,0.1049481474395664
237,1.1954701664275615,1.0891286344279696,0.6935636578368225,0.00039749952607557345,0.25517837090502515,0.002089534308382041,0.19125054561199228,0.10529119708004325,83031.84683899359,0.0797794971480501
238,1.7774587233690675,1.1087202612189215,0.8288075018457035,0.0008583609398621661,0.46777221759726456,0.0005581524765928362,0.144816005559954,0.13680832509407712,87102.87031529067,0.24804660632794545
239,5.3141550151009955,0.7028301451326285,0.7749504375894771,0.0004344757423196907,0.4814069709345611,0.0028726974769600713,0.26449007834091737,0.0018900345308261236,66733.79269547589,0.16054028790593905
240,8.820960080312364,0.7268502335307283,0.903840911703562,0.0008876667527274592,0.3115251582049003,0.0003281536566345421,0.06858701498141277,0.008510351523409022,123379.10227699776,0.06907236709414602
241,14.613479157527674,0.6197410680920831,0.9250682264391308,0.00031517020853342434,0.5788080544318032,0.0029764769100139926,0.23806361746171628,0.1127019728095967,167917.39810380104,0.23511696201618465
242,5.451040829087095,0.6974701504288235,0.6841652680065003,0.0008348159095316603,0.2640361340520473,0.004492976258313327,0.13293245990545716,0.015387498288269175,107795.52244741464,0.19254227998987195
243,1.5507792636370312,1.0344981420565889,0.7752774980732038,0.0009743490041085605,0.07953303757106647,0.0022417324389331457,0.2596686644032937,0.19769559158282063,76794.07130822368,0.20112185290417844
244,1.9651475019705122,0.8380218295853756,0.8707442206459628,3.059603328621995e-05,0.2003298657458385,0.004963670804408907,0.1726508640276983,0.19097167938293316,152280.6784038531,0.11811854929502119
245,1.7145393882394577,1.0078169148528953,0.8312351676302063,8.6608423519099e-05,0.39023873964293826,0.004010470351633459,0.2282771331695964,0.08636958924790894,172937.14139648704,0.12116223954116959
246,1.8672152939282247,0.9803405291778305,0.858879351141808,0.0003173615504528547,0.10860300474119361,0.00012545658961314758,0.1270668637840745,0.14233543095572335,78506.51566386221,0.06640760193462972
247,5.93864810321493,0.7124350701167264,0.7570952869575079,0.000555185260608259,0.2744242962957256,0.00022868332966515626,0.13847857183631473,0.02650140089883988,92371.97318872638,0.12198349946937932
248,1.3617920435261526,0.8311427504375901,0.7021465729537123,0.0003884117598190154,0.09658473431068737,0.004515566619796522,0.27630189357833973,0.06488606611448254,131765.25573531276,0.06861285209197483
249,19.42721568560526,0.8284392140932458,0.6485940206357959,0.00030183013410969373,0.3212181682159315,0.00041000903635707655,0.15866906731568625,0.0339165846784651,128635.25168994474,0.24563461280277749
250,10.510957799973044,0.7510198426733417,0.686306523921451,0.0006254086540811259,0.3765935189214932,0.0010581863019132763,0.0767430918952255,0.01538427227903143,118107.75767207143,0.13422046795450487
251,2.690765175300356,0.9721153127248136,0.8814267616850838,0.000330212174562981,0.2341049230608263,0.004095829803014715,0.2648771167752088,0.0664434430623254,173858.81548734783,0.1109315991502514
252,6.167955355729928,1.1683673532096697,0.6702980210457251,0.000314869097914246,0.5805160427021366,0.004846753586558808,0.1228620378950133,0.06413303107501754,76334.93658939177,0.24484507530092137
253,5.2179803711724375,0.7454545780683438,0.7316193558134514,0.0008166780209174802,0.26611432135670293,0.0006580503356987908,0.19096262715719647,0.11517585632499212,118920.87754705228,0.18899155353442204
254,1.5647666522844095,0.9300594941984837,0.9335516140202036,0.00046216060061031537,0.43960187819083485,0.0022484292761136516,0.12283280199632383,0.13634252662601754,125475.49025409865,0.16844540685007708
255,2.2611330488221646,0.8454849541469409,0.774756125351136,0.00063370270361401,0.18311164221893933,0.0033274485458083584,0.22880909782485653,0.15913136719919088,158275.86816053503,0.18856705586486855
256,1.0413918457058842,0.8875408198635757,0.7402817840652808,0.0005071060303864796,0.5562157014630627,0.0034893734429007274,0.1859113008468694,0.1981401228873936,68875.81626987462,0.20781535264401257
257,1.4458868229455997,0.9221435916147527,0.8233631284537943,8.589695211693677e-05,0.47292472635602223,0.0033222480584457516,0.13875220486212242,0.17910030307217983,103143.5391619512,0.20814418340985186
258,1.0171639027131343,1.0064831375185115,0.7398662111787788,0.0007529300949518763,0.5811442277426055,0.0022092321650618927,0.052636943196144995,0.19672164119039656,65315.603223341954,0.17939996959668086
259,1.1069344154809726,0.9483109773144025,0.8013323893946491,0.00044633277295340194,0.26512379277262654,0.0038844769390659166,0.19714748913503682,0.10375955336986992,121281.14886300536,0.1017476740807311
260,6.906659130017211,0.662729614803637,0.7455913999839994,0.0009617661378142905,0.11383813587743606,0.004709313174916346,0.08541879420788707,0.0049125306051538645,101396.0865119422,0.15009315632394693
261,6.376221778789371,0.889755599267633,0.7666568859232072,0.0004387277723347541,0.4332197960380163,0.001662656423666732,0.12506602079548507,0.0413734652416629,114639.91622710525,0.11237806877950829
262,1.537025530348108,0.9887819503666282,0.8369987665118094,0.00016518973875785255,0.5911452588235528,0.0012951734381047642,0.09361330820603349,0.16983600160938195,73810.23200385431,0.2120371873837396
263,1.266748501007296,0.7391133284468462,0.7417666026980885,0.0001852673233762423,0.4022633821630429,0.002217458816903484,0.05729806858559765,0.19169252434678996,127181.87429878357,0.08202714224307187
264,1.3897634069526998,0.8333014682134242,0.846657465585907,0.00020657869488795462,0.46377902244827035,0.004062775964293178,0.0656409378672911,0.11844063167207367,83678.93229386955,0.17282138747438397
265,3.8951039252653015,0.795590946959291,0.7601426477721649,0.0002630910420569086,0.524450101101519,0.002685803596176135,0.20977714641653766,0.03739196712641868,164637.5196011862,0.07035040974542849
266,2.969836555271921,0.8087547824620526,0.8959312309343457,0.0006177453166570886,0.49755603984351354,0.003559342968635302,0.12436120867483798,0.1174009429130436,133357.01053668023,0.16939416585659872
267,3.723994380897356,0.670716991596994,0.7068830008874246,0.00018386147381315202,0.431390097944045,0.002603041860487088,0.15455977655281466,0.02678955393014213,70170.23623476333,0.1728969031425839
268,3.1002752857524167,0.9813009852351811,0.8427015242852743,0.0006456148349848705,0.5999447539097006,0.002819071621579237,0.17241050654805223,0.037150739858553126,106045.19554052243,0.0775734597069115
269,1.0537318234609716,0.632166757578502,0.725663710259979,1.0573856123717948e-05,0.12509409306437275,0.004094558109203923,0.290957272353735,0.09020019414933023,97749.60175930132,0.07805930701955942
270,1.3999311740325031,0.8493782611644671,0.893962130735428,0.000489210812427746,0.09546884418255679,0.00025121745765072356,0.24026415463635603,0.1369393341119973,119396.38174396844,0.15108760394613407
271,1.378720795475969,0.7009253864619442,0.7600624855457071,0.0007427757336778574,0.4712557552190298,0.002793658304236451,0.0783027488230058,0.10752172364096389,92982.35019282409,0.10841798191174133
272,1.9234311995865685,0.8201170632632525,0.8879138247286914,4.256891174796309e-05,0.4454391326215238,0.0027771310461376262,0.2974439319691708,0.16465656159951333,153013.56334367947,0.07284133027179376
273,1.8029549269268248,0.7786253610617362,0.9497594342476177,0.00045028261048758343,0.24171733725227257,0.004101970067070549,0.15976747584583323,0.15026909894873444,159608.48598510475,0.07048328777549967
274,26.911471892865944,1.086421630103646,0.8057733639418837,0.00035128021027287576,0.44091467772158965,0.003200576091542978,0.0914954044225648,0.04738921107333625,153075.79798569283,0.2487915368637234
275,1.9863489631392839,0.6356147001836047,0.7227854176334908,0.00028180393377140786,0.3463227003262009,0.00168590271768794,0.22601344043879712,0.0413885441503532,84794.3587424128,0.07784699318535522
276,2.098287892460598,1.1912929813570765,0.8377547605731585,9.612993865052843e-05,0.5795245972465856,0.003949886136627357,0.2796921779574563,0.17160336898925155,92081.16795336962,0.10786664869298873
277,22.684499286563334,1.119647276994694,0.6873870346783489,0.00071168345399033,0.5056649914842479,0.0038312205786512985,0.21905863842498652,0.02537763372276205,164045.71085205342,0.2484972451289349
278,9.867176902911751,0.8485350536190226,0.7581971028926275,0.0006339941355869475,0.5340687947190279,0.0005561644418088253,0.17890336802192475,0.053743430417497184,129291.06351649937,0.14789174518312756
279,1.8699642924998403,1.1701524473192295,0.7145512480563255,3.4706120568427588e-06,0.4757744097407312,0.003690347730043486,0.23273298437176326,0.07381423481508441,172360.33369062902,0.10564513757035675
280,7.537914007493216,0.6379984116361048,0.7870485625356477,0.00021861210508019067,0.2863037053768799,0.0011380721853979172,0.11713420957860564,0.07164454586819745,139697.25849982112,0.14168985133594353
281,3.4667100613508004,0.9396852665502842,0.7698682664029768,0.00034439588093206666,0.42540355935126317,0.0003372053796434424,0.07489368547905147,0.11558672805219031,100530.61862049448,0.21566872340976162
282,26.592244199149306,1.1145909599571682,0.7544500821067492,1.6752555805921066e-06,0.5769174731171848,0.0010913592113472586,0.2221479704778776,0.024847435846079693,115149.81152082802,0.20677795236811364
283,4.885590599278323,1.1596353376355544,0.6959068103333488,0.0006549333764543754,0.18771410320200987,0.0019220344614691522,0.27595006720891446,0.031795492581163876,137999.66392087832,0.07638261747680271
284,1.617969873652555,1.019664822914744,0.6819503445195467,0.0006558297431551515,0.4370339218702243,0.00010532288808944608,0.16920167706522854,0.06110184896884614,107560.98803186798,0.08310501583186876
285,0.7140115506607042,0.6055721685650761,0.8434589875508169,0.0008172919178863852,0.5934852002053496,0.0021693382754977932,0.08304378777314021,0.13599654502431582,87142.90337512872,0.07653995840799732
286,0.7179880290782519,0.661456302269704,0.7096730171043172,0.0008811080059852904,0.12542111210895007,0.003889956369888058,0.238289450247767,0.14615267635279422,105968.39108109273,0.06416566108010242
287,6.5807300163383395,0.9183049659280085,0.6029661596835534,0.0006503701929446491,0.2920546814289185,0.0036399169291851793,0.20702000958522565,0.028570613366978772,179152.8186295662,0.07662924623724243
288,1.4057029304124955,1.11597751476129,0.630340811713096,0.00010136464736516115,0.46384510560137376,0.002988912197031414,0.1460079773357802,0.137313233975148,109405.18732316137,0.0802748261688562
289,9.204157380500558,0.7661805941669072,0.6294870505992953,0.0005538432351529454,0.38000432697421904,0.0030772061846860636,0.24474241312831496,0.02796603776184674,97740.44018186032,0.24264974211065282
290,6.225326880299148,0.7809896001463191,0.7812121947290331,0.0005100130435485979,0.4613140025396872,0.0015481560510861266,0.06364228275381324,0.13168107401702878,161747.05253279506,0.18809521500293075
291,15.35770254538809,0.667646197562285,0.7748538894454301,0.0005943358383695855,0.3405575755149013,0.004890715044432344,0.2967206332107972,0.09897754398865338,174560.58136165835,0.22958251207139796
292,1.2725429809585407,0.9410282332637765,0.7278943619968345,0.0006832591069534238,0.46949926584257207,0.004776819621310343,0.24259176230615348,0.1721628007873495,75837.94568792425,0.23678488033484318
293,0.8944797679608782,0.6238961171623139,0.6211641008558719,0.0007895007089940984,0.3286358323512098,0.003179996410696822,0.17526224137676877,0.05243705543241342,68103.90831273206,0.053337880354171245
294,25.48958814675161,0.9219388896420092,0.8156164694833618,0.00027819026799882554,0.22044878708915305,0.002605393021647124,0.10079937348945696,0.016485562384929178,144217.27663482196,0.1330863988750804
295,10.011663528974786,0.980576548411954,0.8920842642146634,0.0006813746290245013,0.08636329599166824,0.003523511819866907,0.23248959435788535,0.07814630059366995,124366.820746735,0.21161201619413067
296,6.282248765323941,0.8606901531636114,0.7586801448039999,0.0006092235720230162,0.2201095351304394,0.0037342981943820157,0.23516454505854456,0.017242559678297863,66948.71328277566,0.21929362302815525
297,1.3029122938448248,0.6982995785612445,0.9335556706141441,0.0005234823573656799,0.48064290584906016,0.0036317510386579487,0.09174073854809521,0.14029992224477322,144948.0728541718,0.07388860138157749
298,1.666889025415849,1.1318488558443935,0.8700006016713686,3.0326894921630695e-05,0.4939093156615533,0.0014327049156046333,0.06596799728078702,0.053752897281849135,153734.8775924385,0.07538612149622498
299,21.701496759653224,0.8731186666076565,0.7260433634326136,0.000500110395755622,0.3617873705311474,0.0019016701114983774,0.11377902025976953,0.015414006257277069,129198.20096570208,0.19246464964009907
300,1.2128758990143276,0.7370426538919506,0.7780887097187263,4.499386935554673e-05,0.5246106721964362,0.001298302106747847,0.16794114739443455,0.1445556746651733,128869.47662304678,0.07058098300437393
301,1.6986014110366707,1.1144911186487834,0.7935026759735525,0.0009140337218516081,0.4573662054586172,0.0021549095913777124,0.1304505036180153,0.1862320154314371,78010.16018893801,0.12659589487347983
302,9.527765049046701,0.6467322419801471,0.7304828583582514,0.0005025389016170233,0.5460675550920492,0.0009787873163342978,0.2510845048646892,0.054251591601963335,146434.55057138365,0.13325131970026308
303,28.470017839236107,0.8790565067501317,0.6988074047173158,0.0008450016577570668,0.2300155069493654,0.002810147837087931,0.05199229338936388,0.01378528755454902,174489.52889525134,0.24628277278829902
304,2.265587025207709,0.9736305143352627,0.7623743417031748,0.0005920992440498315,0.32134837172018665,0.003885804988457569,0.09885560596820588,0.060781861453616595,127656.80889890243,0.09013423069059118
305,20.22048453071346,0.6038267296510824,0.743512638348107,0.00023376474411788327,0.2405330337566734,0.004213912633791252,0.26929965356289376,0.04902537487531658,151257.86643860358,0.23008865944528467
306,1.4476260725991619,1.109403592667353,0.8545252636643403,0.00010484507033220809,0.34139796898300684,0.0012670212131522419,0.17300721921247442,0.13146077003519957,60175.44486426933,0.2401980524286887
307,1.0168824553630764,0.6558159830148529,0.9224460410402372,0.0008973901844595278,0.3358675701706203,0.0035341498575235295,0.1431229935185202,0.14233049494002056,179635.11241290582,0.06197901513063793
308,8.01671048702943,0.6801083101505742,0.8869870121629755,7.575565384554762e-05,0.3623014005590645,0.0022314161043314276,0.2910545686831852,0.01911540106747711,70188.29010197874,0.2449109580336502
309,1.5244019516599905,1.080490093199697,0.8452539622125397,0.0007356175159135858,0.22493174559635531,0.0014325837719790266,0.06867185895061993,0.06300178308195166,91318.9126708332,0.0973543469483793
310,1.470676510048496,0.693246330793162,0.6575312432449189,0.0004665890573242252,0.27358190355006756,0.0027260302905411154,0.29115868056255717,0.11694160716082579,153592.43789626355,0.09054252525584675
311,1.2100417324740709,0.6719481338132361,0.6551653819729306,0.0006863687881075648,0.5045126783668074,0.003514702117861674,0.06008245202716585,0.05300158538294164,96996.92618550055,0.09152724512207072
312,12.075061391082158,0.748931273676753,0.7245099644264993,0.0005139462157033508,0.42245085734398946,0.001374817284333997,0.2976691551019768,0.018242580758269723,99335.23906617504,0.21718495019759726
313,1.0053128469766952,1.0488470683252256,0.6874484198775428,0.0004625812056273628,0.4921432143941175,0.0007849858924382996,0.05298923079235325,0.09044023388021255,108527.06717366097,0.056216418671751915
314,28.427266722867596,1.0942040491130134,0.7302839103355991,0.0006306672510552208,0.4045767586396759,0.002953386626928909,0.11470516308663146,0.02614304750879559,177908.0684980346,0.2160744663789272
315,9.530011329948168,1.1414976491599689,0.755200963342596,0.0001296627574480075,0.5477928837090841,0.004163845268365348,0.13288747281306917,0.012894407209381953,62616.02192863353,0.2125494183227229
316,2.285654258459053,0.9443305198840337,0.8875898905362993,0.00039560368953369757,0.06621526115016031,0.0034477432920832457,0.0932018029576973,0.033597841745811284,115319.39064023289,0.05853926381808616
317,1.7817592169294474,1.1300542793361756,0.612127305306027,0.00061955737229705,0.18518162858488496,0.0015460152986986105,0.15299805157404128,0.055970910856144765,82458.1336453394,0.09294322119400533
318,2.309899608730434,0.6823416102792389,0.6698102323333053,0.0008847678637087401,0.3391977320390288,0.0031906965052413013,0.25054202069278186,0.055955197487794275,67317.48827194114,0.1601377330407961
319,4.790295138398837,0.815467265902539,0.7905812321119181,0.00048519480595506786,0.5519723591291018,0.002561726952164334,0.1470953186423251,0.156383153369085,178728.43389138405,0.20896924886037405
320,2.309705110826423,1.1374588689685883,0.8724883984649661,5.953263904784041e-05,0.5953422278868139,0.002694218230630615,0.2417105421125682,0.04380403761461891,98265.30807952554,0.08596317473957385
321,60.104546835096095,0.9941186528257405,0.693284450372989,0.0008164688764471261,0.5544927154137422,0.00037395241367700377,0.2990980121266143,0.020026867460991516,176877.58340802026,0.24992114936226922
322,1.6139550500901254,0.8128827807390959,0.8937277883070682,0.0008453756814639146,0.1468552021689945,0.003003345594988922,0.2515525563398471,0.15947813747588177,161580.610855816,0.09388231720878498
323,98.47834785030804,1.020336482010851,0.9316455572745053,0.0005640428802964106,0.3597098899752101,0.0010223449580357557,0.2970015526011608,0.005641313945431815,169677.60049542412,0.18952531271991602
324,12.321324029044959,0.8942618520764876,0.631590081897816,0.00023339073472515586,0.1703449179303675,0.002679597719327703,0.050170874095957704,0.06181061443024392,119067.20686744864,0.22632527197955205
325,18.615475109760165,1.0301625796144895,0.9215732755575221,0.0008444398023512132,0.22797384621766043,0.0002073731915935042,0.19665229377280236,0.026097909123836516,84175.72600225694,0.23357923718412932
326,2.3550731851368165,1.1164016799549303,0.9361955625965153,0.0003742171893032899,0.5680577674074229,0.002038418255533886,0.07525804254517159,0.16929617751582693,152923.97985838703,0.23344482949622375
327,5.121152094574102,1.1692161192157942,0.8771448837499551,0.0009607014382683696,0.40704914610464765,0.0009535930876821003,0.2921857240832919,0.03150077720336917,76374.20026289881,0.11035303074509382
328,3.1976636381611265,0.7339423283883855,0.8061325545240863,0.0001761762783602306,0.2187527761138769,0.00347364235403489,0.08183709118088388,0.15739835851911538,171461.42507825105,0.1887120796585086
329,1.9002935065537945,0.8349608563665611,0.9479990956916706,0.0009652187563472635,0.06781050860989808,0.0030517044705097585,0.28025955410451986,0.1897396319699806,173854.57250655454,0.1957661911871998
330,4.055712216776809,1.1620126761325524,0.6492251788519989,0.0007455979847738806,0.1808977588321683,0.004913660309207748,0.09197185418789604,0.11311004922406409,86507.43005244146,0.2435063371231871
331,1.3535420452993125,0.9834616127429274,0.9103287303262375,0.0004471833041636961,0.1958668423095819,0.001322750229362866,0.06694869501605845,0.1417931626290449,70647.12150841516,0.22706405067902746
332,3.8944729387205417,0.8315622587720459,0.856404573074569,0.0009691327232805797,0.536503598672975,0.002516101768021853,0.14467814369356474,0.00025623149893798657,72964.1521457555,0.10133158830854297
333,1.3916018190210515,1.118430432281146,0.827839347089717,0.0006874732438128975,0.1394610814616686,0.0004611760088507335,0.2614406210061401,0.0958978500794321,72171.42715645459,0.15920479353569086
334,0.8061488249898366,0.6445202410599956,0.6595368211029167,0.0003760824261959164,0.45259179689922424,0.002780526667199934,0.2745310432799934,0.19033242628682412,98246.02895479891,0.10898172262322603
335,0.8514829075988163,0.8896420718930869,0.6108476214182612,0.0009424998158438619,0.14074845711905276,0.004459791024979814,0.08927594433269602,0.12272894515577877,131283.6652862514,0.06862093707613733
336,2.0233691179477886,1.0183180222844141,0.8527133366014865,0.0007302440316646197,0.1958956231424871,0.0014794630598818,0.10938707123681142,0.037996851517677094,84666.05720615246,0.07025156219466713
337,1.0568536271733557,0.6921539607100405,0.7262901224295455,0.00042817835148826783,0.21200219693141814,0.003343899107448351,0.2000538820034422,0.16797090096913023,128612.37694292898,0.059927088607701975
338,1.664674095291201,0.7750868796276644,0.6286776331495473,0.0008439253052725898,0.21959437006475113,0.002047590007689802,0.17227420303016433,0.03416643833844462,63088.28312780229,0.08993496015218927
339,1.510569183993293,0.7109287323252284,0.9099224424623386,0.0003700322632670132,0.2951763989369519,0.0013901502367461328,0.16626448903866264,0.10882520584393607,70936.42530608151,0.18220801094920097
340,11.24420126302141,1.0513410852691722,0.8336139606970989,8.662160452807718e-05,0.23908526260032564,0.002753100129429508,0.29267638429339393,0.012327873932019862,92227.43919275395,0.09524845605653338
341,1.5446359685651077,1.0910431289192242,0.7465212262270576,0.0005359788975669509,0.5267917075380593,0.0024266395017974074,0.2704134673544057,0.1681594332860501,126432.22873894907,0.1679452884607207
342,1.4460011890524893,1.028583419478216,0.7757355146104616,0.0009005546064101204,0.49024768519637707,0.003419920939322548,0.20506827858732574,0.18055544026783082,69474.60597288999,0.14525245621629373
343,3.551422023070492,1.1906207941494797,0.9402577074182148,0.0008086522605980438,0.11940229925119686,0.002174537006646437,0.2970699840842289,0.03457579456129889,150862.6506767032,0.07405637495108666
344,1.319535793218079,1.1004648712056024,0.6902602259957218,0.0009108936812458627,0.5527956652942226,0.00042835856993820074,0.1470247882536877,0.12544524244647956,179672.30721345305,0.13707864910650147
345,4.2782789549575515,0.874894308673569,0.9057131886804649,0.0007867640881889441,0.3926818607238444,0.002660553851204065,0.15489845855630718,0.05524016398144987,99135.21664436832,0.12947099887140717
346,1.5946723088629913,1.0550264327146037,0.9288774947454884,0.0009250032385925143,0.3594760677125273,0.0005948531698446985,0.1215232135122181,0.11758682665627761,77783.96895521335,0.13288847975379575
347,3.9563428342650453,0.8298260837262317,0.7699546773002157,0.0006093531898004828,0.07060611877374239,0.0014495292959702936,0.08596316765666843,0.0821780074598441,101264.30142929574,0.15712669622918335
348,44.804426682775954,1.1337445283485543,0.7160229265069947,0.00023834171462239087,0.4601624009115248,0.00461209141624021,0.27425784053735563,0.007756506496359017,143239.35038005107,0.17173105281712542
349,1.2595829498916553,0.7682079919107849,0.7720667246757609,0.0006964866618302999,0.10401956465000767,0.004357610122986073,0.08359638024211012,0.06061099068961933,158086.3110366333,0.05404657771865438
350,3.98308055432773,0.7616519886052582,0.745870454696884,0.0006459092566162167,0.15336462999093625,0.0011358134603188983,0.25599235856378516,0.16516466635595012,113173.27359977146,0.2448438849206621
351,1.6584369046240246,1.092610435439076,0.7803443959133449,0.00015981347019636147,0.22111770130889985,0.0025832968486591214,0.08391245525426495,0.17343779411004515,151139.19542715081,0.19818895978400158
352,37.38873639393681,0.7156580680989348,0.8915254765767929,0.0008371397009310864,0.1872196437283536,0.0023365984689275947,0.27950776733527904,0.005789631864037137,165519.91096318272,0.22025906819743846
353,1.3332715247089446,0.9030758249622983,0.8223934331765453,0.0001247489860318093,0.06680975581009646,0.0019250871315230054,0.1985108983630378,0.16470125833782323,92877.29981692307,0.19092678904400734
354,1.4824765645173887,0.8098559409867927,0.6572297650812478,0.0008945974283918833,0.46192862396671325,0.0034753676343181757,0.12126734410869049,0.11737604968448537,164457.69263021555,0.08551673883277233
355,1.8286556858884908,1.178950565521353,0.8999889156034058,0.0006477325118697207,0.4227323853500339,0.0014185095384178898,0.15237679912388552,0.11445161220406015,79548.88867183446,0.12731313414819695
356,1.393813046118927,0.6053387916420274,0.9190304033183301,0.0006477241826208492,0.3806280727719935,0.00014147226286286943,0.11309761034016287,0.15351454568237027,153636.4397112772,0.05401047149990488
357,1.2997710754696539,0.9856441867740984,0.7483323802308667,0.0003770989768187298,0.24179005959964472,0.0013347936754615926,0.16667450387430394,0.19340488867367533,96655.16380614681,0.21101711383909727
358,14.58156299837804,0.66138726178116,0.7790298011139056,0.0006626930970737261,0.5138061725471774,0.0019337258394892503,0.21183553001614758,0.07943050799442404,158917.29857647963,0.1854392312774627
359,13.01644415487762,0.6383022323382659,0.9459263380376184,0.0006409541508690412,0.5238203801385067,0.0013796198488398347,0.22777344389294796,0.021620906117168694,95817.11115039569,0.17181002092760336
360,10.92855850726331,1.059284632982174,0.9148904656609231,0.0008056243928108963,0.4913000594490463,0.0030401631756133006,0.21513258092028226,0.029985859270831305,95854.93343027838,0.22847475953618657
361,1.7428972347003258,1.1984814597469775,0.6907991954491961,0.0004191471203952603,0.26355120655300207,0.0002730631236494788,0.22701723984396777,0.13108011409248832,146553.98371111328,0.18615115007747635
362,1.2320706016275773,0.7334179163857613,0.7871222855404746,0.000785112158240821,0.5485895780277801,0.003392155532215803,0.17682871390170385,0.1453099753161807,82789.81924936209,0.16440848680736825
363,8.489618090663827,0.7086815146824005,0.6341610723344482,0.0001288161955563573,0.19225851780811432,0.004060884958798104,0.24072955457982564,0.17529895686842212,160876.643351568,0.21908384884891907
364,2.784835310428589,0.6535798932116635,0.7243491886419413,0.0007444657194134654,0.21889689923271466,0.003961643140357236,0.13282928424269413,0.06712649264102376,141565.4843147914,0.08661367140251902
365,1.956850429067672,0.8823219406024081,0.9032376793923889,0.000583991045122838,0.5693655412000423,0.00044895711327997155,0.272356515367597,0.17024277764228204,95286.13459804113,0.10211184708114072
366,11.185402112654995,0.7790134522904779,0.6189216897249012,0.0008543855306329405,0.12555089254521815,0.0010814532948962032,0.152297961688026,0.07633384396111742,164099.7305637876,0.15009547489854086
367,10.143317452976687,0.7898300745892253,0.8504839596385125,0.0007791622362563808,0.31816946516145905,0.003192060584087206,0.09420606664086519,0.09151428661230826,168794.5121407353,0.1638807175946908
368,2.0160571188142016,1.0567159687289995,0.6590120148040176,0.0007647192524096123,0.319267399846509,0.0038414889188169462,0.07201033593976115,0.05470557244029992,60565.620170879265,0.17689979383053422
369,5.412206420979411,1.1791967040780198,0.7341607470187113,3.868759315646305e-05,0.15967783817546433,0.001928196886594118,0.053519279681158036,0.08067869607959009,136018.5048843113,0.17289594774501238
370,11.761542753947415,1.0060488850062659,0.8193404250350679,0.0002495742997530061,0.4314386109437184,0.0017873138929102724,0.08223270010707569,0.03811534198808091,159987.4399879877,0.11444262676961381
371,12.777049648081004,1.0943062978046463,0.7043707887229486,0.00029153696401767716,0.450307551295747,0.0030222126012159614,0.13445878780198323,0.033404037453661876,130640.48258016862,0.12671009526153876
372,30.200184494481547,1.1408302656867146,0.7257378102283213,0.00018923760785697857,0.5714463945388184,0.004599206503323024,0.15084791112528134,0.06854656785151199,179456.6891793514,0.22759480876740834
373,11.304449652349438,1.0404459715869125,0.8063924921797345,0.000169815757148257,0.25162529826991664,0.003287647862594001,0.05934085692314882,0.026241155283436512,147260.25937635856,0.0956836569671651
374,3.9724727202590158,0.6291521769490424,0.9481380817799727,0.0006623079459220568,0.4094621901204139,0.00019673465591931133,0.22243743709435654,0.1069466868387681,90694.70087103514,0.22530882751989528
375,1.8279653536881293,0.8846378029966423,0.6535944843435527,0.0006954968371916882,0.3966712370896152,0.0015754706283082822,0.2154161440226805,0.10945647694578511,105630.45155131374,0.13335511303590877
376,1.8866733295065827,0.6822981137878853,0.8907284521648113,0.00010580932266319685,0.4453214234838923,0.0006768993853424726,0.07850313817106198,0.12112686738480083,92397.25794446269,0.1824965931777794
377,1.9016418727046194,0.7577963493682391,0.7831011376574032,0.00020247151679220725,0.436890212635442,0.0015472208849030035,0.059851426907142166,0.03994987722927171,83837.59940475386,0.071252741661279
378,0.9626676764104118,0.7983621697180208,0.6009582996700874,0.0006719614993327398,0.5487840243483856,0.004192637609789882,0.21725548262541,0.1866248689303755,84923.2781125938,0.14927094267361854
379,0.9662724356815281,1.0341381701390873,0.635451667507535,0.0002566362106479143,0.17713815757046025,0.00494446306071226,0.12400554467760962,0.10234106939293178,70809.92082911094,0.07982889853335323
380,1.7993000726910517,0.6236667119812161,0.7016985120331878,0.000801794506587757,0.22198890882952033,0.003718846959381663,0.07374961758264507,0.03494036178907818,71977.06980691409,0.14285547144722968
381,1.0257785804528174,0.9980130164945064,0.6596792967247314,0.00035816987683350666,0.29074298423006406,0.003146854463329285,0.2696188843493684,0.17039974501489763,65506.690451209826,0.20164080096824766
382,3.1995066790843514,0.8404665085684517,0.9368084755524139,0.00027256125765944,0.2621435193676228,0.0042682907323792615,0.24997477423723752,0.03657388406072855,157795.71474437957,0.06859026308748446
383,23.105530203093036,1.0177019241142768,0.6205262384828121,0.0009425245210119002,0.1376674686151907,0.0021385358114913927,0.1976875757475846,0.022611311275529223,155629.1468442488,0.17976929677445275
384,23.829949655940382,0.8278504674695325,0.7255096201894837,2.9787413341650324e-05,0.42645527335981,0.004208828735080847,0.2933611450563423,0.036252112107460426,141407.17634990468,0.2104529568090192
385,7.177793356577972,0.8467705582411045,0.6160903138828845,0.0002623512543612614,0.22283086968062898,0.003552384064755053,0.2194822302550411,0.022587495874753484,170447.75827657233,0.07613106590968317
386,2.3733647070243404,1.186737334530479,0.8344455253750104,0.00033896234112665486,0.3377067463735706,0.003532842903058016,0.07381053461292368,0.11300244513747829,129197.88097480554,0.20350574365798207
387,4.047171894861384,1.0057773410144648,0.73470681609235,0.0008391939882085576,0.3570893301862033,0.0049401789613312385,0.06364152880691896,0.06914989749150073,89829.23938208491,0.18234265256919263
388,2.240582474865667,1.1111226908676397,0.9042954721144687,7.579037723450781e-05,0.3204063786294206,0.0012803699018164327,0.29253626219585005,0.16976911495520017,78831.28479620894,0.1786797433113626
389,1.05061049335705,0.8419661960770337,0.6822499999969505,0.00045963550015348705,0.4906937082496971,0.002295683069760332,0.2641473060445043,0.12866346296465037,86724.78278025589,0.06007014290530879
390,1.3281241791530238,0.992023801883023,0.6359251625180533,0.00041292620912787396,0.35642205627265816,0.00010083160584384857,0.07272388672788306,0.0994746696133002,74244.82224643594,0.1394136239827596
391,8.642838596536265,0.905002644191679,0.6723979370974644,0.000671802896408377,0.5726953214963512,0.0018803781400920738,0.06356880332639196,0.06091959162072971,134287.93844956587,0.1708406552123595
392,1.1534024828147937,0.9718547818062506,0.7655967883827561,0.0006575100392247085,0.4437524251557353,0.0006587144559431177,0.23982998776977926,0.11203016902121364,114535.19791243013,0.09458362287926292
393,1.7214721621779407,1.178660210072604,0.7021942473328985,0.0005224631015175318,0.4361528292929919,0.00032431273828966795,0.09103884192634772,0.16597677712688025,100962.85374922064,0.09434942156403801
394,1.0430237720157247,0.6641769033117114,0.8137981181485393,0.00018835585713107176,0.56161894253423,0.00202519280058435,0.16426150207324725,0.1443118190902632,146022.73351774592,0.07808983746444978
395,18.598806937308993,0.8486822070769982,0.9243192856880587,0.0008376287712489786,0.3738461093438457,0.0038835113508224207,0.162626149239741,0.0215531494574984,146014.54973632115,0.20628408072975096
396,41.994079672374156,0.8992971852615668,0.7856275216316795,4.952303402627331e-05,0.5644195544574089,0.004210198942326691,0.17073299088398158,0.02692720288612656,174742.83859509014,0.18169133900004053
397,27.618099225404496,0.9471326314225059,0.8556731316099722,0.00012925340026952623,0.26307306857136625,0.003042675506846515,0.2706739658896695,0.03544048770042912,170539.47768525613,0.15166657981437665
398,2.127431983320772,1.1495461450182596,0.8668311296916273,0.0002743222840761552,0.579976445723864,0.004855409084569293,0.1632114265203417,0.1959001520410086,106159.5166492445,0.15082202387063287
399,1.4344820700832122,1.0490561195267496,0.7046195972343985,0.0007017928160969777,0.5233891503710368,0.0035881843463362105,0.28387801936563395,0.14000285697942502,109529.45673691432,0.07667436620321871
400,1.9138114058059206,0.7743476972875504,0.7208527533145034,0.0006727013393382658,0.5897345229291769,0.0032854233002541917,0.2895816132012991,0.12483351784107764,84106.68987904133,0.1765166569014528
401,9.544339573318497,0.6692431513701752,0.7232832308620071,0.0004808895524682363,0.3638510068392045,0.00336907046645586,0.15436948328138045,0.06447627948277104,143317.43684727914,0.15077868780864995
402,23.167741594478432,1.1083806548523292,0.8829066727643435,0.0005232072562229932,0.06389967768995965,0.0008121008870006981,0.21756354469173544,0.05718559604507272,160966.7162900294,0.1995737446753174
403,7.160145207772443,0.7719693288954659,0.687696352610364,0.0008395424326507061,0.42982716770020546,0.0015461887732118693,0.23839848701129124,0.032187078868646,150022.20224040645,0.08998048345294336
404,3.3534473110271765,1.120821224192646,0.8588223680604974,0.000864976643719398,0.4583270047300732,0.0028502257086749716,0.10939886814155113,0.02049600126759532,157683.14610653624,0.05646127664846543
405,15.73007810961256,0.9986961411549742,0.9242696839090728,0.0003881670939933484,0.5761860835065047,0.004881531338075019,0.12816349522365855,0.05752773090144406,155858.61029874845,0.20686143457417733
406,2.4434837924740824,0.9723370173671093,0.8733237125065598,0.0008702479742290139,0.5064909150753294,0.004566283247661319,0.22615726722319696,0.050268225674461146,61555.828520956595,0.1604249195066127
407,2.8636591315607376,0.9620321863731849,0.8716513607928162,0.0009643255333029048,0.21179774699247034,0.0009693869025924896,0.2206647129253838,0.10932302734024826,150612.924625026,0.17952647711000014
408,0.8413647713384129,0.8263189362315874,0.749977735040257,0.0005570420219747377,0.12153659156345475,0.0029615316826512627,0.1137540370331055,0.10276937055491478,80855.41582263663,0.08739531630646474
409,10.515398765838869,0.6922220301417779,0.712920510462732,5.1804585754031556e-05,0.562810026064155,0.003116482512886717,0.21547255274123478,0.03096113955965725,145162.7155579577,0.11611255774845382
410,5.304385030818432,1.0704188691423009,0.7112506518802663,0.0002207420534121299,0.15112800364444742,0.00043406469861168674,0.17628508761407896,0.07161711763274788,128721.23886659161,0.14811018823073532
411,11.301585888302824,0.7327188486608717,0.6746738335651685,0.00033255163138907757,0.24843880356450299,0.0011703819003441222,0.2381639223886292,0.01838911078781329,124444.31430406903,0.13318624875408436
412,1.102381716742491,1.1886799185691779,0.603081293703263,0.0006692695295263924,0.2951169854565808,0.004532032646589692,0.20342527426519857,0.16473768018504045,179595.72991252065,0.1560997791213649
413,5.87900793481174,0.7925622063042488,0.9205763506045364,0.0009450426827614059,0.2622317641312241,0.0027471628334185512,0.12070724856984937,0.1365102721537056,175067.617928872,0.1742263395247268
414,21.596454347963085,1.0816900425049762,0.7559449141501012,4.480780924959125e-05,0.5440548848982193,0.0010433107008750177,0.1784736750318584,0.07499160843239583,158653.08770879597,0.2322671853257236
415,1.4585872232804142,0.9227848985785505,0.6025657051758958,6.640635028161621e-05,0.4186843193786811,0.003890553105209455,0.2662377139281578,0.19125524129467983,80087.3771056194,0.23964236392968363
416,1.3281559593547518,1.0216457197605247,0.9416783724686597,0.0007754315337225983,0.40560863762508986,0.004704780446390736,0.23672270641856552,0.10755084280483225,72471.21710084041,0.13484189038822814
417,2.1355596850717324,0.6525125387605192,0.6189938248120044,0.0007944205721889145,0.3569463129247959,0.0029173152418876785,0.10691140873541417,0.06634307509345756,115107.028231205,0.08075091544352911
418,0.9767373478829715,0.8598150207835624,0.6059118389064494,0.0006736254335953851,0.3441589035335511,0.003242971457760034,0.20458733972765053,0.1260434529251576,106563.91243737249,0.10172959179823514
419,2.762879921401981,0.6435536668793862,0.9248167125582167,0.00010702940632810257,0.48279054371441343,0.0015766184782398684,0.07162630535944818,0.1401764062766004,130272.9615976067,0.20119211933903552
420,7.901394091008065,0.9964338989443442,0.765895687078783,0.0005339342960465392,0.1250098031812507,0.0020158635706020523,0.24937115320836645,0.07902265164572353,112521.137936187,0.20305484820409253
421,40.29222360594188,1.0063734273030374,0.9199591207346163,0.0007952221051102269,0.45112851713871455,0.0019283395230115876,0.2873662758826282,0.028815107491696624,175216.11180965212,0.15914489372816454
422,14.204367574158079,0.6030179034444031,0.8088292106086655,0.0005376148965059066,0.5708386640758795,0.001592986646512591,0.23707414668319837,0.024647031786699802,126608.36947683143,0.1607048375528558
423,7.64839805627344,0.9875589021360525,0.7793934430916554,0.00016179340320683064,0.17143338314657436,0.004190266997653505,0.09858155383658136,0.08253089920524959,101262.19798183763,0.2307092751949092
424,1.8585368887501372,1.1108326334552845,0.9263294528911019,0.000994318737375008,0.3036958620292766,0.002793356587427917,0.12266316688002134,0.17045022555349515,155959.20643266378,0.08627159695473002
425,1.4273943940246974,0.8923142460802491,0.7157978260889531,0.00012908693144935562,0.4105101393833239,0.0005902207806495722,0.20487894428858322,0.14511785146682807,71784.28816564463,0.06347255148096027
426,6.547542303636544,0.9698054581556719,0.7069864212923522,0.0005845857629123521,0.36105360434781036,0.0018860178348252834,0.1290832898740823,0.090129195642987,98134.31246804705,0.23002371816858436
427,2.320664566164209,0.7329154225239118,0.8589356755785158,0.00043668794202359883,0.5120605323293603,0.0007580985786761554,0.23324319893785367,0.049235027709096824,60579.825919760566,0.13566147859191824
428,11.517205985366235,0.7832830778672011,0.7930851391560689,0.00017659439073433014,0.38364521633897364,0.004224785677157477,0.2646784138426998,0.07174832042271935,115541.80512907324,0.22557716590159232
429,1.9974254901579203,1.1318014992473373,0.6267618324950254,7.632455683658325e-05,0.06024666217917944,0.002585173725299312,0.057798557752077276,0.05264693011871666,124634.16444936268,0.07800033374323999
430,1.4472034285484783,1.1437821464389097,0.7930578994841554,0.0005439258545942005,0.5993004962565185,0.0024133093588363367,0.24379930970935704,0.11800726236814361,108616.1361061337,0.16637809809878584
431,1.3073470869153963,1.0399360963277406,0.7018497060750308,0.0004652364410282824,0.33072659633908197,0.0020442472724835664,0.17554181741660774,0.15442896871209255,86796.7977149226,0.12316372602060191
432,2.018719384168867,0.9684215859360767,0.6580452432112553,0.0005146225438358658,0.29542124411145093,0.0009778114011522417,0.2871779579032446,0.1613080113855797,161757.820812464,0.18253569787573937
433,2.8545002766363035,0.8901020494364585,0.725578438596032,0.00021960029814176935,0.31820318160550626,0.00040801969092599906,0.1423587963618686,0.14718396176696488,176128.26718050154,0.18188266139059533
434,1.5126023046215915,0.8167508187357773,0.7643859801535731,0.00045518880634509354,0.07554060162564796,0.004904889932109201,0.13101777751599442,0.18154521851459215,84812.88896610012,0.05856168816772938
435,1.220084520155216,1.100923359730436,0.6921606242844537,0.0005448057120262832,0.1456173990455475,0.0033030090343560328,0.1413241944977619,0.16592943113073008,122564.74849602608,0.19074725056952446
436,5.630888992375651,0.825797268626127,0.9175348492563868,0.0005168554103854028,0.2440939042678491,0.004351825167169112,0.1717153906685439,0.10333257951078774,160256.28812119734,0.18066730931136998
437,5.241553314365731,0.6833809842462779,0.6579620378501472,7.801113751550561e-05,0.4039123513135703,0.0011364338102651983,0.0967264189521919,0.10036739689414836,132505.31763428243,0.14642201794262522
438,10.355315915683896,0.7382077995595947,0.8839104202805359,0.0007205354032160741,0.3148341571642173,0.002446191749328402,0.10267598776294086,0.023666044564708534,146076.32501449145,0.12244458884301822
439,12.128866260807056,0.6258865988010992,0.8007202789732939,0.00016196801122717047,0.3962472336884852,0.00029203523967346944,0.19306732480761613,0.004489207630858272,160003.7995674305,0.08224925197252515
440,1.8811748414109573,1.1749430018907323,0.8097751329782253,0.0005640410976334295,0.0602410196004803,0.0036257817675700342,0.21543626565728952,0.03600750791525942,90991.15752200501,0.06118240083208884
441,1.882033527525836,1.1956654942247873,0.903555839647233,0.00017139621720570658,0.5066999660873543,0.00304410970061488,0.2486540175651128,0.08984067232389135,70289.82032828934,0.1066909252811281
442,1.9110087686964974,0.7587124191271738,0.8534653793272144,0.0003433286032857716,0.29940857982705044,0.0029939203555683054,0.10745344679469494,0.13192975001157062,81826.09822441195,0.2140906360260995
443,4.0247605563877995,1.1157550152063633,0.7765258341247494,0.00042037521765893456,0.13225865649455082,0.0005718630259437017,0.16896729637236935,0.04046970981763503,73028.41366818186,0.12709237654836952
444,0.9465542006838101,0.9019975248830756,0.6411307423011696,0.0004827586941773685,0.12168086242744038,0.0030570257890410813,0.25688044466301835,0.1567736469677537,64684.387634175386,0.17294963389607337
445,7.634963160226846,0.9132265377969324,0.729632107587073,4.4394845053144996e-05,0.34139908541683806,0.0012244826562573458,0.25057504900195343,0.1298463470213068,152984.4507681364,0.22939379056950632
446,1.9916127383043338,1.044836425369347,0.8665387294666221,0.0006970108955543094,0.10374429959073042,0.0007560272175605468,0.169285309251135,0.1178096172282413,105748.37954388661,0.20791111703019094
447,2.9359430631441903,1.1260597879159346,0.7430263466405252,0.00018983199270415288,0.4400318604633593,0.003968170163295112,0.19449678645011154,0.05665333360179117,163086.38967616938,0.09650257812453114
448,1.3623028194885134,1.0126600420666656,0.7105656001202447,0.00036290751998481626,0.1351282193089975,0.003292722080411865,0.113408181557996,0.1309092241606395,60863.286294069774,0.07356572079623021
449,7.63910961651983,0.7653363257279933,0.8382119967722069,0.0007552169287092237,0.277275487062765,0.003940563243121334,0.17061693925172017,0.07312881888729435,110827.38569200358,0.2209953852535857
450,5.395069903795811,0.7839918520047566,0.7205247064751987,0.0007057891133631142,0.45468033683253584,0.004289494721835625,0.21482071228155075,0.05075552908853927,126589.36275579943,0.12404259377582941
451,4.484579267950756,0.6970770706248818,0.675060349538328,0.00040116034551929716,0.23614081547014076,0.002797823451524408,0.22426435218111507,0.1398622884590107,113591.38528982631,0.19956283901597754
452,1.6584594003470188,0.6031743800835432,0.6318810044835463,0.00014618310739991799,0.559223983288817,0.0022333494293085435,0.06602011409232765,0.1929140502749035,79288.56109598606,0.19135798670657395
453,6.790336518226568,0.8305956062556131,0.9445568352209456,0.0006143516251259973,0.3365530487713074,0.0035868685753740076,0.19936814095352406,0.007551067657015787,69604.76840349632,0.09435404892390241
454,12.155822121435383,0.8633832291247414,0.6705975349821051,0.0006572273384841361,0.4921504500134609,0.0015014319073726075,0.05840233784906461,0.1280582629060274,158427.44813138645,0.23914317156912157
455,9.05993417968172,0.7016897350878613,0.6126213966005221,0.00024001736866208987,0.05015799952004288,0.0008714793281669151,0.2992042859568016,0.04633419456361232,121897.63578633941,0.1699029825784979
456,6.937795607072529,0.9516480991258192,0.7812099453462532,0.0007371886146062487,0.08773944456538244,0.0005418127022162374,0.12112344675909485,0.07902862341024125,102375.31960278336,0.20593457579528346
457,23.18212688949069,1.1779725990392933,0.6967777470439928,0.00060675704458426,0.15698885619727856,0.004655597819979389,0.1937266804364537,0.06961904964964849,169801.07687377848,0.21595296048985996
458,2.3682346913059664,0.6434315823160224,0.702988138563842,0.000947068449712485,0.4916182334147965,0.004787875812967849,0.26902826156076676,0.02129299127851532,108856.1551328642,0.10222150113438783
459,4.472634627965552,1.1796332733798636,0.7971090113317255,0.0007701972255410998,0.4666103067756698,0.004810069753977911,0.16471210733353098,0.13883837229426002,128987.26545286908,0.21262946992127485
460,3.7823559421582784,0.6697609808645535,0.6236439912314388,0.0006340281357606304,0.5968089183510115,0.0034168735827189893,0.10748253464728853,0.0054701395064147736,130419.18205799753,0.14214408829290243
461,1.8685330772894855,0.6058339150286549,0.89126196572313,0.0002490093517527155,0.10115518658915046,0.0034011197922308874,0.25526867237313255,0.10330084344096767,174653.48245480322,0.11314613880578572
462,1.377002349370407,0.8121227557297026,0.9130106885045723,0.0002698067066863303,0.5709149599849129,0.0034472258117664656,0.27748186474697195,0.09531109081785794,171767.54878027953,0.06520576410673783
463,1.2113314042043795,1.123645499044979,0.6723725213127034,0.00020356379222948506,0.18733248867082658,0.0031311248059908603,0.08899889211903973,0.14708581304856613,83959.9846913171,0.14979986807273662
464,1.6473439248720432,0.99805444699227,0.8148394413465133,0.0007644799684228916,0.3478106750316634,0.00030708932098188894,0.17057302030026267,0.1351624249753053,170422.57554395875,0.07133785802107824
465,2.124784439621723,1.138199863915977,0.9040690924685937,0.0004913145462549402,0.591417075472655,0.0045884334653955305,0.12006665579579677,0.19707226586488968,119080.84532450544,0.17413349496635333
466,17.467691801294944,1.0795619506679885,0.7674120268142152,0.0005412271776462353,0.32636136666691984,0.0020292129219767496,0.22158466163259738,0.010829634257756827,129199.82236168916,0.09441855661596266
467,1.6725972977562102,0.8760423540278579,0.8412236921708771,1.2808158631838475e-05,0.16591381213579623,0.002946940272999289,0.1313590499788566,0.1396489136192279,177180.863428445,0.08496007242380982
468,2.7510086966458935,0.7422834915045271,0.7649708776584594,0.0006134709590953094,0.2512582831170597,0.0025439730813899644,0.10263312052766409,0.10971268007583773,91164.09229083576,0.1725556192723543
469,2.0623412494039837,0.7677777191284104,0.6629612300544485,0.00013200802733222522,0.3667410010643791,0.001219977072548376,0.07496743522736328,0.17086521744816394,104677.15534425792,0.19014252536326015
470,1.7007719525863507,0.8285300293388808,0.6510453073681377,0.0009591887728259226,0.1322514314960156,0.004047774971632192,0.09415181916490321,0.08644375034616698,88296.62074626092,0.10398982138050733
471,1.3929879660087086,0.9102041849523004,0.8521961153336206,0.0007855476037571846,0.21501880018439673,0.0028544784151513848,0.19195862980132794,0.1698779830793321,179467.4124359522,0.14991956522237015
472,26.46417146856703,1.0882908415241077,0.766788798523248,0.0006302323501497924,0.29742015048508547,0.0017398170387213576,0.1402405052637804,0.01200727554480332,142865.1811152773,0.12968038037266552
473,15.743933833354282,0.611901200168256,0.6424331212258463,0.0008675012153901628,0.5797141085048527,0.0010748947421206786,0.19397361436833715,0.05154296509048384,171821.3490933322,0.1620700069628529
474,1.0386543467200091,0.8130654230345351,0.8356174940515725,0.0004880062505600574,0.45508939061918524,0.004459199000777281,0.14526774960321143,0.15606181961984744,80944.660287535,0.17982619037991504
475,10.736487949791568,0.7005453212883203,0.882701000384974,0.0003380509216889342,0.3972003745792103,0.0029010241119815875,0.26222519298470215,0.028969667655613485,135805.46285801625,0.10730471531115782
476,1.3615650366233958,0.7901269450173367,0.7019747234780469,0.0002682049184797673,0.4045543612353535,0.0014291156966216101,0.16122459691199292,0.04564358787757466,79439.93867363824,0.06426881563531149
477,2.508296081042876,1.1793156196934969,0.7448961713057856,0.00018470231290428063,0.06270560077407918,0.0036660848405187813,0.2155056369521599,0.11738395470520212,103579.78083005144,0.2225612967294005
478,20.80095245225082,0.7001462790237915,0.6360532599199101,6.472860719156907e-05,0.5332800370473577,0.0027873253447096395,0.05659122834156026,0.01601294757510943,144083.6314109621,0.23808746746759912
479,14.384352139469655,0.7574713585589923,0.6543460267000566,0.0006551778428678065,0.5370092244030193,0.0016159162023949931,0.11184912982879806,0.01665024027813733,151799.5646560315,0.12940250415203391
480,11.307233282756382,1.1031106673357247,0.6099999525569695,0.0006638855861685008,0.5232028495773658,0.001693486451616746,0.1690386851638434,0.026255422125372775,135177.68215514277,0.1068350560116178
481,19.028151292666646,0.8669069594224463,0.9393397925940912,0.0006979252540301404,0.14737015198884162,0.003028162574299147,0.2077618806602649,0.05448288552246283,124870.09936707397,0.24499630908801895
482,4.226996243749586,0.9837169492264872,0.7083814648398987,0.00034782113186396685,0.34681746717483275,0.00404306805460762,0.1604650763941336,0.10469196087090149,127678.13840655448,0.17717022728516713
483,2.798948357528809,0.6000554078369568,0.8853829262063109,0.000848098541894288,0.2391367044874968,0.002399069980695728,0.05207927764909333,0.0607145831146178,91176.84527252693,0.12315666438967557
484,20.624279180143525,0.6054795597457999,0.7506523596442317,0.0002936296903893854,0.1771684664355372,0.00013536812652826093,0.14341096913175838,0.09541341409029143,173634.90142417492,0.23441767914881056
485,3.9656201297986575,0.6979616971981732,0.8579912489361821,0.0003903335465833428,0.25809693315122895,0.0013886033496866201,0.15555984568842318,0.07895041592403668,127266.52303675386,0.13234717381322691
486,2.0282211064300553,1.0845449642565455,0.8396241016324817,0.00028539217781877954,0.45860979067213337,0.004063162380585282,0.15322596912831182,0.181990880687857,151744.59528919373,0.09791236298771211
487,7.367206508505946,0.982135625729008,0.8162052948658803,0.0002728619963211725,0.39251457915155435,0.0010201682684656548,0.05484884931174909,0.0579190598582571,81888.86148031714,0.2206964046783208
488,2.2796606145336873,0.6613640931939239,0.6942182965112009,0.0007154807462690638,0.44990888874614415,0.0012407714399841816,0.08767092342437215,0.03718751962830513,124196.49036717195,0.05992641444461973
489,3.349123438082508,1.079677411161642,0.9492872061579598,0.00046422078273622593,0.4852835928459123,0.0017182183704755687,0.26088657481701966,0.062315337040611096,101029.54246423516,0.14871591063914907
490,1.630729665174244,0.6428308168494341,0.7645513718095519,0.00019300010063352636,0.5128466083671428,0.004104528547597895,0.2570630118485829,0.15513058214250472,66724.60132822715,0.2403288083465216
491,2.139458436843194,1.0627351998164007,0.755036329750022,0.0007378813935409552,0.0684306603636513,0.002358089713030171,0.24274899194754718,0.04979247210144682,152177.48050214277,0.07439231123715416
492,5.0900568256281185,1.008865392034712,0.7092382779544244,0.0003237401252944233,0.3960403397718846,0.0003067109864141822,0.2843552309080585,0.09456510899830305,177853.9021686737,0.1542278240114568
493,1.1590248077755028,0.7192341790814398,0.9106318516152399,0.0008637940080838508,0.16978353698030657,0.0006533494506495639,0.2082272414754362,0.12770400240840477,90397.52884021067,0.1541852505835019
494,2.5359860936779963,0.6717897552064431,0.8762003230682109,9.920926033452802e-06,0.07309635296160247,0.003939028677230194,0.1688176696904125,0.05522000876768956,80083.24276899433,0.11490269752601937
495,4.568624536595377,0.694619073718425,0.6319905433064745,0.0006190262135795033,0.5619668314852448,0.004985168204619324,0.20628308255235167,0.017895980549934888,104567.83959638805,0.1692424567863225
496,1.4781955176812447,1.0748797466191276,0.6440396101828292,0.0002334419562252075,0.5899216410301085,0.00396395294635568,0.23917438080034725,0.1402656280046006,137348.9875977502,0.0619550263218845
497,17.744707761684097,1.0135499881704253,0.725358624037651,0.00013559744158719132,0.5442646743485234,0.002477980452496314,0.15937500104126479,0.038593059810031694,112646.2677715917,0.2111050753173172
498,7.740693727501303,0.7119760373694622,0.7216826376563928,0.0007326700077125902,0.2014284545720667,0.004173613007616488,0.27861850049451153,0.03795516724393029,143644.53299947857,0.1089429192881794
499,3.688951762276526,0.7774035967264408,0.6921722441134012,0.000367745594297535,0.050395905798337214,0.0032263277059733334,0.14476089241664436,0.031005095615065394,68265.19000333913,0.1609040620332113
500,1.4871232574388669,1.0656099406787631,0.6835752953756074,0.0007212825591212394,0.4120591795589009,0.002740886955807683,0.14687271004518393,0.17136585766684292,62246.382790566626,0.08710685801943
501,3.032489597023058,0.967823545410316,0.7129100139694778,0.0006412630258552882,0.11075527372167226,0.0026636826420468537,0.06666996077406641,0.11029356144984291,119705.89914834566,0.15481395376209045
502,1.2627063709406878,0.7212474172132692,0.7698796005328433,9.965483306188376e-05,0.3640566997450844,0.004197867680371808,0.21448031457124211,0.17469855551611446,75572.91195866953,0.21703867157965828
503,13.68226749870782,0.8198124120565777,0.8120837684813574,7.180308698917188e-05,0.5616160702449781,0.0011228166581181572,0.17285137535706852,0.05118770606679562,144157.68258896552,0.15516427252288234
504,1.5552231279748434,0.6364201129716309,0.7953069613145076,0.0009383056138421609,0.27877426149036416,0.0019084363892065202,0.22710844624470922,0.16020398980217684,69594.81638794464,0.22795346503269331
505,8.032946971765615,0.6422328777661465,0.7063665921038194,0.0009446588785252285,0.5783227099904187,0.0005758843257725464,0.23129298320229724,0.008130630454868571,91897.87613959983,0.2147285932554801
506,1.65513353313407,0.749257817432408,0.8188637687387031,0.00017971899373728822,0.4620568968875548,0.0021344045412237268,0.07637854547478894,0.10523840435873942,82735.24957280108,0.15633221028049452
507,2.261448435418829,0.9991454128641262,0.9089884067806291,0.00016764250958464392,0.1492180962300375,0.0020676301507129864,0.13437821764039226,0.09174411848567487,102955.60390456844,0.1777248599776084
508,1.443131672072013,0.8113944451621993,0.710304248649839,0.0009914715276275088,0.2285597597410508,0.0019214256109333192,0.24104609197609278,0.08860243399965757,179812.02864639377,0.0816352911798663
509,1.7363768563614392,0.9378868216825704,0.6748748476153021,0.0007659425114146507,0.5593808074259615,0.0013450367231968182,0.2904129439078336,0.12168267405140781,147104.12203382037,0.1361176145466491
510,1.7997787724528862,1.1897738827071285,0.808516989318325,0.000518091749481489,0.5963766052549966,0.0015790241042687536,0.12508349043204342,0.1452626556674583,107650.86740272846,0.13949995779964988
511,37.06358596011849,1.0931639534682687,0.8414017143682995,0.00027668117960686213,0.3545147343069263,0.002825983118983165,0.28148061255293305,0.004340274291519908,162686.45106098475,0.09437734069648802
512,0.9644657635453193,0.6830449160858459,0.7284790125591223,0.0005825735506535103,0.1781467817048289,0.004074263760235026,0.07297628032134316,0.07113115065709814,64528.356010052375,0.08094295724375118
513,2.0369689739500094,1.0341483160467089,0.8775164680099979,0.00017372958836546628,0.5041378844116869,0.0034790159951445057,0.1940581154441745,0.14685319077551598,170145.81640133614,0.1299596496955528
514,20.40449311778981,1.0384736171737663,0.8016992936547185,7.9398918526931e-05,0.08075748985282567,0.003877417367983678,0.13698255173823332,0.06007865076865493,131427.7443071496,0.23153112842941886
515,1.3330141377658105,1.1218719084727318,0.6793511849767531,0.0006531264039771906,0.38126589887409834,0.00015602846671675726,0.24435465453601185,0.17356621939024408,109982.60551415032,0.21342834000930844
516,10.162701890556574,0.9239578376632014,0.6523530067085554,0.0005028992088367855,0.17143844615115683,0.0003475470893145548,0.23289464339123533,0.00823645043271264,96574.00714550914,0.12649739243705266
517,1.3156175673927388,0.9028376076672209,0.6777299698529949,0.0002904932461275304,0.26687732213293625,0.0007477263223173025,0.07063627815964567,0.11902643825896807,113473.9483173253,0.12857654090380705
518,1.9750054221793263,0.6510473924809412,0.7756380904620281,0.0007740513114197005,0.12170634619234577,0.0007608667422571793,0.18982404432838507,0.07983825990938838,65917.33176841057,0.16428811810212587
519,16.374993861048843,0.969598102556521,0.8574837139508629,0.000246999594666606,0.08940418918759668,0.0039061823040792494,0.13085291028905283,0.039219860078644156,138269.81267750025,0.14757221996086656
520,1.9040131769984598,0.8541243614193841,0.7219077498962835,0.00032141762448981696,0.3766324319725887,0.00021861346864281833,0.12620471188659826,0.13434951068994708,70751.35777520822,0.2348276161790166
521,3.627047849859337,0.8653260631405508,0.6510364663165972,4.583267338044187e-05,0.4999945560724979,0.0010784575466682032,0.14345519758014236,0.19803183645426636,133946.5193345404,0.24753038339274586
522,10.488541020792674,0.6327228080170525,0.9321293202590261,0.0009268029654139981,0.5278137934047327,0.004118656386506982,0.05343332317335785,0.022474348157020853,162331.69742150407,0.20154675651861242
523,2.3538163872859177,0.6136488690907211,0.6731533393934708,0.0005384674524490791,0.16209074408213284,0.0026640028191860033,0.11466450085639963,0.09001231412766919,73353.35907797638,0.18875904501122354
524,19.453148894315426,1.0192531392049518,0.6064359793947065,0.0005834219383830894,0.41494058809980366,0.00031306183674734893,0.09257991176119083,0.028269484184788363,147590.83002117465,0.14660526606893837
525,1.101015415738455,0.6318511491937674,0.8291652551353854,9.325841073179185e-06,0.26375483098033853,0.0014294208574936538,0.26302073618931465,0.12359295527827957,154702.61934089067,0.10680270820959814
526,46.87889208363315,1.1204462657126886,0.8272939006632799,0.00023193745151767924,0.25938566162956633,0.004885398505460286,0.07490092796063434,0.0038156647868388353,163713.8728271944,0.18202007466587294
527,2.146187898544908,0.7118504324505114,0.7752277880041076,0.000458528275885633,0.5594924851645384,0.0002052934452502931,0.11184803493743782,0.10631212903264264,164012.72946337436,0.11309119386175595
528,4.291032773811042,0.6942031503544996,0.7213729660176409,0.00035256116918491384,0.39387703363805565,0.0012574033519653423,0.2945610668111366,0.07867996356545495,100028.3561556931,0.15588307277102398
529,1.7129768899905053,1.1272063645146961,0.9116407301275664,0.0008150437790406588,0.06620624415036426,0.0028192028228243467,0.12004846115705127,0.12515847274315262,157427.14321196947,0.15025029223543146
530,1.4270021182099306,0.6526770102823808,0.7337724926490429,0.0009606450877511271,0.38684661634255796,0.00316507054242465,0.10685699436316888,0.13138635178992253,167661.03779630057,0.08034163615373693
531,1.8486786088964187,1.1458412361385026,0.7152496584296912,0.0005426915174546865,0.16371650106355512,0.0007790249813128294,0.18533845671275373,0.19410743461904342,78329.89850026219,0.09807216163411521
532,24.89719898509836,1.0230818326710605,0.783331919225655,0.00013611724135007133,0.5976271901276048,0.004881306854436137,0.08628809872312797,0.061799679232436545,163510.51938960818,0.21002101183281874
533,32.80995228314115,0.9344041788561412,0.9320105474576665,0.00011926890342646151,0.22467867405516928,0.0044102267959197005,0.2317698833150479,0.06349924216838783,170053.4544808101,0.23660598928458138
534,11.34484521368664,0.8467510579676095,0.7550515704673781,0.0009338347558668019,0.5417715512235914,0.004672925149037421,0.1184490411578809,0.08280803108393578,165615.82801302912,0.203087002513837
535,8.395565156132546,1.0574684902397793,0.8141935591841584,0.0002675957503914751,0.36187370111643596,0.0012314656087917637,0.10804563356733392,0.03694929931491347,72812.57194120812,0.20582157699455855
536,1.6501245509163978,0.8859613320265112,0.7758136056076614,0.0006051070478431488,0.4416105203871629,0.0019324010655394548,0.2630323581163963,0.1376282569465432,103111.36014414617,0.1874755770356722
537,4.517608145345707,0.6193377319362274,0.8675885989448822,1.5999246191305268e-05,0.19842228645539967,0.0021239157087394266,0.2355916654157249,0.03865196589570204,76501.52668099376,0.14828911941326695
538,46.28159055724599,1.1562619237066762,0.9449696738552288,0.0008672618736359649,0.31946859418097495,0.0016919885713398235,0.16438623236042804,0.013227264846977872,150933.19076707552,0.24764868349259134
539,13.948166180072388,1.0411990679397962,0.7331309590642923,0.000313584593920086,0.38632768106852855,0.0037380924880689287,0.19845145034819728,0.008365255010023631,108584.0121891034,0.09935676817231727
540,1.3648709100073126,0.9123894547342493,0.7580633573972817,0.0008271830915576906,0.07332875380500378,0.004979598220467836,0.17967566314687794,0.15738397246377464,165093.95662317803,0.15504610634057792
541,1.2846571994197409,0.909676009856879,0.8207269935824522,5.024615373209477e-05,0.21014864922877124,0.0020503954681273407,0.12613853695555965,0.11154018996268189,148220.4097860321,0.12912223932717837
542,8.195162149821234,0.9678805675463356,0.6190913333854342,0.000517452680615872,0.1282317903263004,0.004166478171690534,0.16292452195741386,0.0844924364900883,115361.65967567556,0.21552420152115015
543,1.9594357733618286,1.1627054746195435,0.8436399496439284,0.00013617136751617223,0.2774576178036891,0.002309340688750664,0.0947196447359039,0.15574622837520796,73580.59034923141,0.1945293582985666
544,9.73833665222724,0.8728099245884104,0.6875288029270333,0.0006920257109025706,0.5489393546529736,0.004002782490131041,0.22959367992964075,0.040386400941831525,145516.12695675634,0.16806309505793082
545,0.950159964429295,0.8177660334943527,0.783336057123152,0.0003847032868873102,0.4850866268303638,0.002607165612274076,0.28743847228567987,0.08987968360494436,73699.79265888933,0.0747088433670867
546,1.385975124066121,1.1473516672932793,0.7979220524799592,0.0006598708102614419,0.13254935398078146,0.004357210833643199,0.09471669116831717,0.15365206475687768,105672.84111133762,0.12573572628251595
547,10.095102945073918,1.0611782534165655,0.7561903819521754,0.0006268263968118678,0.1146546881213639,0.0007446980558792201,0.10071292631986158,0.06190366108739636,110349.80294829208,0.19240949757592452
548,2.060734104095549,1.1132466338514189,0.790225405861505,6.744798350154855e-06,0.535486606295457,0.0012656039346954362,0.1972155817960773,0.09172853156570733,90373.31701416471,0.17451206559746835
549,14.427931876620919,0.9600612625773535,0.6856496100035216,0.0005477942679735633,0.39087132137827185,0.0028319883765175547,0.25631312617592067,0.01588098347368323,109218.16388536277,0.14514239796063078
550,1.267643955732618,0.6220326310934472,0.8988402505319657,0.0006673295464032489,0.5109079396859333,0.001562363578546377,0.28009617456738406,0.13065537564310406,77790.74018156284,0.059783759988605946
551,1.746092686456283,1.003254297156843,0.8138814146170289,0.0006918221044625861,0.37723294246759576,0.0039578071397145705,0.09435481683591988,0.03564967835148456,110034.830862643,0.059806272549759815
552,1.3136609616583657,0.6558757726930617,0.7047530685587796,0.0003692008560495991,0.258416643374753,0.0004315667213228771,0.15683095984777368,0.18629596387720115,129475.95509307561,0.14106756560405315
553,10.264383133458951,1.0167716630968806,0.6960464899631067,0.0005275256806712163,0.3385554150895398,0.003509564536991341,0.203013436232106,0.026909157815610207,95139.92560280874,0.1600942165626971
554,1.4038694089839958,1.1923135582551496,0.7692820441233064,0.0006889656239760909,0.5636404211335008,0.004932764367486146,0.12179682595106513,0.1257957198157111,147567.42237152153,0.07186044688726526
555,1.6388492216852708,1.1970146013345306,0.7238486705309665,0.00013058342441674828,0.3594488857166342,0.002646558420904019,0.207964401874209,0.10507824506631894,97978.62701981666,0.17176892138689454
556,2.037280809730261,1.025152240502036,0.9427401808481246,2.579336308605371e-06,0.0631927386349968,0.0031647576377093005,0.07948143098031797,0.12188115154612307,81588.86779874295,0.1485008907437032
557,2.4729025414981067,0.8484246837146231,0.7168272899268382,0.0005608550894129088,0.4006269489734311,0.00015535661309234587,0.10029678473252256,0.19979740145002617,155947.72215066076,0.21961395771403736
558,4.392085671698885,0.9040137762576055,0.7133733437840745,7.125131172857536e-06,0.4272096837558268,0.0017726717676270134,0.23109916070275294,0.061554509848779415,154823.4603415454,0.10632534065010774
559,3.2155059475837104,0.798308899255806,0.71827789934574,0.0006728004844086555,0.5538896792454663,0.004006546480761732,0.21141305516614373,0.03512581764759955,63494.08581737527,0.17319866859929683
560,1.0497924735477502,0.9221805269834187,0.7172883790870348,0.0007842050441753303,0.2776741859338021,0.0037386647662111306,0.25877643399140465,0.17841166535798364,135264.05852492267,0.14629910462407214
561,3.90337035472144,0.9215312854292321,0.6728918645686595,0.0006858078070460824,0.4897444334171901,0.004451344400639353,0.13839888510520204,0.06310056828733861,146995.69852190997,0.10986874932787215
562,18.69647423773195,1.1901712613191042,0.8192787966653376,0.0008425633691609168,0.3640399026358797,0.0020088747420769675,0.19879796675749983,0.00623463293783726,93655.20343846602,0.24392265848711864
563,9.772748491846235,0.7886996390365363,0.6110698755459792,0.0004144556982942744,0.32337993891817923,0.001264447006737884,0.1629765824032155,0.1410532368091039,150184.8250403536,0.22291873810044516
564,3.4816944617572014,0.6673387633601532,0.8747303941330928,0.0007780126010693335,0.5523446153918822,0.0022744930556369866,0.056233693657489994,0.060463659726102265,85936.78551176227,0.24014534995351539
565,13.553215029652291,1.154182060734057,0.8563543733645802,0.0005241043335426477,0.47654326505985756,0.0008021457349543185,0.2679497463596082,0.03804233571904286,120006.51701159278,0.14653263822936385
566,9.662039692449907,0.6796302938693185,0.8535997212886317,0.000459909042203431,0.44252256472144724,0.0026594898787706813,0.05102746730853115,0.13534345774757914,172562.86160601373,0.21442770359258873
567,11.206384801900361,0.6522455349562604,0.7634065658689666,4.7093630254266526e-05,0.3363177416577867,0.0033290230047197497,0.12812020000532315,0.11885751615744099,142446.27968799236,0.23646746880416564
568,1.1468015939430747,0.7925282219077148,0.6673909738682104,0.00027737288912939675,0.2255323847758241,0.002261466551486461,0.07941270968439841,0.17842711688555135,97457.1478118159,0.1655119668818918
569,10.265114463017152,0.9737669776065309,0.7799212316858124,0.0002073708021937771,0.24267497585826447,0.0016605760680746678,0.0853892071978707,0.003051343498078052,92836.42630081807,0.07986414455994369
570,7.3778523559989395,0.6427457227321456,0.8146420092305919,0.00033940015363720453,0.29400620108767894,0.0007373626101170789,0.16768389475213813,0.048965014772526884,93992.1235210445,0.19087073922753756
571,5.563915594782242,0.8558794471260164,0.6626440476375606,0.0005965252411692188,0.37601592314398935,0.004197254578632206,0.22484137498929402,0.010759975144445266,72711.23026335207,0.18509918756850957
572,1.534656356737936,1.0277392108368986,0.8348045929018775,0.0005339514439662328,0.5855250388944983,0.003803140384299297,0.16642384076079225,0.1634883958073663,97492.87813812384,0.17326306753698634
573,1.4235278417368415,0.8809655432280734,0.7594544597613594,0.0006847934968305691,0.44061874614336644,0.0023804431647485103,0.10792355341361513,0.18393780842214735,157542.1221277271,0.07635905607479239
574,1.4228839132882274,1.1477169664060294,0.7372269214255629,0.0006999150064613458,0.4158493401980427,0.00396501566110461,0.2706009725569954,0.12338841744967216,163331.55324670748,0.09475889078337203
575,1.1995899466032032,0.8108644924103561,0.7614345892967149,0.00017163074325751593,0.4723678331206626,0.003061757134019758,0.08184850049754543,0.09506687240732768,63631.69586542117,0.14065661353991438
576,1.3648296429789197,0.795521836978867,0.827307994476135,0.0007926385086016061,0.3430100612605822,0.002064000726443724,0.15336047641667588,0.15935155467239215,158106.34706700422,0.0705864420617908
577,1.7100141471089854,0.8302898752662238,0.7192499553627025,0.0008141017891866401,0.37503360947319614,0.003943138485424262,0.15883842700572903,0.194778346244059,125753.88207348014,0.1741749677713082
578,10.56330150454532,0.9975673541558021,0.6272630409060304,0.0009309323958173165,0.36580355994560937,0.002484488501848146,0.19804078377052303,0.04723086382908442,125343.2256228922,0.2074653541180504
579,1.6086072304355545,0.7057044013203787,0.9345592062326356,7.053802719459625e-05,0.1098095486091805,0.004088926927912135,0.24283584471766972,0.16440461046280896,126610.52414565136,0.1425816868623765
580,1.3583351182535177,0.6543198028994132,0.8859617564724449,0.0008873742750375505,0.5467908025923645,0.003217050818117059,0.05004608511380425,0.132032951804224,119315.41768758514,0.12578220267207657
581,1.1171139685014537,0.833989596138472,0.8022759952135825,0.00019647095355731256,0.42483423339265536,0.0016513288145415714,0.19256910196383792,0.10625116421506293,77905.971812881,0.07934507081043927
582,2.092488087561345,0.8608362200161421,0.9439031062296872,0.00034492036180420945,0.09910807252302642,0.00013978433680761332,0.2966054121226517,0.18866665949922276,96546.01596459892,0.23264085304671367
583,2.6067311561072746,0.8215337361443446,0.7921097978112461,5.407418386520787e-05,0.43684476843488684,0.004121691089835849,0.1398111576395078,0.0588369325733342,75306.68364689217,0.1308394832128834
584,35.81849783488527,1.0213331293620045,0.7379939132841304,0.0003188091823090753,0.2605342881628719,0.0019696687209042247,0.1862796969920696,0.04704823409276529,163881.55641959733,0.22224956792922207
585,14.292940693838567,0.8307570346146568,0.9235687149770614,0.0008401227240399888,0.13484700999154875,0.004987534610751307,0.2175165204807169,0.03764536761555311,116984.5695546885,0.18249751206250503
586,6.7814448127796165,1.0328035394171864,0.7703454679271157,0.00043729838064312973,0.5946197031041731,0.0005148508770196087,0.21056072489533872,0.0031415598750053064,68609.51958452693,0.07685548962891511
587,1.3433591356132863,0.9626577076180771,0.7489964598278475,0.00018061757972046705,0.33017820293656414,0.0028050451488669955,0.16251144182815164,0.15778568490652817,114723.43852542262,0.13317109325550908
588,1.6298708486095517,0.9467631004668338,0.8963813603357946,0.00023751321731074057,0.3259508427090029,0.002113105286957068,0.18654156509107417,0.12091465146456658,82294.92404291496,0.12106144610902803
589,1.5935811436681069,1.0229295255329247,0.6396075293652271,0.000482051375782311,0.4297734956743918,0.0007962286515378116,0.23282329575420924,0.11362991554031987,177388.0139331803,0.12339400505045335
590,13.619054854277204,0.8789617963892946,0.6273821106789624,0.0008900255628262501,0.0986454929029734,0.0024150127045083633,0.23542152766834373,0.15577396345052177,178040.205315276,0.24671581962607897
591,1.7599794356682843,1.0788589443845829,0.7093749025059021,5.3721497868610064e-05,0.23895039405128576,0.003914782952910949,0.1672172025852553,0.12673753282308162,69369.8302066988,0.24208220939147046
592,1.7371013864755815,0.8526096642892711,0.9362034558669938,0.0007984249987849841,0.20906464377142103,0.00027309857685678174,0.2807161290154541,0.14676290948914586,116307.8870540547,0.15253262207814317
593,9.580109674380601,0.6368506578920783,0.7656061861839099,0.00016991016171341485,0.07839093663525529,0.004952787664008071,0.2522239449198918,0.11274125465816727,147236.60569043894,0.19988505587588373
594,18.771944555443802,0.9033576655843656,0.898005839618422,0.0002785709481373349,0.12289631954348658,0.001476762464259295,0.2644645960199753,0.016502033363016432,94417.87852474468,0.1748634010960133
595,1.3511787263285155,0.9550620752824868,0.6528974647127425,0.00044720651451049043,0.4943123802279654,0.001380137680727137,0.22519371814317235,0.03492276953180356,73385.92851503628,0.052840602012618136
596,1.6415269787724323,0.8057087972048148,0.6295405129981858,0.00014592518153748322,0.5636680200841133,0.0008553364627384366,0.1739870688929433,0.17240288560552974,155924.64076941207,0.14698370275021969
597,34.76643680312938,0.8641110050350387,0.8231511332731629,0.0002116458907140764,0.4538986110166323,0.0017908710253700339,0.21056527432873007,0.04758948782185806,152444.13469716936,0.24871711494467835
598,4.571772880889379,0.8392468816469547,0.7054784954837947,0.0007464043948449458,0.46383531918639376,0.0027093520786236253,0.1449501985376886,0.033520079350493726,73919.32372974443,0.20109678628970834
599,11.568004226604936,1.1221666415098355,0.6041520640334284,0.0009272953035273533,0.2968513429917562,0.0034246176857268373,0.2904406807017576,0.029029966191116155,116950.74969168766,0.19112156091640964
600,1.98840914119993,0.9824544907532398,0.9346642795613687,0.00043235409273859174,0.5549231090295036,0.004305942798671826,0.13374185165451113,0.18354242821230493,64922.1138036528,0.18657526218275838
601,1.014973549406885,0.8346922582139458,0.8706028553571692,0.0007493418208476541,0.453872400667812,0.0029847490264135346,0.09873142115762888,0.13086865631368283,71793.21460903637,0.10341756314384394
602,11.804884275161196,0.928567533242306,0.8354806509089965,0.0008318578103250564,0.05657877606292678,0.000578723921431563,0.07597682119440204,0.035983330478176215,142833.39946855442,0.11748132061618291
603,3.3260572205926087,0.7158477188678463,0.6082951654999631,9.284934129435587e-05,0.566178007250847,0.0033173670409652445,0.2588647842720611,0.056659403818690925,86329.9590872979,0.13918844066786232
604,5.628372643724752,0.6719862658666955,0.899754288506806,0.00013077734595226103,0.4110170459011328,0.004509496354123493,0.19151720107197773,0.14161502116590044,136569.9462191374,0.2400977918496504
605,13.145591838185357,0.7520014433319954,0.7634344520506802,0.0009362458778518325,0.40132927931393725,0.00462120741513902,0.11909589053943591,0.1391307267312154,167520.19564286922,0.24343310175056548
606,1.664893717187689,0.7940424766719486,0.6566881110761758,7.492306298025087e-05,0.47740827265615055,0.001975715111971595,0.13316368422649533,0.15397610183077992,168406.97914443538,0.13539667977723702
607,1.7023183593816862,0.8643448996666006,0.7721026252418584,0.0009286577119340633,0.38566603672466376,0.0009743666333173775,0.17301432361533953,0.052932970490946585,174672.6839060791,0.06201172956561834
608,2.789184700369159,0.9860029001813368,0.9194132279943943,0.0007156849174330925,0.10680791377405444,0.0004573055665569036,0.1928361399612299,0.0436772996395324,152244.87879686378,0.07877452007030271
609,1.1555929684228645,0.6893125652649938,0.8241173442475771,0.0009329608298078016,0.41553321007464894,0.0014055387574648604,0.2250137998346814,0.17930247857824175,113505.84627875517,0.10011927005236919
610,6.309035239987763,1.1639466439380821,0.7717378088634371,0.0004366216097959044,0.5142270345261102,0.003926591481120517,0.24634542627278655,0.10307660059274085,128956.83020684458,0.23092350869078987
611,1.7929046562602684,1.0907859956316495,0.7687232195766365,0.0005676766416264235,0.564273203129923,0.0018586998003263366,0.22045893390258414,0.1908310691852291,60396.88323535669,0.1580257434038026
612,0.8709604465040126,0.6544001848937065,0.7871192037960121,0.0009609645964780654,0.09425123157091339,0.002352232833402008,0.24162702241904782,0.19176477737288833,135872.70319195013,0.1301229596960465
613,4.735159774473026,0.8304982050988111,0.6668511063203559,0.0006961863963284687,0.5430533838176906,0.0031900235814998194,0.13981528037507746,0.007866236519087777,81194.19654113842,0.17955851436126302
614,0.737999109561161,0.6839657710598332,0.667582451618296,0.0007200192957102298,0.3761199856636436,0.0024972394973409237,0.06574815771121377,0.14706483660558536,135934.95229302382,0.0669724969345542
615,1.4311410659228099,1.1005501753618332,0.7572575471423637,0.0009958377943739434,0.07037347396170204,0.0003746668201299093,0.24694463297913222,0.10678800935291327,96927.70555587186,0.15811040944368784
616,1.717921208075743,1.0003898509880287,0.7604296276646213,0.0006783997456232446,0.5308404661350604,0.0008298727849956776,0.19483642807786472,0.16142074116148045,74182.45304674938,0.058562906690698635
617,5.762365919670433,0.9922989160674647,0.7649268725329086,0.0009181010567527542,0.07519093143549115,0.0035363543747294946,0.08263443338566497,0.02831809444560811,64425.32009076451,0.23496316235070447
618,1.1724039402055002,1.0762182627497265,0.7596646075243433,0.00017151869849500658,0.37507336910945677,0.004107220871043242,0.07658280006457059,0.0614674669813204,65994.95968639464,0.08444980179169989
619,10.060959041421267,1.0826721185563852,0.7491740123783803,0.000811709508710057,0.5902060140360937,0.0034241494027513427,0.13105873525292133,0.04411450484858468,155901.02668013738,0.14942869930711
620,22.042130525776155,1.1018562553734736,0.8775855844812925,0.000764463654484905,0.3761968891724661,0.0017439682655765656,0.08018637238795563,0.02746588039635103,129116.0412542982,0.24517065388573467
621,1.3819740143837893,0.9320446379408514,0.7535314242189795,0.0009257498550668644,0.07238439189906405,0.0005898424683224871,0.2618416775617648,0.13925915713597437,109818.5189080693,0.07824736052386475
622,28.606636354518365,0.8921804848941681,0.6022223524937659,0.00018023344329156594,0.09902768201163176,0.0032936033800935703,0.27172878549197976,0.003126065253655508,153319.39651765255,0.17248830106277918
623,1.1083347565501698,1.0154149985025485,0.6721560765063818,0.0006401858780285627,0.33769777527250733,0.0021189534900512047,0.28452240261165224,0.15451254170538853,156889.41638968053,0.1332444484435074
624,4.505582903894949,0.8999325809421381,0.9326043224394873,0.0006275644623909676,0.48042066667720573,0.0018044824775461164,0.05114251032045185,0.03600009339630417,64514.545437340705,0.17210759772609707
625,0.9188756313720716,0.6574103129755896,0.726665456607609,0.0007613671109959136,0.3468475545134202,0.0011744530549247442,0.2425828207777147,0.10603980418561619,74100.93872541504,0.09712780146584342
626,12.064687284029263,1.0779677829856458,0.8398353140452771,0.0009686052639750607,0.3109270619126644,0.000963986705115601,0.21753565878173903,0.0387437986026393,93171.19007086963,0.1818654316784571
627,1.2648992884171284,0.860802985361435,0.7170031202278045,0.0008053485208838398,0.46712441145800937,0.00031225566500174524,0.23510422120328356,0.0570129040026512,137383.30039160824,0.05862312026922048
628,2.329570559724762,0.8910368376146423,0.6406227799117626,0.0008951840957258981,0.44677169430741276,0.0030042626451017907,0.1314930785802496,0.15709840361634675,81106.51298586631,0.23497226914370156
629,1.7697739924671847,1.0673851673758008,0.7141462786475101,9.896606966764652e-05,0.45576132630502797,0.004362442884443578,0.14388309696943524,0.06513699178407077,141222.30550501295,0.08975027910930924
630,1.027096734547718,1.1342933063322234,0.6507294451866881,0.000927959229326428,0.3002449799175069,0.001997918489054418,0.08410115364518052,0.09688154318085217,116518.83118011855,0.09413255166043298
631,3.487704762117197,0.7213265344614893,0.6445241176428876,0.0006925183189816562,0.08280844579884622,0.0007688573468061936,0.26291284163582007,0.1951111782635667,135842.5340282233,0.19396424322449407
632,2.3485672087246976,1.1318453831754394,0.8112725939964938,0.0007897574180571053,0.40089956763400186,0.0030964876431027995,0.09248387101687759,0.06871520164587133,80544.15800601801,0.14171578499410126
633,28.84582219223336,1.114184258230487,0.7712246894968275,0.0009956686730625195,0.37536947921230596,0.004201246228572267,0.11979271958489689,0.01729486646010896,162600.48260960187,0.24402716838234012
634,22.223281420425277,0.7963775683980377,0.8028134605127745,0.0008919308055084363,0.37547439761786744,0.000829951538722203,0.19342519621970466,0.04933083541368162,148341.4630942927,0.19600355092899557
635,9.026052239637211,0.882391578257723,0.8690122367924132,3.4586933845817614e-05,0.34211694946047716,0.002448419762161455,0.2495043786180271,0.00801173596273883,177622.08495517747,0.051015516248005405
636,12.541610277973167,0.9350921798635066,0.6043480470225657,0.0007320544976160784,0.5724636425815788,0.0007502888087644266,0.12394760705355999,0.048102298502760404,114292.96418602916,0.21425826415121435
637,1.9104939660856262,0.7829019613346584,0.8461565707679762,0.0008580641891197146,0.46100768313566637,0.00021962602126942424,0.1637101994152379,0.09595659027849973,70887.54059308484,0.17952803969227027
638,14.312843653880279,1.0739152276734343,0.729647161210953,0.00046483149160592374,0.3983712665792554,0.004315874989880581,0.06767464798852664,0.0810720744504716,164903.88456267258,0.2043670015612601
639,6.818835079726802,0.8555413518230081,0.6944262831979933,0.0009461493980354723,0.3483393085477959,0.003992945890985559,0.24692296103511968,0.006542835081502752,99948.73660587102,0.22868688805513177
640,1.387265353843972,0.6328870051267883,0.9308627804257082,0.0006749783136220763,0.5383878482755975,0.0006437360642588096,0.14139771473659735,0.1471521570268918,165701.669754709,0.06619180831380965
641,7.2897872893536775,0.9352742748180344,0.6234520699550612,0.0007096277988165761,0.16259192620309582,0.004908132949033047,0.1096581763394807,0.03505348063733078,103868.53727677434,0.17382669007908452
642,2.0038288935148354,0.9480716312131198,0.9356863058805112,0.00021058418162480232,0.4597591930515113,0.0012046424088647415,0.1381779173350577,0.18782958649438194,117419.21580199603,0.07271153576528787
643,5.431424178835842,0.6380215080357213,0.7208293036248067,0.00048674067824295647,0.33967542951001145,0.0007012762278601736,0.22745632218551726,0.05542906679877638,141627.20867061237,0.10347157046730215
644,8.397614608941943,0.9725707607037388,0.8799663535181974,0.0009454199570084354,0.49483773215075155,0.0047102918463002045,0.06640689780628974,0.058452870625225264,123942.65583108473,0.18566165838447068
645,26.48929188133063,1.1387675159222415,0.7009304406895471,0.0009566703029861329,0.11015070632563095,0.0014521194074222476,0.22427052771291517,0.016034080670300856,114944.89439187237,0.22838064265844077
646,4.209874069847317,0.9763657183469396,0.7026093046798395,0.0009696050309369041,0.3477892269376427,0.000746934107110903,0.1366750616955198,0.10413752787128801,164999.17674445166,0.14926574699654888
647,8.576106233598301,0.6377697051556555,0.9051277952693118,0.00023309573544645732,0.5710967915936653,0.003258892952992015,0.152922932391436,0.05830335943260887,137362.13298572507,0.13877201041237897
648,4.217562818645306,0.9560143530332534,0.8439022532519562,0.0008420659625151773,0.29489096702563683,0.001590003457512953,0.0829885629905051,0.06526128275118528,137526.14717497618,0.11855849572384432
649,7.6364849644685595,0.8905458675558968,0.9397534169320105,0.0007699799873878673,0.0760254150747216,0.0018302923872580525,0.16398163429687518,0.05200149152693441,80608.45505231712,0.20786965237035604
650,1.016481407399775,0.7711479493183515,0.9406221312386972,0.0008394923451945413,0.4310725979327494,0.003365144233352248,0.08837120004231987,0.1423624344696353,170895.79685997058,0.08327261450682613
651,1.2998669808601757,0.6758841072360663,0.6911425190373156,0.00018531208649985644,0.35936798333319947,0.0002699765344054329,0.12923594113070996,0.06332516755837972,64938.17477861616,0.09758106487530072
652,2.206041409545861,0.6975585648431314,0.7055459193328135,0.0009205135419659338,0.27250928217238113,0.002547142887605272,0.08634597165098236,0.10797331925550949,104749.79232111195,0.11876940302244457
653,31.734566459458243,1.043096988854463,0.9414603626548734,0.00033194936543402603,0.4379982461225708,0.002422162301020991,0.1224567956656321,0.0008588611634823052,98426.15171318047,0.14160814721556197
654,16.503504792843753,0.6882500848155148,0.7978310302271717,0.0009069739071381824,0.2931580438187452,0.0034768202092524355,0.2329101303200819,0.11474551657868584,177682.77346557297,0.23880190514648209
655,3.046281712149971,0.7848493204629223,0.7405704726735702,0.000841036039286438,0.29528498013739624,0.0005531575433849968,0.0637584090384677,0.110191998059863,76730.79521477968,0.2300348938108696
656,17.72861070382878,1.1613990460355361,0.6972745092101431,2.352609771122001e-05,0.3461267617881168,0.0022827446015001125,0.21788944407854915,0.04442877140832446,130011.77298405812,0.17826253055803437
657,2.485762504501125,0.7906546872996026,0.8117772376466136,0.0009434587619378535,0.549645822619807,0.001869217858821408,0.08698648459457563,0.0388900078691026,121414.50261571133,0.06747538741803094
658,8.297072814399835,0.7707902193587431,0.7229742616998394,0.0009775461045885866,0.5308659546715628,0.000529233291424112,0.23196333923899543,0.07456623019604502,104355.59605310495,0.22076081399267983
659,3.458877199060645,0.7731804109981224,0.8819854747861641,0.0009703903125288032,0.28310770914504696,0.004492501250129562,0.08489192172048897,0.16073710090295132,179111.65989840904,0.1388440724336023
660,4.7918039561817904,0.8847678780036379,0.90363403695714,0.0009866517089760403,0.0863636796417396,0.004804466961281944,0.23902851338642167,0.04155675814037194,70329.35691801246,0.1674360135166879
661,1.5635617080692972,0.8487084083626851,0.7945348457376806,0.000710536759766552,0.46538406128570176,0.0007709424955871852,0.0965016045277635,0.18288209926087984,109135.27665031492,0.06768965573105046
662,28.832055858116096,1.0957489831834715,0.8921048205705202,0.00030461046490525,0.357604581169194,0.0023709139876078745,0.0567100036725766,0.008446582887767562,126464.03118126298,0.12635390652636164
663,1.8578508880908944,1.100545842810992,0.7653894092400515,0.00065415915923005,0.5409775891023052,0.0021440681835928873,0.17297162582500503,0.19120531922661543,91521.2428273285,0.05048933499160999
664,14.339058053965037,0.7663302205192307,0.9480165339240347,6.765810156086406e-05,0.4600610654724219,0.002947222273456908,0.19139364741010312,0.023870932705280713,89370.03138224117,0.18756863719938077
665,9.527639716228778,1.016547059200469,0.6418542894022224,0.000513013343537035,0.36639502763487236,0.004241872333524616,0.0907118081704797,0.09520814265945365,135359.5256977494,0.2236691836385601
666,0.869382142703106,0.681298436331982,0.6571580981352247,0.0002733976833060554,0.28073270283591684,0.004569312643857793,0.1389960807724202,0.1756634528834865,98361.73337195272,0.0617020787986176
667,1.9885742229458454,0.9083198958358831,0.8682548531875794,0.00018406424991730365,0.10197975880890611,0.003787879681728526,0.18592808381208564,0.18726340394739313,123553.47958708988,0.1079712395245792
668,7.06914383751589,0.7806433853721274,0.8399053018114613,0.0006886582953345788,0.10270837540873268,0.002942228543184577,0.25582870420760945,0.13699343025666058,159218.63959282177,0.22448862689168814
669,0.8224523518308411,0.8909394148528329,0.7191095819496928,0.0009108771905144015,0.10632982194298443,0.0008573190820707095,0.10527837543110093,0.07460283902109836,122180.4895532886,0.05257953276775693
670,1.2986837681570331,1.0988497091196263,0.7839784886399239,0.000532563558003564,0.35311205563132225,0.0038059030438411484,0.07849168408167782,0.12268567188032392,167646.80793165136,0.0876833569930594
671,1.8457785056601006,1.1540458516063365,0.7678313804557433,0.00031226189238100984,0.2494127111618048,0.004103489646058498,0.2724315963454204,0.16376894881014847,69168.03906848935,0.1420982717216479
672,12.175252653079855,1.0259369297535013,0.6100658380282005,0.0008147595343029373,0.17229681626553056,0.004298394525064504,0.08558983409413538,0.06840902592570655,151630.74550340604,0.1695297278808372
673,3.155766520050712,0.6471629772699106,0.8417863478292397,0.0007842456933230943,0.09275441363709806,0.0038959923093978234,0.23933350859442254,0.026043650479777993,75041.30173609346,0.09531488613401103
674,1.2997036533326565,0.9080875155024655,0.6207428329749317,0.00011980329578087307,0.18915685917291658,0.0004246120697115691,0.216896605883301,0.15861103633014684,72938.08582376782,0.05850338816099017
675,1.464531521355829,0.7232407119315998,0.9154112035036723,0.00018559704275377125,0.24334351655909797,0.0005448186338933495,0.26146538061312957,0.18401961416273113,153884.4976935925,0.20091005429104508
676,21.054135026791798,0.6963344016155812,0.7752220453566367,0.0007288255353744587,0.1830023871935909,0.002894153250268485,0.07477642115128506,0.06956730835468064,173854.99260999382,0.2383689959010119
677,1.2901150477724574,0.7149285121154656,0.6986498770126752,0.0009017586312164654,0.3454195689587362,0.004870541529016285,0.07467142962707597,0.04339961516233031,61678.117390428844,0.1656267356324852
678,1.2181373292063051,0.819877815387247,0.8062831998973639,0.00044022616336384545,0.5767612547355031,0.000986157834457133,0.1387055862346685,0.14155121814417168,120503.43261775088,0.09280307728123244
679,4.314588724666718,0.6677072871986452,0.9446144626289463,0.00012449178707179268,0.11067388866730157,0.0007659706125371042,0.24056841984624128,0.0455108425134092,85712.88005791693,0.12592301133884765
680,18.2504922703583,0.7968692443983829,0.6405029124369724,0.0002843278311303915,0.38021422963511886,0.0016288338628897671,0.29404476180875705,0.0081217126283764,126855.85473966888,0.19094618303816208
681,6.76815752314786,1.1132194001732543,0.666074744983545,7.053954779997378e-05,0.5125820513169468,0.002430816304694874,0.21978277706995863,0.058117865003589265,126469.9069326659,0.1387911740330956
682,1.6428741461924794,0.6631031307415802,0.753320422641425,0.0006588897150221627,0.09675325055099884,0.0008025010521305808,0.15015607195913255,0.09832967470898551,179846.79908230208,0.08585945667741574
683,1.3114390087568166,1.1867119975479983,0.6226486439056582,0.0009752322866982767,0.2362474054853984,0.003015308066723827,0.2976653296580334,0.18505806310836617,72206.6587878157,0.16811144646640247
684,1.3381333756070224,0.7671109993673131,0.8497228325761128,0.0005823367053721572,0.20013503481422823,0.003968514388239553,0.21095779453073638,0.14504010006652787,160573.09576097506,0.07455243353973273
685,1.1743376870151432,0.8426661595144415,0.7695865007415047,0.0002796117425577844,0.47239975556767805,0.000629379673292721,0.11267246508848179,0.12063308648785771,117099.15399552316,0.1300471057833691
686,10.754553216699568,0.6597620341381356,0.6184983472571475,6.916044450280638e-05,0.4229590923690191,0.004863155497443444,0.14565824569125457,0.026921676143591866,135404.523559573,0.14945475642505557
687,1.0364579563140408,0.6578001771576916,0.6267810406638549,0.0007518581367688549,0.4721646597288781,0.003984383934613369,0.10048293861292847,0.12439335230474564,78328.3981407457,0.1858408724173246
688,13.166814454852778,0.806169389826722,0.9008853091983879,0.0005470734137792343,0.5739192722006194,0.00025483276363079713,0.15760160140716595,0.052333054754790824,118830.04323076732,0.18241864666029667
689,11.147841319731846,0.8258019377703494,0.760879683588396,3.382693631717786e-05,0.3561666027655903,0.004315767443321452,0.12576114290338053,0.06291183956395728,106035.58520983058,0.23298783171047882
690,23.79256829772562,1.0294339137781283,0.7706092243448189,0.00011027261089001861,0.42126351907703674,0.0033343850874419587,0.22134354177749227,0.026897648442476486,118977.55303741794,0.19121184075496234
691,1.0486301044496316,0.904011029254215,0.7369846868677947,0.000495196439321742,0.5839789171352143,0.0031230044142513728,0.1381909425677187,0.17087029390977465,117109.32662688679,0.1644420466867363
692,17.58055358390628,0.6270710712441715,0.8929269531983399,0.000349527911005496,0.45813142375038435,0.00023180922902711235,0.27283572261250205,0.005629397318457685,98457.93401726244,0.24555658889478077
693,1.7309766989733155,0.8144196484026145,0.722944241164306,0.0006615787658168723,0.18618766202809023,0.0032756058419442743,0.19813291669812377,0.06902860550872314,71682.00590742962,0.11825130489554014
694,3.213156729929313,0.8025565542419817,0.6068991965684732,0.0003267907210017759,0.3035001625252684,0.004330505756811186,0.19201235122002625,0.0609824912465681,67860.02832854386,0.23207780374287257
695,1.7184663503326167,0.9527935401599248,0.9450176735280456,0.0003783598558365046,0.2646654347131531,0.002905439359537182,0.2520816420919422,0.13919169525757416,91994.26623022759,0.23028196904237958
696,1.171582337831841,0.9016611135518127,0.867716365185273,0.00034019988540158117,0.38815533045482997,0.0018803380962475833,0.1589977830681179,0.06719349249710349,141013.35543922335,0.0700113366408109
697,1.7096243234660922,1.1042282932266634,0.7875419082114699,0.00028806820350058335,0.07614224861209201,0.00498151569746622,0.1505068380471375,0.15742992173928197,161680.0912983184,0.14939034228838116
698,13.516520946342709,1.1065121304014023,0.6331567653056429,0.0003375012231028942,0.0869983770812717,0.004025809790210514,0.1688170917837059,0.018391567047993586,149146.56307513212,0.09517719540681285
699,1.3146928259751733,0.7811082087664583,0.8814443491769444,0.0004334775740637872,0.34697116853553145,0.0010803772287826224,0.15057523893427993,0.1303073627110406,155478.2099217131,0.09194783173101616
700,3.7169685633595995,0.7083605105320956,0.6065111627410753,0.0007036283140533261,0.5244903937175602,0.0029265321466781027,0.10323820125461781,0.15268844298655165,114387.43263920568,0.1749927751948971
701,13.269331026014914,1.1622977553513334,0.7864517672592901,0.000614807875573053,0.4730155408290006,0.002225249975768596,0.19152911068241124,0.0934590626775264,149064.96131846576,0.24242341492162345
702,7.449375332634108,0.6886462132947472,0.652665428901104,0.0006856213300955636,0.21515162113507907,0.0022334050425162556,0.1296632950383908,0.07285493383182091,122672.35028801681,0.17535169431549558
703,5.382708422987791,0.8474630278360906,0.8882987465744138,0.000646396610970972,0.19104564918406453,0.0030460381214099832,0.15146648481205743,0.0407116082995638,67731.3035433836,0.21604287611117629
704,1.4414476328222847,1.0963372944766605,0.7624558953187154,0.0005602651855223016,0.2898731010564455,0.0032699180508979596,0.05925093368066568,0.04911732196367496,83029.92137763277,0.0727117153256569
705,1.4715451815403109,1.082122909774357,0.8305347494240636,0.00017680923667288961,0.5188865596296474,0.004822555763573368,0.17146049138574626,0.05167936949382697,76371.67545778322,0.08187169771300548
706,6.413694261845216,0.9609598441331646,0.9035101229120313,0.0009006743100891515,0.2738537683578229,0.0018808278016089878,0.21435765081219255,0.016785908213115874,163150.08034989727,0.053981748305748804
707,0.7618133984498651,0.6843360911430767,0.6391763273614696,0.0007347459266837559,0.5631144960697996,0.002657592038472473,0.2572453956686328,0.14484689063243608,173179.457044432,0.06806125849022722
708,41.80736461484441,1.1307389173965845,0.6833268993343223,0.00012315455662025273,0.49367798508983607,0.001713500963735859,0.19608155514530157,0.05036161168880924,171786.67502873554,0.2399349000679193
709,10.523343902825701,0.8537213990897314,0.6504972680463262,0.00017597910118024443,0.5834579117670732,0.0022534295223730814,0.11357648011837142,0.04718761583492173,149804.90751024394,0.12799013377106427
710,5.515824123514635,1.1692265336794914,0.7107714812532868,0.00042435753522350835,0.42550614614405236,0.004820245165831562,0.26985838522067895,0.07494099691453236,118843.0296183854,0.1678961888789019
711,4.490312507889761,1.0928192197151692,0.6073759736559476,0.0009668383541801886,0.3831981030787913,0.004223217535937605,0.21555585861008858,0.14313424582442533,103559.76147224466,0.23739445827143124
712,5.654510782020472,0.7438054975255558,0.7934547661590693,0.0003099592331894495,0.5771659864883067,0.0018779899822583027,0.253062574724198,0.15776054214179305,142881.89463388082,0.23816965528528738
713,1.8820732784516372,0.8330826089137767,0.9184261849989129,0.00039358259266301904,0.5878960699205076,0.0013521150810595747,0.07256258192718475,0.17152942782998504,164034.35221586993,0.07441075374917788
714,7.567598834170813,1.1341480366597796,0.9205617804348174,0.0006317213499536155,0.5337069861347694,0.0038570304129846725,0.15157220398880056,0.042077298252905494,88255.25459416768,0.21454154514769902
715,1.9392042477905544,1.1642972521112496,0.7648819491858012,0.0004135483572227561,0.5126399065032393,0.003615191487741421,0.26919030680981687,0.16463955607929331,163973.35059651244,0.05677633624380307
716,7.213210527164212,0.9038007083521808,0.7231497213043622,0.0006025138260685084,0.4973854266200232,0.0037151490509596827,0.1633154382839987,0.13969643750931335,158928.10388834178,0.21404826209008032
717,1.8999062617817537,0.9780938049110992,0.8768567612348838,0.0001369561310266906,0.2703640174868809,0.003178651738890878,0.12843045066261544,0.12831850228270833,66251.85874823283,0.05547017866667425
718,1.835278582900337,1.1817987521034807,0.8907174835146456,0.000763399540587983,0.5158282363914614,0.003460191553909699,0.24816057372729894,0.10327317821020475,78938.69273329098,0.06644641028468042
719,1.0142439865071589,0.7564079277521923,0.8406134050902511,0.0008269418407324914,0.4897407673670986,0.001073452226173541,0.15362410613819877,0.1470344217620936,117403.85759488269,0.11387982584758088
720,1.6049331263858608,1.1306048582660728,0.6785704967175209,0.000948161107942068,0.5577117935358843,0.0032708227775902704,0.20665683937949547,0.188951430968462,165166.80155156853,0.08637785076125588
721,40.138871227427735,1.0207566925220082,0.6590645847277644,0.0004016338761999163,0.2858968524650931,0.001374773121858618,0.07226531684032243,0.03965324053434008,176895.3086099847,0.23136895610239588
722,15.989322821645308,1.031150054302086,0.7523055573603195,0.0009200690598514423,0.29953932579600506,0.003400689209411518,0.07962808725327987,0.02347010376172498,173669.2210142996,0.12358403082210255
723,1.156722006554212,1.069273166058374,0.7007866904978085,0.0004946739895842332,0.12160963220312983,0.004296054865512022,0.20002069662430622,0.17238734485717477,82865.29983227162,0.1927127423929354
724,3.5659660053485496,0.8509985946731412,0.7429834356707501,0.00014679690926331537,0.20960612883322305,0.001382817373081144,0.2044200600143088,0.13543773023689265,93956.0694039238,0.24904148999465836
725,4.519532127948244,0.874898466851139,0.6036120847918731,0.00013407173108735698,0.2277852888101305,0.003495815433919564,0.22171311231743107,0.1368534172285133,104356.52874371684,0.23146564699458771
726,6.089569122779968,0.7537353563594323,0.6333477977287023,5.96935613308884e-05,0.23307439731125185,0.0012507230543164075,0.2770566343409972,0.14722082107841364,145014.37999900366,0.1926671898119084
727,1.9075131733298323,0.9589392395745185,0.861884644131724,4.646635974463534e-05,0.18951128555460345,0.003136323597033281,0.12562683891043785,0.19344196886159257,172718.6328209563,0.2493478873467065
728,1.8363084527833282,0.9357362331798299,0.8031704184620103,0.0002610313605047511,0.3270606970121107,0.0046586020116654485,0.26947418799267125,0.1936115620914488,104508.14556977592,0.1289393628705472
729,0.9278504883512467,0.6850774404126674,0.6408947196576323,4.511799932672141e-05,0.12032932210390147,0.004371229839842917,0.2587010094542068,0.10608476017852075,98078.0864151617,0.0763839067364454
730,27.748438213630124,1.1261618313039081,0.8145260497209147,0.000761802355019675,0.19506686727952188,0.0016337505477316621,0.2731679524574127,0.05658510163842539,171148.44509668887,0.19956467354385882
731,1.0753813249925084,0.6907588476941349,0.8985617814436442,0.0006577620581985678,0.48902110078926586,0.00036078872252782985,0.08715520176024578,0.15273508273072645,179347.80790621767,0.11310858389268702
732,1.5186327919927096,1.0235777175447323,0.7527504532829553,0.0009952065416148307,0.5599634876266191,0.0002998793718475582,0.13913002906147126,0.052044792717032065,64303.46978030878,0.09597210911384423
733,2.2776031046447454,1.1075030105699477,0.9034077551351398,0.00012453057979982117,0.10146783301274132,0.004354048237146219,0.09516374102785001,0.09859771000220013,118223.94173541042,0.19180582845338362
734,1.7677372490205607,1.1345367133459643,0.8049870906348425,0.0005839638435915601,0.5843950450589444,0.0026774754923399786,0.19269695278363086,0.054558310751985584,121048.5316716776,0.08365900032212831
735,2.10359059477386,1.0061451096578176,0.910578694306539,2.693620643762468e-05,0.42472178965608737,0.0034351331062447694,0.14854245069168193,0.1536506853969556,69220.25553538569,0.1332837982779938
736,6.632887828001797,0.6922652812102787,0.6283721328607321,0.0008308685263469737,0.4127466277325175,0.002324872024200469,0.28880038274325137,0.16739544171622148,174146.38200944953,0.16806769956521456
737,2.073518979417298,0.9937036542104103,0.9328135889663226,0.00032559055283271505,0.4523498695336401,0.0036981658417262427,0.2893506947849569,0.19395410276032538,60696.64328941129,0.16884085187018855
738,12.133976786125913,0.9861864177120656,0.7131097963404017,5.647948896181721e-05,0.0888982489774817,0.004764310924345467,0.14534773247791644,0.009736449720796882,85364.0233247985,0.1638316871662739
739,1.106281483212926,1.1193093064378972,0.6312159076867938,0.0008524934874103555,0.13961737613138997,0.003919513471214038,0.12123397224986553,0.19300986196231468,81361.29609353552,0.12977169939154967
740,16.98708336752246,0.8945070585657675,0.7513254467961284,0.0008065468427224318,0.2205557189662296,0.0034563135151357695,0.08282166711808044,0.024120396820525317,138487.7158589375,0.20051171325807637
741,3.903764201393618,0.8937738214974511,0.9098945635246585,0.000476963246943138,0.3596813923134461,0.002173045844153236,0.23912266087259415,0.10253064513187299,159846.34491871909,0.18310405924336837
742,11.375758866006773,0.8556102592927848,0.6141533313666993,0.00034240310254915447,0.3049386815878899,0.0011987280404067932,0.22155913396484306,0.0868211845020745,133664.1340133749,0.2121988719228447
743,0.9532883466012629,0.9148066703258608,0.7017460585674398,0.0004379181634120937,0.5489642410788653,0.0024402956893438614,0.08715163466369032,0.12591191626671758,119438.6704509962,0.08101394017140212
744,1.5044915194900546,0.9138552342104842,0.7034185718669554,4.86805461231122e-05,0.09209288585570534,0.00032096502792634915,0.07690804286049972,0.16830759085514174,168348.4342399913,0.07555794966863681
745,0.9497609787037167,0.941086926219574,0.6886831158728165,0.00025560534414635833,0.09497325884368807,0.0025668783804753165,0.0784838727498728,0.13217105078743396,71338.1234985499,0.13498270424160275
746,3.823193551352133,0.8357744025227072,0.6291516977972391,0.0008768785917883678,0.21370613368355101,0.0029773211020832054,0.16374953716500523,0.03644162691073092,81546.2635035906,0.182315664683102
747,14.701337988278658,1.1800317760621544,0.9049706863872864,0.00018800454206658376,0.15179806495473747,0.003760443664436879,0.20101321834943753,0.05301487794717308,134857.24729999964,0.1840519732981144
748,2.403761595040957,0.6035082417500042,0.6408373911280677,0.00017256361585218585,0.31241593065179624,0.00348985052693597,0.26719513024709574,0.10687520059632544,72759.67904966972,0.2243231589695942
749,8.384790650787545,0.9710996246924957,0.9408726622600905,0.00036136805430778585,0.42059172861075306,0.0034824374363422476,0.1487493094143285,0.09734449878752227,132226.49281553453,0.24316076151169363
750,2.917075370290465,0.6671475014804372,0.6055598362804304,0.0009705498432966538,0.522456616645667,0.001125224453639047,0.2121558054260056,0.00277518360436273,75010.73879162723,0.11053133172934522
751,2.084975573952413,1.0740069219704682,0.6668200584510917,0.00030161695171111394,0.3048840554914705,0.002422546528780521,0.05545420705612529,0.12521183022586904,112294.61685605916,0.17994796520736844
752,1.7418720028318564,1.1783201224433488,0.7650212195282409,0.0008599366489951817,0.3718744481611721,0.0010865582581212657,0.19235761543633556,0.14051962114165117,78290.6687904428,0.08322109863521954
753,3.802388681671706,0.9782459282024034,0.8495824851179553,0.0009795074509998426,0.5167389435517546,0.0037116837355154766,0.1989598876444223,0.0015748561958425001,66110.6616263241,0.21676770656069128
754,2.4033086172991625,0.8916605763734387,0.8068637464464825,0.0006118837979014641,0.42326735442720514,0.004101777261133548,0.17197537390870188,0.09749930262517983,94892.94383259167,0.16086090504978057
755,7.198582807836036,0.7895100901421412,0.6222286991309158,0.0008929843189392387,0.2794256019519815,0.00241935606057204,0.17369720008726547,0.08440090950787567,123397.05707343189,0.19285806575522524
756,4.783658960236352,0.6124841548264031,0.7008037735087662,0.00019300909620352974,0.23911606439173871,0.001237305254395426,0.10492558626021949,0.13950288807784023,101611.69360428338,0.23779289520707697
757,2.2210441166107926,1.1054802807354889,0.8299353477654126,0.00013202740852751,0.21136672308778204,0.0035857874111296156,0.2899508420692032,0.12042002656080393,100698.35983669959,0.23181403083350371
758,1.862937229094301,1.0775835982218005,0.8799142706381498,0.0008446867527057509,0.3920133081373924,0.0014840403548212196,0.23731357545813897,0.14691692644395762,140772.87523672002,0.21661614915906935
759,5.268736689673482,0.9634494043537336,0.6353163039514337,0.00041656837757760024,0.5965719794597386,0.0015878942776480513,0.1023582353383871,0.03989684456037595,75491.58648248711,0.1834112904710915
760,1.0583736339917884,0.8142263249021523,0.6555119127865894,0.0008281207397252486,0.5419516088583572,0.0002566530380651066,0.06591639656151597,0.176181221396935,62175.671481001445,0.05940986722597661
761,12.865003150293093,0.7344573832438824,0.6902377493514268,0.0003409838897742399,0.24538253712025015,0.0003287141559531163,0.26942841179114274,0.024137606564136507,134107.550585291,0.13612409251029683
762,1.3476174033715276,0.9092324656439847,0.8343200615528948,0.0007066985124004753,0.5596476541492883,0.002245350861661402,0.16428390995161068,0.1380271164680953,78141.4048553182,0.10349824711131705
763,11.195765387571997,0.9663435262873284,0.8737546902182369,0.0009474361104500755,0.5029856254112726,0.00030565024231223807,0.07635277093769292,0.02117837187894045,73311.70139431335,0.21831939482057744
764,4.823779043978432,0.6942195284143803,0.7022430457015125,0.0004420763921678269,0.32824313919331904,0.003689504281173753,0.07482355973552117,0.1821971541071511,164504.33689837414,0.175985223230808
765,16.404326172728982,1.1091570550287826,0.7536879613203766,0.00041633408888019685,0.47296824010925853,0.0013020487166239727,0.25228630392563217,0.02755449283567586,100152.903037513,0.17941859418710604
766,16.018399032820486,0.8234618144416797,0.8641958243791238,0.00036128276302524627,0.4157473902031645,0.0008428949511849183,0.2383767927617771,0.017046772339963347,120602.72738748352,0.11826401395612701
767,0.9554189368578653,0.8480456512481871,0.7432582617873165,0.000459294310852056,0.5188147636792466,0.003993575997224251,0.14044359241377607,0.16035373572829792,87381.84047162025,0.13434444187166653
768,10.788087666090407,1.0837481194020004,0.9302749941077337,8.569343631688745e-05,0.22314251453360895,0.004911530129496946,0.0910811704286789,0.0019897426927472984,77470.11670781838,0.055952585402993395
769,2.0659428130244306,0.9848794526649359,0.9158788960508633,5.875201971646576e-05,0.3973841591851851,0.0035955106334049007,0.215090407944868,0.13203523445504733,151103.0862066988,0.06229366569707731
770,2.8535355508721882,1.008522394452052,0.793763649878958,0.00030501869995019947,0.45848362611630833,0.004555231180685543,0.05197555837594635,0.08040056360629624,95486.93098363755,0.15395567264059357
771,1.8309553956992388,1.0201770383295627,0.7561661677461696,0.000205928437811823,0.349433910052462,0.003962873736985911,0.2130092718492147,0.18409011832902106,123335.00827288721,0.10595614895255644
772,4.4073966853343185,0.8427034233900919,0.6690535139913941,0.0003022298809230078,0.07033359479597523,0.0017390153312010193,0.23127467058390477,0.15631261862629206,166520.98758086358,0.18949419311471377
773,1.2844449863088232,0.7703567156809621,0.6324868487498541,0.0005522340655098868,0.3367347258134922,0.0038095269889746528,0.09000683505725439,0.19838479390858146,75120.67751926454,0.19801044446211402
774,1.0919715036484057,0.7448038674841626,0.8709552255003133,0.0007267827371531958,0.5928250851325766,0.0006411653405929521,0.06498643465635075,0.11850072034998266,155591.84390896495,0.05557824505913159
775,5.148680869503699,0.6286397237623927,0.8278368467798087,0.00012562505559092865,0.21387861195832042,0.0037106076093431236,0.1632867901380738,0.07089466918082986,135238.74387815536,0.12459577360712953
776,1.6605480515774913,0.939358335947903,0.9130186142633765,0.0006281166074637698,0.34330876107866065,0.003018189681662661,0.137584283760193,0.19780001577972445,156646.5074531061,0.24659011250152785
777,1.7714930536735196,1.0034602812229312,0.8500228426023051,0.0005201469807980569,0.18619833221938314,0.0017064501190976345,0.19559226146443792,0.1429708936404671,154174.7115389221,0.10690709898907298
778,28.61376743793243,1.0269842524484938,0.8899531703011582,8.286521627125409e-05,0.08420651989942562,0.004453695554564224,0.16906326788437442,0.01959756634615846,103352.10393754505,0.21456854459427227
779,1.3605162791245804,0.952943674738564,0.7816307497962464,0.00039538769269841005,0.1950315402550032,0.0025442537979681757,0.15585554874783714,0.10525112063102976,104315.3059573374,0.1392328174085508
780,1.8348315074679435,1.1839634899061426,0.888334140606187,0.00014520183516502453,0.11991818783149434,0.003584637781551426,0.08234629699593744,0.09790821333485387,171724.27291973235,0.13801599098595657
781,30.905453848614254,0.7275855233763115,0.7656744466082199,0.0007467498097321604,0.5692382585813454,0.00190972709220884,0.2879554381943607,0.023611631534204938,163592.59891135193,0.1909049369591258
782,12.511461405480171,0.9430588526558454,0.6140987495554396,0.00015415120618510596,0.2543070448019245,0.004955998495480811,0.1258150206766674,0.02417328561780745,109034.38309759155,0.17032004274773271
783,20.369724796498616,0.9537745464820726,0.6170278663030805,0.0008943586754564852,0.5389814634316806,0.0011563491329333031,0.254781267307066,0.02842796114652231,154944.44412845618,0.1471851081072953
784,2.2666074986957145,1.1222559215635768,0.7461513040096442,0.0005734860326975002,0.3611701868385518,0.00451140771102409,0.24533733721320633,0.06972978870207747,74679.34866029379,0.14775873124910258
785,1.3497469023230257,1.0571707388990623,0.7766673514452658,0.00046147522840587124,0.29746116524168403,0.002300466220304479,0.26658638814066377,0.12114194204331874,146404.01944549393,0.14504550968775148
786,1.124777572044054,0.8457769962574622,0.681487799175721,0.00039600173207118275,0.3475469479352298,0.004794589511194637,0.27251079127769207,0.132900462483748,155977.3945433829,0.11504325730996574
787,1.8364246991678421,1.0243251756942455,0.8001981777737902,0.0007963626226546135,0.4390693669756236,0.0028491173398590267,0.08094540283812988,0.17319071466567335,137509.98355912854,0.197182558890246
788,1.5003460528119754,0.9461133499038896,0.6185060350973344,0.000570674138845742,0.15416773008411536,0.002431594891569987,0.2742160700609238,0.1237408109632646,83091.20800063162,0.16187056464724547
789,4.9150522445315925,0.6113841501249188,0.8753649661096314,0.0002460414076958661,0.43808973626348807,0.00444951356083012,0.16105736733348658,0.035948680285180744,172341.8171988661,0.07405663528778315
790,12.248826361706325,0.6269901863849447,0.9016910174999168,2.4239985105518964e-05,0.2903595808839753,0.0021331884750565807,0.26491210260968984,0.08035957304968391,132822.57853784962,0.21138420482507925
791,4.2112710328614575,0.6596001798292067,0.658854597433456,0.00014489021867875946,0.1905549889249174,0.0005391799610533868,0.12669855459065127,0.022928924828449063,90861.3351801262,0.11347648707331864
792,1.2415748242002433,0.7951744177108608,0.6095099173460544,5.944328047131227e-05,0.2644668411784568,0.0016682031728182483,0.15320570299962727,0.12289508575368424,80302.9257585827,0.1314552868583926
793,0.9895144560452775,0.6725797581011568,0.6708958103050889,0.0007523816052333088,0.37231599226646206,0.002515599260421426,0.23809749466259267,0.16554827973172292,105061.5789963998,0.11484355815937264
794,6.502805003556059,0.8788941199471998,0.7424767622568486,0.0004846873384481485,0.2741215843591668,0.0012453282332219328,0.2715389740068891,0.012126395580673877,73809.7646259852,0.12700973592602766
795,1.1330332424795864,0.7477896575464827,0.7941476075205416,0.0007854289724636509,0.21753706308107895,0.0020930550149478987,0.07097708889521258,0.13501948580370757,175616.96253970804,0.10383194767545947
796,1.9731146556406227,0.8239831322749245,0.9448580504124307,0.0007822416390025342,0.34564459639740686,0.0021763870374159906,0.2778731829582755,0.19358230254406783,84414.82882161281,0.17715979889099653
797,1.1409766099479755,1.0976230708691324,0.701237309191902,0.0009721097222284549,0.05029861243885949,0.004674183398610894,0.1705465649688671,0.09293041074442035,60120.127033570745,0.1403484002378465
798,11.54057745645404,0.810850752185756,0.8212724292610879,0.0005855740072939062,0.3306806318813652,0.00032287517853781455,0.2347957363987142,0.0760307028878359,160738.52659463685,0.16957355030013466
799,4.1173161836447685,0.6737861789636229,0.6488775939030633,0.0005569226024212125,0.2037020641047776,0.002216615917035682,0.20261132736656862,0.07906098022822933,96076.60182390967,0.16261631558825854
800,4.248501791166482,0.8055811537884319,0.6914761866843262,0.0007529413071054693,0.2989949446183236,0.0013050485964503688,0.295755486789417,0.13642019919366907,98196.47301786984,0.24148343473979317
801,1.2556716562363412,0.6095247696966748,0.8421457711369097,0.0006467968486274446,0.05112613241994911,0.0024349918553305287,0.27536124849613497,0.1199027334577698,115175.9209862286,0.11832596094999298
802,1.4922051295524748,1.0219798050328048,0.8668628345241909,0.0005385933222477706,0.4830178792193245,0.003280576652967972,0.06938077907757707,0.179053635442987,109579.56393580794,0.18454128082623483
803,1.2405497743577087,1.0033475479040246,0.7235481563226406,0.0008129684660732752,0.5051067593002392,0.0018540321282675865,0.0942966592295948,0.1343226156311881,159850.06375556282,0.05618950410570529
804,64.15467602862422,0.8776155190340309,0.927686747294268,0.00044513307909931196,0.17183642058617948,0.00019693018135624263,0.12028362095459243,0.0016862751912532171,143643.61612540082,0.2035931688724007
805,12.485435038164976,0.9680656252439463,0.7061124863694985,0.00071809172023033,0.17884186907906463,0.00251966249078328,0.1407497946858332,0.0179933038596523,102938.5222716734,0.23427973793327478
806,2.0667919630427964,0.7254517928084823,0.6686303779072481,0.0008213023471817201,0.26784739875063734,0.004362589539282046,0.19227555785388806,0.1413936013073131,168540.91081385108,0.1061512716007797
807,1.1913842631755405,0.9394242286928394,0.8388342604863672,0.0005655750935178497,0.08594834375001878,0.0007284073349481065,0.06626233035220001,0.13196768423738303,126214.22248521767,0.14880226428877874
808,4.621938858992745,0.9138479757110722,0.8737884480209259,0.00019265969616785278,0.4228882943296031,0.00496056163275296,0.2232464538472415,0.04559303504378063,128388.39488221314,0.10192489614123612
809,1.3922892796115809,0.8723556742159498,0.9282616291157161,0.0006413253200234971,0.5686908230745533,0.00035412770795757324,0.2846898323353366,0.1120231954501598,90350.52866996558,0.15658830346831165
810,10.777620647158578,1.0081040852589693,0.7633053546656008,0.00036211037125989535,0.467461943059456,0.004430631964161838,0.10613705152080329,0.05480711925285711,179412.7771915876,0.13650963432243696
811,2.4618226946040638,0.6030955704682717,0.6681128488268482,8.272709252847991e-05,0.3645007893012471,0.00022432250046951126,0.23436104473774877,0.08977229940331276,110407.4482909533,0.10558660614250821
812,14.077759877510413,0.7499904969194985,0.6575685513409124,0.0003114950517921245,0.3942970778339511,0.0005739578771336111,0.16999160504331612,0.014888073380284328,110858.43082467528,0.24561912222139382
813,6.778873511137786,0.8005815215729516,0.6876433147974591,0.00010873281265871928,0.18109756691263212,0.0017699296428213699,0.06360821504450177,0.12525942166903734,131103.69246949634,0.21161181483272246
814,1.564043843700659,1.0654496830700249,0.8168482944628992,0.0007643344718931249,0.3939418166544355,0.0029367788993690104,0.07138367476784731,0.18870951544182127,155293.3343381378,0.11671769100379203
815,0.9761783548789814,1.1086152867676184,0.6227598765784963,0.00012840825487628747,0.555513683269269,0.0022654001762603612,0.12536776850137604,0.06265588684392531,64001.24106770318,0.062137389058939174
816,1.0609059135345167,0.9355548309633275,0.7032208695819621,0.0003820740285611256,0.10270663827297154,0.003784620452779749,0.1082779960047132,0.13551289149491483,67894.83109279952,0.17523704235529752
817,38.563370000881314,0.8303520148882675,0.878307637198545,0.0008800582293167003,0.39057680484431123,0.0017641207269543033,0.2843962130616905,0.0021213091215658733,139166.8837881161,0.16991517065089168
818,7.5505979991661185,0.7154887904584701,0.6359413788043037,0.0005955799325599231,0.08714945969050802,0.00396814047634467,0.09840363544294607,0.0656387337860664,114489.2116044875,0.20658582750852716
819,12.0534437543008,0.8526042020979492,0.8536180627889767,0.000445179689293634,0.1837338628301023,0.004005425361662707,0.06512279571533343,0.05125722044019581,136483.648278324,0.16464242655930164
820,1.5448790813745161,1.052624181022094,0.708915884079658,0.000885336688128133,0.47652261540363405,0.0008223044067670883,0.1271686036201743,0.19194827027872946,112301.7753778032,0.11233337161618813
821,21.670414774392516,0.9518639474705315,0.8374051310167471,5.8260328480228465e-05,0.32890932709389237,0.004192357155988399,0.2646755513820933,0.0016163684691199443,104259.59942067062,0.11858006312111607
822,5.678397391084887,1.1451001310404891,0.8748423324819007,0.0003422103717488514,0.4173230764392672,0.003504429726228273,0.29548081395663767,0.04007438069664655,83448.85555789837,0.13441222808333653
823,1.5472888162837917,1.177838933478268,0.8156360980486203,0.00041927659307636645,0.13925399264444666,0.002326080260373032,0.24729784673180993,0.11568214977696077,99737.4521362859,0.1699524606651274
824,3.335329621882739,0.7338150532240594,0.6805959035701145,0.0006242960975611611,0.18146047193117743,0.003699472269899451,0.2881470572476325,0.0007394144516692292,86328.70577569626,0.05843842997540634
825,10.3866234724638,0.710546707329531,0.9464573152538678,0.00036345432881178117,0.09055213627843306,0.00024708618460587284,0.07879732314944633,0.04106327205942953,148809.76650945406,0.11630302191864149
826,1.0063481338228095,1.0593196408148522,0.6153666890513766,3.065588770004912e-05,0.15880374689590543,0.000953318384832372,0.2713455573879161,0.1171372784863543,83328.41333568207,0.10811524307788628
827,4.466586773468794,0.7071248584806362,0.6075222098203532,0.0008430385392943533,0.5508569226090209,0.00020286942626598513,0.21936309474938276,0.11090099103147427,100778.0991621621,0.193767334780521
828,24.434515171515596,1.1616684625010372,0.7067753323143071,0.0002409097829406784,0.49521827366048565,0.0033384527045463245,0.28529043891826034,0.022193801907276024,154489.68966455298,0.1257845515830356
829,3.7911250560213436,1.1270327018690502,0.6228821317961265,0.0001452878135654359,0.5582855069781621,0.003995000770905923,0.0979203230376443,0.17633275901335188,179723.38970589975,0.24542036920640292
830,1.3194829466195743,1.1861889241761399,0.6855923736270871,4.714899716764158e-05,0.3888154042737873,0.0010266006051505626,0.18386708552796904,0.11990983252158785,104910.63623245203,0.12563910587780758
831,7.959733740978634,1.0773671520355639,0.9054980221708154,0.0008516511357334347,0.582611369127372,0.004440588010073111,0.10230939337480542,0.010651795013933076,99321.67254135458,0.20791755787814697
832,0.7530474751664461,0.6389238245819517,0.7780148318845074,0.0007515567299167787,0.4047893603378902,0.0025948767344199405,0.17464694402905623,0.1327004397137261,116480.07523208606,0.06628154037097873
833,2.380251906993132,1.0167058042435215,0.8504774554410066,0.000495297233315441,0.19758450217286255,0.002064635745635013,0.28029630592209187,0.07477574426751683,98618.77594514507,0.14285345551222342
834,3.776123722250114,0.7218002980295422,0.902108892292042,0.0003965040754629309,0.2182994699758482,0.004454673754779298,0.19284259668962905,0.043905256531960694,64392.5385539528,0.1667965243007798
835,6.047666517965245,0.6805981893164936,0.6294098522757501,0.00044506081009881127,0.24336622339932368,0.002961414901179077,0.16631327776659666,0.1101103947829588,104892.88263427845,0.23709978139762816
836,3.327732253003232,0.8453716652133103,0.881576562852711,0.0003177034053187553,0.26030400964315986,0.000979872081907642,0.10844759990577561,0.09351019774750718,111132.2812299292,0.17422516396101412
837,7.9810405467666135,1.1055620335121374,0.7794768463174117,0.0006440107448032563,0.4822303127648958,0.00464036900412987,0.07460227742528149,0.016483702204403008,103091.15222228394,0.1790709705291516
838,1.229820643635567,0.7179877937217384,0.7152344523929676,0.0003034128671546737,0.4985606288363454,0.0034493427160583157,0.11861613912627554,0.04006131937169706,64593.76622381155,0.06426973545586599
839,2.166060212717144,1.0514300139971913,0.8589373520768729,0.0009124701476013237,0.05469363312081877,0.0015674233450073134,0.2555772139628089,0.199681019566952,179759.48465275625,0.19112852752809828
840,6.413244238272528,0.9479722682735594,0.8293579776150118,0.0004725319898012053,0.3319558351792472,0.0038296866324714967,0.08732028578494884,0.08115169677415686,108457.33697338254,0.206625650818411
841,0.9288954084489561,0.8846629510837338,0.7805388726700192,0.0007861886735935706,0.4666917145833825,0.00364030072160474,0.1653502843168742,0.14982741506379102,87231.15628063906,0.12950105701026096
842,16.17721508634707,1.0620786396053274,0.8442794441893007,0.00021037516875000388,0.29748456455110955,0.00283638940488927,0.14367504183007446,0.03756931041001226,97568.98001951128,0.2083829776732264
843,0.9638908621201465,0.6058086924245962,0.8836404847398165,0.0008344645826690479,0.236902233019619,0.0021538218474836997,0.22144070147094536,0.18867080023557703,75401.4768948304,0.16550168972276183
844,4.4373158173031655,0.7956477087152977,0.6081339441139407,0.0007855724529860674,0.5571793047824808,0.0008530870734787901,0.28815938643041505,0.10752080127542794,153437.20855461236,0.13067374343103405
845,1.346244363096761,0.9647023628974499,0.9034306644410643,0.0009801919433097335,0.16231254020170094,0.0020141171180618946,0.18362264518893107,0.12060055719875125,135580.71684760967,0.11605010564355683
846,1.6338324721932689,0.8709211959198264,0.9131603282438658,9.414826509544429e-05,0.10737224758555769,0.0028092431990088284,0.05801478852792609,0.11390300238421283,73036.60273150327,0.08766773562845238
847,14.582544143895035,0.6416946213454543,0.9370480946083586,0.00028453380299870974,0.17817168429574398,0.0033318924767489645,0.06749485815812588,0.037338421045241856,118633.59870926007,0.1878049099495469
848,2.457696321250483,1.1158244084260422,0.743801432005218,0.00015787841957513632,0.11090917155910816,0.002728619794176702,0.16956278559405868,0.03436514336879859,122223.80162273085,0.061490636123198654
849,0.8202572950030969,0.6779593700339603,0.671986951741688,0.0004327684756597743,0.44031938773122387,0.0024264221189769213,0.20092736217210327,0.17313989878666355,174611.61187611893,0.0637525981500639
850,10.132350099406567,1.0109015574706632,0.6964043421342667,8.4358654550763e-06,0.1284805934515027,0.00041345321044664713,0.14980922863790502,0.10049500423188812,130499.03440741256,0.2378308509443905
851,1.690844562444026,1.1275436348808943,0.7610715960110978,0.0005765566195401975,0.4555098909892623,0.001510767746469868,0.2702485183605847,0.18206050778810542,123102.78057654928,0.21151316649740953
852,1.187386385350303,0.7784692364532815,0.8145596290990736,0.0008101747800632868,0.1463194580992983,0.001320760606079792,0.2749911550762812,0.14232958673290427,144037.9847669358,0.14126132480320608
853,1.4787225138588709,0.7100665913456173,0.7990153430658352,0.0003941577662747063,0.5701280487627942,0.0012745067621704553,0.2676348979732622,0.1821666190908552,114939.37824785558,0.1966487905861089
854,2.442442082882323,1.14977780014311,0.844315397398831,0.0007226869797954895,0.16949017792794896,0.002518089128399364,0.29809743047107157,0.05837791810431619,135369.9843922891,0.10475525540494297
855,39.4450831608773,0.6631347365873821,0.8682886781009191,0.0003266871228492705,0.29801479086772725,0.001338556429118836,0.17651614294319445,0.015306727223689642,179437.9657823432,0.1605647789258221
856,0.9220493808354174,1.0498416846777676,0.7334044487795248,0.0007462114797155744,0.5206752297052887,0.002043704206385432,0.05268434034773285,0.1388971428209872,68783.45904248949,0.1424334973494975
857,1.2991974254065781,1.049205616701747,0.7696657330652694,6.916893402089231e-05,0.351635697196144,0.0012872386842708997,0.2875046060191908,0.06542207251533205,170056.43707795194,0.07293654338881313
858,0.7685694354600489,0.7023534573845379,0.606323144677624,0.0001014146059308899,0.21177955953987876,0.0027198037820539453,0.14771237553740546,0.16831250661815186,158451.2027613597,0.07805115203676778
859,0.8320232081488965,0.6920978863864748,0.7253304463794759,0.00021745576084180075,0.0689446649773287,0.0034077162407954342,0.1040416248926113,0.13547662835307758,151630.68563748355,0.06551705996899626
860,1.6602860343679915,0.9846073135549125,0.850743651621149,0.0008971128702364154,0.2648401139653525,0.0016107888294423726,0.06310381404721242,0.16230236518811356,160380.13693820575,0.1893484727259815
861,1.8929717034507323,1.15729233138129,0.7311256462191398,0.0002393017827554472,0.10026253654674544,0.002166245379574048,0.29732265624135723,0.15342284769078798,152689.1634262164,0.05093314654926165
862,1.0086117226653795,0.7323407111707861,0.9088001201585763,0.0007971272409897275,0.5067478665356324,0.0009226261485193397,0.09176181376727764,0.1337898910986952,83058.21837183194,0.11742332848984978
863,2.234534433237598,0.9372324703341115,0.6663416375863229,0.00020791219605798304,0.3479364593869831,0.004700723817174237,0.08020099034981455,0.06542829323214228,72922.05943074018,0.13313600199297085
864,4.336558777430811,0.8412836938529883,0.7106840774729362,0.0003897974728908775,0.3023267624605663,0.00042347979190954796,0.2537712229014516,0.0347243115529337,102789.15911021932,0.09275599733872014
865,11.417884602554896,0.7311365131039775,0.7055369870263397,0.0005992702273881171,0.5907063711044256,0.0005988865903869451,0.18404538257282183,0.01346625370600827,104277.59532088542,0.17998899910436478
866,28.290012131342436,1.1754208226267004,0.8099535008037387,0.000981434478962742,0.4329734512694998,0.0034217125596874326,0.2930917132113248,0.034291822093636015,162055.80404627777,0.24810625750157816
867,1.5994942551803932,1.1303802193148065,0.7112884412877822,0.0008517026582561748,0.31517170844325726,0.0017420155688112904,0.20213333053906124,0.1270706903364007,99845.58568179402,0.18874414881010565
868,2.1832606000135577,0.7394552864287199,0.8056139915929749,0.0009883924834972499,0.17793324747433775,0.003120108505478583,0.2741948565916273,0.1281183909502833,105884.56795605374,0.1670073828829997
869,0.9280146259773306,0.9718597370954885,0.6209730557959111,0.00037514910486510214,0.21313810170521197,0.0008431858684209353,0.10109633252404425,0.15144914871982595,148549.59407016443,0.11176972573458599
870,2.0247450576694135,1.167525898413626,0.8587394726057809,0.0003293611620152946,0.20296954381947407,0.0032536501508664876,0.24012347057388622,0.1196150377222171,170809.0967464224,0.05758134311149115
871,7.297579506930361,0.7730730626756739,0.608292666302275,0.0008470879106979092,0.23219864993170364,0.0012870200202502713,0.18482793803154302,0.12960928501592658,177308.1005348802,0.15417457191911305
872,27.735202046977776,1.0124099032414469,0.8518257769037441,0.0006084551344799479,0.2598172563076731,0.0016760212562931538,0.16059022253338717,0.04966760993220181,139800.7222906139,0.23132641154181682
873,4.84832930254015,0.715479268366576,0.822028435745868,0.00014239047885936682,0.16232100702120772,0.0005496210228727127,0.19815766280302238,0.013996983995528801,164384.00878755059,0.051208531952823516
874,31.771100308117592,0.6468987081627837,0.8537461866697369,0.0003121515068411429,0.44692057116810185,0.0013001322953230306,0.09410887622433013,0.04726202563557707,171817.52282772062,0.21624417572503252
875,1.2217824373411719,0.9813622632685348,0.6951512746650645,0.0007815076364926215,0.0940087845404241,0.004865520482226845,0.14956111829302737,0.08965423847396047,94242.34680213495,0.09979388609990583
876,1.4639781966100287,1.0409568627183012,0.8661135625433731,0.0008197842040717883,0.4864572306357353,0.00019707427794824178,0.14535482791698962,0.10105851085393758,112965.12850168101,0.08355320762204152
877,3.4960135571804973,0.9571100169592992,0.6534795481227207,0.0007269215869048507,0.19151044718360621,0.0023718910500306755,0.1634007764667752,0.18430649980937175,151062.99868803355,0.22080844206099637
878,14.046347531249321,0.6819938095578403,0.7642404684312679,0.00015556973128926603,0.15429419802352265,0.00016288793401502124,0.17517495216870427,0.01438792993610223,132723.0427987972,0.12502937698683453
879,2.3454987691971945,1.1641709911584095,0.9396724228543631,0.00037377175280193533,0.31925311289203123,0.003241138737193182,0.1970772513583942,0.18513821425411128,118974.44612195066,0.19506907518842492
880,1.5357404029027257,0.8308956068700383,0.7979630072178455,0.0001950339721380763,0.28996386994721945,0.0013507662428857742,0.27827149881343805,0.1843206496901475,64659.22772211354,0.13175751698762117
881,5.088614567795572,1.013093637085768,0.8437593942150221,0.000651255428373425,0.5595853159816726,0.0037047546074485765,0.11058821729892036,0.09772436862435899,121153.00361138146,0.19444905869450968
882,1.7396641945338116,1.0058553592633728,0.8441149978562181,0.0006456882035340101,0.19373188415907017,0.0023318067738927867,0.2202666210892934,0.1261905427374824,157575.16923077192,0.056901514413160895
883,1.146321285447016,1.104909539944354,0.6043180856172421,0.0007712012133390718,0.4044185648961752,0.004592725980157434,0.14941673037795306,0.19035564908773403,132257.91923255485,0.1008576068988663
884,9.100838657662614,0.7132939511955059,0.7480307009670009,0.0008299198154616699,0.18907917946957226,0.0015808758732167587,0.29192085775211696,0.10370740877084306,168119.47799952177,0.16723208572588202
885,8.184106242707896,0.8469653952976863,0.9067401645594254,0.0007279244273047786,0.09888039164320181,0.0032172832183971797,0.24417277872103071,0.06159577330042934,105934.63324255921,0.1816972119907303
886,1.5787513496242913,1.1580101195646386,0.7392895768929507,0.00030879224245558594,0.5928640212313776,0.004100307952683001,0.05039464439613868,0.14974601449001662,77125.61780424834,0.11887856247161033
887,1.644065867157426,0.9927127150670003,0.8565647825660732,0.0001714636218713588,0.25605826379746205,0.0035498312634097565,0.09950513222528855,0.10499239775067913,143558.00487205945,0.06396829899213259
888,1.1152173581654476,1.0886222729648949,0.6649733146304585,5.9923082881911236e-05,0.1505011695999521,0.0038199069562571916,0.11483797912103517,0.09013215685947557,173817.99737534364,0.08639686629565618
889,2.183200894812896,0.9746528734677826,0.903926697170375,0.0001669600064734369,0.21121907194807288,0.0019508698345045725,0.11919055071522004,0.12536747591640263,109055.08825844267,0.23045465778055124
890,1.771151225536213,1.0036827553534517,0.6352831997225232,6.199541042607022e-05,0.46348928306525605,0.00013541062593519049,0.19561136213914893,0.09557942373334519,130277.56801376949,0.11843038354764379
891,1.0117066220764617,0.6043571742281278,0.8110447051527048,0.000986909945592998,0.4687501836285716,0.004667429066308127,0.16830794579705527,0.10446690885988852,71621.02211511285,0.24752376681843302
892,1.6786661569557417,1.1340913176972154,0.949805797340932,0.0008170303448539781,0.5675450757046479,0.0033588835980930144,0.14460892455803054,0.07415702444592116,111534.43455983716,0.11740599364693693
893,1.0383037135245512,0.660106417550525,0.7599217407754773,0.0006986099614233267,0.4488711029997589,0.004451055701320483,0.08471575682178219,0.06605105073194235,102723.50806571015,0.06144830878869452
894,17.222133818869803,1.0195587728236901,0.8852681155278397,0.0003690614652370375,0.3900934325710064,0.0033284929153493043,0.1687998568916954,0.05589350603679111,164280.63380476474,0.17038183528616208
895,2.1012468970188998,1.1745282856014567,0.8844166667220312,1.761367380725975e-05,0.24811308667353515,0.0003241959888564651,0.2518894529637192,0.19723628109406421,82552.19221394876,0.13262531855736437
896,1.1307406694029614,0.8400991145038812,0.8144073209009031,8.228786202509419e-05,0.2853539542592809,0.004664269000390472,0.2827111260520702,0.12135260326346181,113316.73911234019,0.11510503989149544
897,2.541404974122591,1.0405666457929843,0.702852040622464,0.0001958818782436105,0.1287387946875564,0.002648266701352198,0.1929731562451682,0.1810405524081822,162852.0000274477,0.24737429269900768
898,12.54685001896564,1.0780924562532748,0.7054719067463572,0.0006733890984230372,0.3518106631410925,0.004386450306976847,0.09201321284549045,0.025572270896919137,120556.39389015353,0.2213605220864201
899,1.0902458864744002,0.7445409681351005,0.6740742874119546,0.0007534992682208544,0.4128598063062872,0.0005382158966124162,0.15872335171953117,0.13252842208842622,73881.43701747227,0.13925734006621127
900,2.1978390033666377,1.1415891113139232,0.8682080883393082,0.00022115565893393612,0.19169569847183648,0.0024338813577768873,0.2743777209345275,0.18579347182288886,79228.23333353114,0.19315303121391203
901,0.9199148133439932,1.0352486438689774,0.631654614049488,0.000692092763710531,0.5295673338554309,0.0046657217802275955,0.24158434667409862,0.10690866058103471,76290.77189213292,0.07461962203007395
902,6.035078116858575,1.0304656404687516,0.8576008707565056,0.0003822688543667326,0.40315621146407,0.002853309729953223,0.26403525292307556,0.07540206448758709,137278.38487317483,0.1701358840833113
903,1.0727682099050417,0.6526082043858581,0.6311987993797902,0.0007408406376213453,0.5654658578595966,0.0037486269862639725,0.07902655596442336,0.023137993054056907,86826.10028305108,0.21168949638808882
904,1.0344672843897083,0.9461501050155664,0.6005874720124872,6.282305167965377e-05,0.344581672209663,0.004250881123557039,0.2949623745376216,0.19081372377305494,162399.63708523416,0.12354740519436816
905,1.5065912992170456,1.0779391815944344,0.7819129838221517,0.0006020160210593433,0.17217785647975098,0.002037030680813072,0.18457323583282909,0.13586043407607848,103802.86109225583,0.11392859782469407
906,1.900519046876576,1.1023299927364478,0.774941432759116,0.00045632874601541414,0.38080597747762535,0.0008147664231106165,0.21633767606528004,0.188577981735503,77364.09439100142,0.14212055402387117
907,3.5695518894900897,0.7853348560737579,0.946617289193049,0.00012434054868056687,0.5982667324410237,0.003561959112528432,0.16957068672604314,0.11977606165429854,144356.01714343773,0.21025835100971352
908,1.7579560838928272,0.8260251763111914,0.9433999783066924,0.0003338114021461422,0.5053365818725635,0.0011320041198696396,0.23316452565497325,0.14082809532656623,119403.06302144685,0.21573746087507167
909,25.246375859296535,1.119259137404138,0.6626570813348336,0.00048801714694997724,0.2654943251200465,0.004923508756559786,0.21481257772515783,0.010513260846075179,144048.88963913225,0.21208373043696843
910,13.428005783932099,0.8024460885931736,0.8372645401634093,0.0009903239856731806,0.46674280177987726,0.0020162091639036963,0.18196110860771425,0.10958858190817472,178927.58579990192,0.2197036492216486
911,7.984845141230299,1.1137513319313974,0.7378203588281709,0.000131769782745057,0.46374656398000264,0.0029438800308308867,0.25126794661231955,0.03901843533085088,143565.15788113815,0.1066079739963473
912,13.18111953361348,0.6982166807822469,0.6481463358153351,0.0006962595704269356,0.2100948631276931,0.0008096321227241686,0.10453411825813062,0.09150650002752839,145150.50378806057,0.21996194412496006
913,62.615519385353764,1.0355745070702191,0.8014887339300046,0.0006786394882106316,0.5936663033227393,0.000823266750165249,0.2875995386069651,0.0018265029225137397,148238.26758674203,0.19967650353261096
914,1.6999619853677888,0.657628639141845,0.9409555659879484,0.0001804532465049485,0.0788596634905097,0.004903356123161557,0.21252445120082386,0.18519706734468266,160999.21092530154,0.1354222128979046
915,7.310446047066338,0.8423963974937841,0.6118974897383219,0.00024161456567978965,0.3187442415690368,0.003471122118988348,0.2886388409370314,0.12539450931929114,176367.23680666235,0.16867847805294606
916,1.2872277286516878,1.0771951258364434,0.8304815980148605,0.0007779530803055325,0.5256926842034408,0.0032865235885403635,0.118804010064031,0.13835896997327202,105044.59688888473,0.18055939338386096
917,10.451330671721287,0.6495821943374792,0.771226454336146,0.0006691234176275877,0.33036167378510733,0.00021283113044178,0.19324547720579305,0.024000077123385123,104078.76671397901,0.1806390947775815
918,1.0974401625822678,1.0766062286177829,0.663383807870641,0.00048470728582109684,0.40452815693993366,0.0022249167454390256,0.19285577484450572,0.1490718589641947,92846.976840847,0.16452611309215182
919,1.650187581582256,1.0771348962374525,0.6647114469995028,0.0008130550693053095,0.06086051364681194,0.00282469480265355,0.18410419744155287,0.18177610466213598,67619.79613939059,0.06988825101439503
920,5.294265132132118,0.950832923675992,0.8498121934875075,0.0007902776247937156,0.11824913072906074,0.003789642135922405,0.2914202609259307,0.10378022318652858,118627.59148830026,0.21243925173593708
921,3.1264971046212895,0.7079625338553964,0.7941526189933084,0.0008007124588637188,0.11767491677052332,0.0007311983534537032,0.10155747505396696,0.11982052131774408,81679.70078766653,0.22952045964796258
922,1.543254018310349,0.6210031677094563,0.942974952188514,0.0005066421624293875,0.249957802381008,0.002767693036354002,0.15576283182409234,0.17029002123038284,127499.5451480989,0.08224205238792437
923,4.1785252150866725,1.1677287695368883,0.7818050750837984,0.0007830190221898513,0.41253666798588867,0.002280109409133268,0.1942678673014842,0.06011999554360845,60010.26771813966,0.2390456969412556
924,1.1405982157823078,0.8112702754415816,0.7883733203910784,0.00021062966610671858,0.10445502224891887,0.004116840148860247,0.10927508890020464,0.19720390438556248,122719.95119224471,0.18902029888769395
925,2.033055940006955,1.1744537568131446,0.8107505354525499,0.00021682392750823018,0.24748583922213047,0.0007296113630578784,0.20557818565892988,0.16652556093813917,95965.10755069717,0.08761473021159667
926,1.2692717239530555,1.1421959601193041,0.7400207814546206,8.417082205262583e-05,0.18979866632885573,0.002184182483754878,0.22362884272494155,0.07635646261240384,90596.08452976444,0.06487193189538808
927,2.054914013795608,1.197215561418771,0.8438810268487775,0.0001934347929636428,0.25467824272813777,0.00332085845972656,0.25512705205274266,0.1465349797448511,68466.9655229761,0.1571808639224811
928,18.4797057704577,1.195469394867647,0.7517694959985439,2.6883953281146824e-05,0.3819839856484809,0.00047987052517841456,0.08115530597319857,0.030698281997979172,110362.37670919401,0.17098893845683794
929,7.5460041900595085,0.9841064933939612,0.7269868196415594,0.0003341838312543398,0.20028915129960545,0.004357391315778174,0.10644136718222273,0.01319187183582411,125804.2541802954,0.07199802649614102
930,0.987478480831372,0.8271794108381101,0.636750955313122,0.0009257102244301141,0.14665225475699914,0.0036688043332845596,0.12663738837247163,0.19375469717715021,105258.71781660782,0.0519726665287418
931,5.884987090089401,1.0202733214445028,0.9028894223175856,0.0005519906897379675,0.384106819365072,0.004493194192163796,0.09268685415013951,0.10579202376142174,118754.23201519897,0.21426864982664312
932,9.662819521486025,1.0447782829902106,0.938800099313718,0.0005321504556471111,0.37703933816486307,0.004263187078930372,0.16921546718535968,0.06903457761717587,106747.59970367476,0.23930206112842695
933,0.7583332918110333,0.693294769484831,0.6442289259279858,0.0003794218639358372,0.4544823061455297,0.00035903666466745754,0.23135481819360232,0.10271308379355469,61139.69625829906,0.07551444062450681
934,32.850242548672036,0.9652217943291831,0.8473753669129707,0.0001839214212709743,0.592435451557493,0.004012497603866924,0.17555731141347375,0.049822325525008475,144900.28987305894,0.24489996935449643
935,2.057865526950024,1.1288326260021861,0.8849081376945036,0.0003058822438120813,0.5218568108813334,0.004742527777684788,0.1516286961186275,0.18833540189037742,111331.80992656469,0.10516459487768459
936,9.105413517344617,1.0379718180300448,0.9307034319845717,0.00016594801243201927,0.08157633726687591,0.0037427063390662457,0.18853994371292926,0.015894973392327438,70816.87119723261,0.11254738248176217
937,1.313828656587064,0.8543901741968083,0.7780388267811722,0.0007310665689579544,0.3138107711359326,0.002623556286521979,0.2994886064469333,0.19243326626479132,164922.35542299866,0.1485701066379948
938,12.45461178719918,0.9697719642081142,0.918810241974809,0.0007461713434404356,0.44278804014428247,0.0035426993974908556,0.2374169881363597,0.08109429033681788,143745.8343428596,0.22761610676707228
939,2.0616025577950254,1.0940180361233707,0.9081161635423413,0.0005285833067997845,0.38505648466420006,0.0030761303774892905,0.2911618459383628,0.1901736779815837,148677.97821269103,0.098845249405834
940,9.449387769216022,0.7350411467618384,0.6262928309177445,0.0008395695261745564,0.3325264662080283,0.004767169651012437,0.15568056720403556,0.10470328316658528,165831.66786764003,0.1849044336828371
941,12.19652274755835,1.1484271050053678,0.687417828225376,0.0005395805028671494,0.4715276511147125,0.0006775404633679779,0.12479449824080742,0.022646701839504527,104794.04387151753,0.12581895317209357
942,1.0978440445946647,0.9413051667524344,0.6761121181627342,0.000305514979632049,0.5632112940961437,0.0032505708137608477,0.25643184686716247,0.14760514442797965,85567.91335544076,0.10870900789611158
943,0.9882368073075827,0.8929598766155394,0.7245104223643384,0.0006159147181875521,0.23070349070498986,0.0018340744474910488,0.05128860278003232,0.12354973830037085,115566.83769151024,0.05708582540663239
944,5.0340994498090685,0.6608026672786644,0.7722161417390447,8.565903559004861e-05,0.3328752297474479,0.0008531822652557742,0.08096066212860702,0.07090646476874311,82338.92476743586,0.2280392553246522
945,1.1404011564636858,0.735657139736557,0.7383755891100191,0.00029998566766180996,0.2855878084205564,0.0009926919976509672,0.25288596352465764,0.13132668919881396,78675.64806590759,0.14748243094520336
946,0.8705743159254481,0.6971005803639042,0.7238082219770691,0.00043452619454118917,0.24758021038746042,0.004365518944525534,0.09961615448941595,0.1678714922656964,112628.64827181069,0.07173899857605881
947,1.563037893753735,1.0463543921614296,0.9153492336054316,0.00016115218858822142,0.1594455582768225,0.002448545427639218,0.21631072383919486,0.07890920105733837,64830.75690300494,0.08791341377034748
948,1.6084679754583195,1.0798920512873074,0.8500123355135463,0.00032556281082584575,0.4704159902720571,0.004420656001265291,0.1754646456353265,0.11002473457987248,110531.43872833355,0.10315992402850434
949,18.290564457476897,0.6658396704093155,0.6377578547406907,2.2131054498236285e-05,0.13554809383501337,0.002550004563978909,0.24184623786143522,0.07776970137866984,161167.54963306128,0.23471225014611063
950,1.5931979519528565,1.1858631160725064,0.8581010446161784,0.0004348941864200892,0.20920664597468708,0.0024810532950223455,0.24022497428385903,0.06842819963345684,141397.2382216177,0.09730098702317452
951,0.972240024788658,0.7496800718358404,0.8683546616901232,0.000864302638815844,0.5968413832450336,0.0013120364171640513,0.2551523540712128,0.10224796710440552,78299.48699109128,0.09954945984127098
952,1.8217548853197294,1.0206869724264296,0.775816880269983,0.00018200706125408645,0.5959034176184204,0.0029968613749865344,0.20861929794536177,0.16199049368957413,144775.30787830078,0.08968249182983164
953,13.997591489947437,1.1942392775066675,0.9251844160346179,0.00042687667406084894,0.38905704699310595,0.0005455836090096499,0.06273884136295439,0.00767328630963211,75875.49752111717,0.09587683844635067
954,1.3838341502324367,0.7388565892954553,0.717662248008896,0.00047971604237920327,0.3304250309980664,0.0032549784619593015,0.12607249749834637,0.12666199502367428,96773.51358547108,0.13145943809296368
955,1.8579010062830659,0.8508445199443487,0.7119443097210465,4.8508837808444146e-05,0.07248902097564008,0.0003554401214131016,0.23618867606230004,0.07020490275559664,93666.71288877612,0.10384921783741735
956,0.9098347059643178,0.6604570199440756,0.6646940010658805,0.0009483798575758566,0.24996968346726284,0.0015913478057570023,0.07422180523899856,0.18169639498967205,116646.97970166148,0.09239551020460868
957,1.7716838379853301,0.7987270401145609,0.8594522359483863,0.0003620235786005041,0.4783445691607973,0.0026914241117469784,0.14289807125600468,0.1723948540245117,126212.18720417943,0.052732316677214966
958,3.8499340164581644,1.132316279886807,0.6456698918368333,0.0007428448493125535,0.11619489098020949,0.0029741511348248856,0.27804420792319134,0.0768098713267314,85203.99622708012,0.18004966866366112
959,1.1641000407221784,1.1553003837107303,0.6262078604075036,0.000547032443824346,0.23859388281264915,0.003654218229827081,0.29741115376537297,0.14093201077844172,82852.03205906822,0.18087103190632037
960,13.207923209648378,0.7150240365484918,0.7926734886993549,0.0002532729820884397,0.5323914383921424,0.00428184764195853,0.2767037118977793,0.00876222122882595,146492.33593374997,0.090399823387798
961,14.764478255163993,1.0303955247287255,0.918797212858826,6.864078738047029e-05,0.28045228859834004,0.004663528402648693,0.17596735691816578,0.08969644401947355,167389.5633512843,0.24502523146173288
962,0.6950132989851234,0.677360541923298,0.6159058290312515,0.0005666085935960159,0.48691470909759915,0.0034996363373990015,0.23517879920924734,0.13934124554319224,131898.43947364268,0.05437497968515026
963,1.2324716916758283,1.1829230505599924,0.6579313770175779,0.00075097706361688,0.2612827309174405,0.003918923650027884,0.15021223986003246,0.174051143994164,142163.31350726174,0.12949876561019702
964,4.097464605161236,0.7306846332197461,0.8438526116542626,0.0008792758618868789,0.484855782479328,0.002331660835956834,0.2269385053228199,0.032000611084547596,82087.96084249068,0.1042988377912709
965,8.140714605796393,1.0249528226338982,0.7932528223222954,0.00017193798778731764,0.07508685621217775,0.0012672621967645896,0.05977266885268566,0.04406726553494287,96409.22056359804,0.15501464047854335
966,1.634275964677691,0.7622609132828541,0.8767174614074229,0.000642770711168972,0.18695444087866647,0.004134710306889301,0.18364873103086804,0.18544959147717266,166032.29666747735,0.0796278952688664
967,0.7502355882089342,0.821466097196468,0.6291361546609531,0.0007057562555603863,0.3521012898178472,0.0036381899956963713,0.15208572055834485,0.12103190715941581,101695.42786420841,0.050279992295273385
968,28.43323285259094,1.0895532936323054,0.8883761251301996,0.0002200603131185933,0.5808751054393455,0.0009660026718254184,0.2929011762433471,0.011452686229281573,98956.21685856099,0.17229640676810642
969,1.3088337867240316,1.0683079119768495,0.6372549563863186,0.0007460240191923625,0.2600895376511735,0.003303741121746534,0.26750644711075283,0.15563719859572783,177451.48646949106,0.15747773894267914
970,3.337755177742387,0.7323834225129918,0.6940777258677149,0.000582082135708413,0.49425312855855913,0.0037891987185014087,0.08891036928828043,0.16336940592852964,126105.33643319517,0.17686110824993506
971,1.760285807245474,1.141300886030526,0.6327918717532337,0.0001823320303256118,0.1517654124541498,0.004325525639675123,0.09721498036693406,0.07372800133874145,147154.33487347089,0.09634462852748021
972,5.562400360330222,0.6126283823407898,0.657021527065624,0.00017855653506280254,0.26680853425004886,0.0030783281767402236,0.06736352991968832,0.12951285434073842,147537.59906924365,0.1481036766519473
973,1.7294264582606604,1.1822312790267362,0.6350818295293109,0.0005272517714288384,0.44972054371792297,0.004059164360595969,0.20082337912121778,0.1818262109832745,89430.460144601,0.06440973792432998
974,1.9563507903355677,1.0580674536400307,0.825568739526996,4.4696302496245934e-05,0.18658861945245186,0.000509618175860619,0.08565890144295689,0.1653124496542693,62485.90985837773,0.12557502595184825
975,1.0785917436481525,1.1745706146582693,0.6372186306106266,0.0007363953787642501,0.2361144544109412,0.003566533199074338,0.10058041054612042,0.1932721525570693,61619.628482222935,0.17547687530463513
976,5.201849275139235,0.6978866650494262,0.7161147118927385,0.0001553588103098053,0.08073152861699115,0.0034910018698166125,0.20687146325337308,0.08886523964325327,127542.14813624944,0.1460850861067649
977,6.262439242579128,0.778043094735888,0.7790398456920675,0.0008366469013979241,0.12800926454861256,0.0045696181148225995,0.0560002174725293,0.020563062346938388,158990.98817514704,0.07461510303796515
978,1.0118593073425997,0.735530635364462,0.9076465363766708,0.00038535906355887295,0.5363231524316083,0.0041316458636366715,0.07810216786678988,0.13107291949815483,77685.18121836474,0.13542708662954428
979,4.506518252035422,1.1735094410858196,0.7250577664129546,0.0006160810712009003,0.11509303374790715,0.004624266076319224,0.27996840083003843,0.020347250933150176,73216.27845572453,0.08391181229169375
980,21.78845911695169,0.9182883843847098,0.8098640197029554,0.0006797538783983835,0.13262101964067408,0.0033696395864120684,0.12539094169579124,0.03561355535481632,132540.76583782103,0.2291172981908125
981,8.985368190145472,1.149740613248575,0.8316061003445787,0.000932948952266094,0.4958956781688448,0.0035854027428742444,0.06909237315665208,0.020784512566169002,101806.28199166253,0.21351250899881952
982,2.661622914605666,0.9935124731656421,0.7120896011719335,0.0003912089749220662,0.44673890499970237,0.003949175860614048,0.1696080033008936,0.029728589620864443,171971.3938039983,0.05043575296061331
983,0.7943336787722888,0.7670856854826263,0.6316564564635507,0.000994776910993518,0.15002978497851244,0.0019865852484686887,0.1298289449777575,0.191917062888604,129341.14553998692,0.06346272694045905
984,3.4516894831643263,1.076100954279024,0.7167128007738102,0.0008023387874594796,0.4096748222178421,0.0013049497960329617,0.154664907882622,0.08278886914512978,143210.50015644627,0.13476641398860295
985,1.6372314035913977,1.0928425188218704,0.734619538704054,0.0005813829733670215,0.2820124185816963,0.0029315945536293347,0.2233747381927298,0.10649488648207867,124052.47762137777,0.14942045888118033
986,22.607504298596847,0.6017196634558424,0.9478668592699488,1.813749694851065e-05,0.3571059574235937,0.004792317279835076,0.28022602519049555,0.04703861379878138,144371.1975996943,0.19965669992466867
987,2.0246908815143443,1.1200635050772734,0.8866536583659965,0.00029540259084051844,0.1292771332665442,0.004281229808944105,0.2929549003603715,0.16975029982526468,101921.70413809287,0.06191547797823238
988,1.5538343633297742,0.6335193995252044,0.6482304594742695,0.0009620899333960187,0.4371795708588668,0.0019495578377850312,0.05658672060095245,0.16556436154929877,89099.68901640538,0.232590781779702
989,4.271994085284232,0.9976483922374564,0.6258196034795739,0.0008375997573460023,0.5287623374685291,0.0002479100787620592,0.14131105456739196,0.14028035269083058,104602.10775204003,0.242982638515098
990,1.3159541742703267,1.088226755335159,0.65240102870685,0.0001832420870236677,0.4589568661679462,0.003765724909190126,0.224640981385048,0.11383663092712758,69247.8355876902,0.0657986584976998
991,1.850519334137871,1.0688381447412691,0.8433364585386462,0.0002874823014896765,0.13573803479224766,0.004417669996977046,0.058029776819373644,0.06746739811297302,109382.69798984297,0.10990153919187858
992,19.112308255383162,1.0996080566508506,0.8379662404349795,0.0008761005372169779,0.35478575670178014,0.004164639330390589,0.27978755752009365,0.002173515254841263,120395.45073540401,0.20022658582565217
993,5.059571492514187,0.6940803823105735,0.9405928152216805,0.0005219795437170768,0.5878594560406369,0.0007131534445387141,0.1029660608626947,0.08473405231751537,145122.33784256713,0.1503744874984532
994,5.8260736466839145,1.0475974424600036,0.7957530007643937,0.0008418712764988247,0.49910735957946345,0.0023953368689070614,0.1282974151013418,0.03673875454441451,86268.76955535199,0.17380875208377367
995,37.01616385411364,1.0820035563624417,0.8263265184944694,0.0001955358587253812,0.10962048513755224,0.000481262025067493,0.2007975417725691,0.03296487190525479,159270.44157427852,0.178378166861981
996,3.2477537995663974,0.9249407489886785,0.622861708508197,0.000597513645067558,0.4660867922032464,0.0016146885515745328,0.18792284429394812,0.05644138628655731,63365.86317974023,0.21932185491244743
997,3.6529364167318206,1.1859978880142692,0.7976788846083438,0.0005641755827032587,0.48462413673172766,0.00032383500214993655,0.12864507305102596,0.05383360249555014,63884.01500016613,0.17767779220521734
998,2.84061916685678,0.7694413078966991,0.7393477359792264,0.00019568882282195962,0.4635132488969915,0.0036558718118339974,0.293462685736859,0.07132982872676763,61017.44769264008,0.23870182828397285
999,2.7225371529429183,1.044870805011295,0.6353510091138034,0.0008076868388674045,0.13260266194512632,0.00297715999559119,0.14552793293623817,0.08145731225089903,71685.58031140403,0.19053136210841898
